Group,Tag1 NodeId,Tag1 Name,Tag1 Value,Tag2 NodeId,Tag2 Name,Tag2 Value,Timestamp,Scan Rate (s),CPU (%),Memory (%)
1,ns=2;s=Channel2.RX3i.A1,A1,,ns=2;s=Channel2.RX3i.A10,A10,,49:44.1,0,0,92.6
2,ns=2;s=Channel2.RX3i.A100,A100,,ns=2;s=Channel2.RX3i.A1000,A1000,,49:44.1,0,0,92.6
3,ns=2;s=Channel2.RX3i.A101,A101,,ns=2;s=Channel2.RX3i.A102,A102,,49:44.1,0,0,92.6
4,ns=2;s=Channel2.RX3i.A103,A103,,ns=2;s=Channel2.RX3i.A104,A104,,49:44.1,0,37.5,92.7
5,ns=2;s=Channel2.RX3i.A105,A105,,ns=2;s=Channel2.RX3i.A106,A106,,49:44.1,0,0,92.7
6,ns=2;s=Channel2.RX3i.A107,A107,,ns=2;s=Channel2.RX3i.A108,A108,,13-02-2025 14:49:44.076,0,0,92.7
7,ns=2;s=Channel2.RX3i.A109,A109,,ns=2;s=Channel2.RX3i.A11,A11,,49:44.1,0,0,92.7
8,ns=2;s=Channel2.RX3i.A110,A110,,ns=2;s=Channel2.RX3i.A111,A111,,49:44.1,0,0,92.7
9,ns=2;s=Channel2.RX3i.A112,A112,,ns=2;s=Channel2.RX3i.A113,A113,,49:44.1,0,0,92.7
10,ns=2;s=Channel2.RX3i.A114,A114,,ns=2;s=Channel2.RX3i.A115,A115,,49:44.1,0,25,92.7
11,ns=2;s=Channel2.RX3i.A116,A116,,ns=2;s=Channel2.RX3i.A117,A117,,49:44.1,0,0,92.7
12,ns=2;s=Channel2.RX3i.A118,A118,,ns=2;s=Channel2.RX3i.A119,A119,,49:44.1,0,0,92.7
13,ns=2;s=Channel2.RX3i.A12,A12,,ns=2;s=Channel2.RX3i.A120,A120,,49:44.1,0,0,92.7
14,ns=2;s=Channel2.RX3i.A121,A121,,ns=2;s=Channel2.RX3i.A122,A122,,49:44.1,0,0,92.7
15,ns=2;s=Channel2.RX3i.A123,A123,,ns=2;s=Channel2.RX3i.A124,A124,,49:44.1,0,0,92.7
16,ns=2;s=Channel2.RX3i.A125,A125,,ns=2;s=Channel2.RX3i.A126,A126,,49:44.1,0,0,92.7
17,ns=2;s=Channel2.RX3i.A127,A127,,ns=2;s=Channel2.RX3i.A128,A128,,49:44.1,0,0,92.7
18,ns=2;s=Channel2.RX3i.A129,A129,,ns=2;s=Channel2.RX3i.A13,A13,,49:44.1,0,0,92.7
19,ns=2;s=Channel2.RX3i.A130,A130,,ns=2;s=Channel2.RX3i.A131,A131,,49:44.1,0,0,92.7
20,ns=2;s=Channel2.RX3i.A132,A132,,ns=2;s=Channel2.RX3i.A133,A133,,49:44.1,0,0,92.7
21,ns=2;s=Channel2.RX3i.A134,A134,,ns=2;s=Channel2.RX3i.A135,A135,,49:44.1,0,0,92.7
22,ns=2;s=Channel2.RX3i.A136,A136,,ns=2;s=Channel2.RX3i.A137,A137,,49:44.1,0,0,92.7
23,ns=2;s=Channel2.RX3i.A138,A138,,ns=2;s=Channel2.RX3i.A139,A139,,49:44.1,0,0,92.7
24,ns=2;s=Channel2.RX3i.A14,A14,,ns=2;s=Channel2.RX3i.A140,A140,,49:44.1,0,0,92.7
25,ns=2;s=Channel2.RX3i.A141,A141,,ns=2;s=Channel2.RX3i.A142,A142,,49:44.1,0,0,92.7
1,ns=2;s=Channel2.RX3i.A1,A1,,ns=2;s=Channel2.RX3i.A10,A10,,49:46.0,0,0,93.3
2,ns=2;s=Channel2.RX3i.A100,A100,,ns=2;s=Channel2.RX3i.A1000,A1000,,49:46.0,0,0,93.3
3,ns=2;s=Channel2.RX3i.A101,A101,,ns=2;s=Channel2.RX3i.A102,A102,,49:46.0,0,0,93.3
4,ns=2;s=Channel2.RX3i.A103,A103,,ns=2;s=Channel2.RX3i.A104,A104,,49:46.0,0,0,93.3
5,ns=2;s=Channel2.RX3i.A105,A105,,ns=2;s=Channel2.RX3i.A106,A106,,49:46.0,0,60,93.3
6,ns=2;s=Channel2.RX3i.A107,A107,,ns=2;s=Channel2.RX3i.A108,A108,,13-02-2025 14:49:45.987,0,0,93.3
7,ns=2;s=Channel2.RX3i.A109,A109,,ns=2;s=Channel2.RX3i.A11,A11,,49:46.0,0,0,93.3
8,ns=2;s=Channel2.RX3i.A110,A110,,ns=2;s=Channel2.RX3i.A111,A111,,49:46.0,0,0,93.3
9,ns=2;s=Channel2.RX3i.A112,A112,,ns=2;s=Channel2.RX3i.A113,A113,,49:46.0,0,0,93.3
10,ns=2;s=Channel2.RX3i.A114,A114,,ns=2;s=Channel2.RX3i.A115,A115,,49:46.0,0,0,93.3
11,ns=2;s=Channel2.RX3i.A116,A116,,ns=2;s=Channel2.RX3i.A117,A117,,49:46.0,0,0,93.3
12,ns=2;s=Channel2.RX3i.A118,A118,,ns=2;s=Channel2.RX3i.A119,A119,,49:46.0,0,0,93.3
13,ns=2;s=Channel2.RX3i.A12,A12,,ns=2;s=Channel2.RX3i.A120,A120,,49:46.0,0,0,93.3
14,ns=2;s=Channel2.RX3i.A121,A121,,ns=2;s=Channel2.RX3i.A122,A122,,49:46.0,0,0,93.3
15,ns=2;s=Channel2.RX3i.A123,A123,,ns=2;s=Channel2.RX3i.A124,A124,,49:46.0,0,0,93.3
16,ns=2;s=Channel2.RX3i.A125,A125,,ns=2;s=Channel2.RX3i.A126,A126,,49:46.0,0,0,93.3
17,ns=2;s=Channel2.RX3i.A127,A127,,ns=2;s=Channel2.RX3i.A128,A128,,49:46.0,0,0,93.3
18,ns=2;s=Channel2.RX3i.A129,A129,,ns=2;s=Channel2.RX3i.A13,A13,,49:46.0,0,0,93.3
19,ns=2;s=Channel2.RX3i.A130,A130,,ns=2;s=Channel2.RX3i.A131,A131,,49:46.0,0,0,93.3
20,ns=2;s=Channel2.RX3i.A132,A132,,ns=2;s=Channel2.RX3i.A133,A133,,49:46.0,0,0,93.3
21,ns=2;s=Channel2.RX3i.A134,A134,,ns=2;s=Channel2.RX3i.A135,A135,,49:46.0,0,0,93.3
22,ns=2;s=Channel2.RX3i.A136,A136,,ns=2;s=Channel2.RX3i.A137,A137,,49:46.0,0,0,93.3
23,ns=2;s=Channel2.RX3i.A138,A138,,ns=2;s=Channel2.RX3i.A139,A139,,49:46.0,0,0,93.3
24,ns=2;s=Channel2.RX3i.A14,A14,,ns=2;s=Channel2.RX3i.A140,A140,,49:46.0,0,0,93.3
25,ns=2;s=Channel2.RX3i.A141,A141,,ns=2;s=Channel2.RX3i.A142,A142,,49:46.0,0,0,93.3
1,ns=2;s=Channel2.RX3i.A1,A1,,ns=2;s=Channel2.RX3i.A10,A10,,49:47.7,1.746,10.1,93.2
2,ns=2;s=Channel2.RX3i.A100,A100,,ns=2;s=Channel2.RX3i.A1000,A1000,,49:47.7,1.746,0,93.2
3,ns=2;s=Channel2.RX3i.A101,A101,,ns=2;s=Channel2.RX3i.A102,A102,,49:47.7,1.746,20,93.2
4,ns=2;s=Channel2.RX3i.A103,A103,,ns=2;s=Channel2.RX3i.A104,A104,,49:47.7,1.746,0,93.2
5,ns=2;s=Channel2.RX3i.A105,A105,,ns=2;s=Channel2.RX3i.A106,A106,,49:47.7,1.746,0,93.2
6,ns=2;s=Channel2.RX3i.A107,A107,,ns=2;s=Channel2.RX3i.A108,A108,,13-02-2025 14:49:47.733,1.746,0,93.2
7,ns=2;s=Channel2.RX3i.A109,A109,,ns=2;s=Channel2.RX3i.A11,A11,,49:47.7,1.746,0,93.2
8,ns=2;s=Channel2.RX3i.A110,A110,,ns=2;s=Channel2.RX3i.A111,A111,,49:47.7,1.746,33.3,93.2
9,ns=2;s=Channel2.RX3i.A112,A112,,ns=2;s=Channel2.RX3i.A113,A113,,49:47.7,1.746,0,93.2
10,ns=2;s=Channel2.RX3i.A114,A114,,ns=2;s=Channel2.RX3i.A115,A115,,49:47.7,1.746,0,93.2
11,ns=2;s=Channel2.RX3i.A116,A116,,ns=2;s=Channel2.RX3i.A117,A117,,49:47.7,1.746,0,93.2
12,ns=2;s=Channel2.RX3i.A118,A118,,ns=2;s=Channel2.RX3i.A119,A119,,49:47.7,1.746,0,93.2
13,ns=2;s=Channel2.RX3i.A12,A12,,ns=2;s=Channel2.RX3i.A120,A120,,49:47.7,1.746,0,93.2
14,ns=2;s=Channel2.RX3i.A121,A121,,ns=2;s=Channel2.RX3i.A122,A122,,49:47.7,1.746,33.3,93.2
15,ns=2;s=Channel2.RX3i.A123,A123,,ns=2;s=Channel2.RX3i.A124,A124,,49:47.7,1.746,0,93.2
16,ns=2;s=Channel2.RX3i.A125,A125,,ns=2;s=Channel2.RX3i.A126,A126,,49:47.7,1.746,0,93.2
17,ns=2;s=Channel2.RX3i.A127,A127,,ns=2;s=Channel2.RX3i.A128,A128,,49:47.7,1.746,14.3,93.2
18,ns=2;s=Channel2.RX3i.A129,A129,,ns=2;s=Channel2.RX3i.A13,A13,,49:47.7,1.746,100,93.2
19,ns=2;s=Channel2.RX3i.A130,A130,,ns=2;s=Channel2.RX3i.A131,A131,,49:47.7,1.746,0,93.2
20,ns=2;s=Channel2.RX3i.A132,A132,,ns=2;s=Channel2.RX3i.A133,A133,,49:47.7,1.746,16.7,93.2
21,ns=2;s=Channel2.RX3i.A134,A134,,ns=2;s=Channel2.RX3i.A135,A135,,49:47.7,1.746,50,93.2
22,ns=2;s=Channel2.RX3i.A136,A136,,ns=2;s=Channel2.RX3i.A137,A137,,49:47.7,1.746,0,93.2
23,ns=2;s=Channel2.RX3i.A138,A138,,ns=2;s=Channel2.RX3i.A139,A139,,49:47.7,1.746,16.7,93.2
24,ns=2;s=Channel2.RX3i.A14,A14,,ns=2;s=Channel2.RX3i.A140,A140,,49:47.7,1.746,0,93.2
25,ns=2;s=Channel2.RX3i.A141,A141,,ns=2;s=Channel2.RX3i.A142,A142,,49:47.7,1.746,0,93.2
1,ns=2;s=Channel2.RX3i.A1,A1,,ns=2;s=Channel2.RX3i.A10,A10,,49:49.2,1.448,8.9,93.3
2,ns=2;s=Channel2.RX3i.A100,A100,,ns=2;s=Channel2.RX3i.A1000,A1000,,49:49.2,1.448,0,93.3
3,ns=2;s=Channel2.RX3i.A101,A101,,ns=2;s=Channel2.RX3i.A102,A102,,49:49.2,1.448,0,93.3
4,ns=2;s=Channel2.RX3i.A103,A103,,ns=2;s=Channel2.RX3i.A104,A104,,49:49.2,1.448,0,93.3
5,ns=2;s=Channel2.RX3i.A105,A105,,ns=2;s=Channel2.RX3i.A106,A106,,49:49.2,1.448,20,93.2
6,ns=2;s=Channel2.RX3i.A107,A107,,ns=2;s=Channel2.RX3i.A108,A108,,13-02-2025 14:49:49.185,1.448,0,93.2
7,ns=2;s=Channel2.RX3i.A109,A109,,ns=2;s=Channel2.RX3i.A11,A11,,49:49.2,1.448,20,93.2
8,ns=2;s=Channel2.RX3i.A110,A110,,ns=2;s=Channel2.RX3i.A111,A111,,49:49.2,1.448,0,93.2
9,ns=2;s=Channel2.RX3i.A112,A112,,ns=2;s=Channel2.RX3i.A113,A113,,49:49.2,1.448,0,93.2
10,ns=2;s=Channel2.RX3i.A114,A114,,ns=2;s=Channel2.RX3i.A115,A115,,49:49.2,1.448,0,93.2
11,ns=2;s=Channel2.RX3i.A116,A116,,ns=2;s=Channel2.RX3i.A117,A117,,49:49.2,1.448,20,93.2
12,ns=2;s=Channel2.RX3i.A118,A118,,ns=2;s=Channel2.RX3i.A119,A119,,49:49.2,1.448,0,93.2
13,ns=2;s=Channel2.RX3i.A12,A12,,ns=2;s=Channel2.RX3i.A120,A120,,49:49.2,1.448,0,93.2
14,ns=2;s=Channel2.RX3i.A121,A121,,ns=2;s=Channel2.RX3i.A122,A122,,49:49.2,1.448,0,93.2
15,ns=2;s=Channel2.RX3i.A123,A123,,ns=2;s=Channel2.RX3i.A124,A124,,49:49.2,1.448,50,93.2
16,ns=2;s=Channel2.RX3i.A125,A125,,ns=2;s=Channel2.RX3i.A126,A126,,49:49.2,1.448,0,93.2
17,ns=2;s=Channel2.RX3i.A127,A127,,ns=2;s=Channel2.RX3i.A128,A128,,49:49.2,1.448,0,93.2
18,ns=2;s=Channel2.RX3i.A129,A129,,ns=2;s=Channel2.RX3i.A13,A13,,49:49.2,1.448,0,93.2
19,ns=2;s=Channel2.RX3i.A130,A130,,ns=2;s=Channel2.RX3i.A131,A131,,49:49.2,1.448,0,93.2
20,ns=2;s=Channel2.RX3i.A132,A132,,ns=2;s=Channel2.RX3i.A133,A133,,49:49.2,1.448,0,93.2
21,ns=2;s=Channel2.RX3i.A134,A134,,ns=2;s=Channel2.RX3i.A135,A135,,49:49.2,1.448,20,93.2
22,ns=2;s=Channel2.RX3i.A136,A136,,ns=2;s=Channel2.RX3i.A137,A137,,49:49.2,1.448,0,93.2
23,ns=2;s=Channel2.RX3i.A138,A138,,ns=2;s=Channel2.RX3i.A139,A139,,49:49.2,1.448,0,93.2
24,ns=2;s=Channel2.RX3i.A14,A14,,ns=2;s=Channel2.RX3i.A140,A140,,49:49.2,1.448,0,93.2
25,ns=2;s=Channel2.RX3i.A141,A141,,ns=2;s=Channel2.RX3i.A142,A142,,49:49.2,1.448,0,93.2
1,ns=2;s=Channel2.RX3i.A1,A1,,ns=2;s=Channel2.RX3i.A10,A10,,49:49.5,1.729,8.9,93.2
2,ns=2;s=Channel2.RX3i.A100,A100,,ns=2;s=Channel2.RX3i.A1000,A1000,,49:49.5,1.729,0,93.2
3,ns=2;s=Channel2.RX3i.A101,A101,,ns=2;s=Channel2.RX3i.A102,A102,,49:49.5,1.729,0,93.2
4,ns=2;s=Channel2.RX3i.A103,A103,,ns=2;s=Channel2.RX3i.A104,A104,,49:49.5,1.729,0,93.2
5,ns=2;s=Channel2.RX3i.A105,A105,,ns=2;s=Channel2.RX3i.A106,A106,,49:49.5,1.729,0,93.2
6,ns=2;s=Channel2.RX3i.A107,A107,,ns=2;s=Channel2.RX3i.A108,A108,,13-02-2025 14:49:49.461,1.729,0,93.2
7,ns=2;s=Channel2.RX3i.A109,A109,,ns=2;s=Channel2.RX3i.A11,A11,,49:49.5,1.729,0,93.2
8,ns=2;s=Channel2.RX3i.A110,A110,,ns=2;s=Channel2.RX3i.A111,A111,,49:49.5,1.729,0,93.2
9,ns=2;s=Channel2.RX3i.A112,A112,,ns=2;s=Channel2.RX3i.A113,A113,,49:49.5,1.729,14.3,93.2
10,ns=2;s=Channel2.RX3i.A114,A114,,ns=2;s=Channel2.RX3i.A115,A115,,49:49.5,1.729,0,93.2
11,ns=2;s=Channel2.RX3i.A116,A116,,ns=2;s=Channel2.RX3i.A117,A117,,49:49.5,1.729,0,93.2
12,ns=2;s=Channel2.RX3i.A118,A118,,ns=2;s=Channel2.RX3i.A119,A119,,49:49.5,1.729,0,93.2
13,ns=2;s=Channel2.RX3i.A12,A12,,ns=2;s=Channel2.RX3i.A120,A120,,49:49.5,1.729,0,93.2
14,ns=2;s=Channel2.RX3i.A121,A121,,ns=2;s=Channel2.RX3i.A122,A122,,49:49.5,1.729,0,93.2
15,ns=2;s=Channel2.RX3i.A123,A123,,ns=2;s=Channel2.RX3i.A124,A124,,49:49.5,1.729,0,93.2
16,ns=2;s=Channel2.RX3i.A125,A125,,ns=2;s=Channel2.RX3i.A126,A126,,49:49.5,1.729,0,93.2
17,ns=2;s=Channel2.RX3i.A127,A127,,ns=2;s=Channel2.RX3i.A128,A128,,49:49.5,1.729,12.5,93.2
18,ns=2;s=Channel2.RX3i.A129,A129,,ns=2;s=Channel2.RX3i.A13,A13,,49:49.5,1.729,0,93.2
19,ns=2;s=Channel2.RX3i.A130,A130,,ns=2;s=Channel2.RX3i.A131,A131,,49:49.5,1.729,0,93.2
20,ns=2;s=Channel2.RX3i.A132,A132,,ns=2;s=Channel2.RX3i.A133,A133,,49:49.5,1.729,12.5,93.2
21,ns=2;s=Channel2.RX3i.A134,A134,,ns=2;s=Channel2.RX3i.A135,A135,,49:49.5,1.729,0,93.2
22,ns=2;s=Channel2.RX3i.A136,A136,,ns=2;s=Channel2.RX3i.A137,A137,,49:49.5,1.729,0,93.2
23,ns=2;s=Channel2.RX3i.A138,A138,,ns=2;s=Channel2.RX3i.A139,A139,,49:49.5,1.729,0,93.2
24,ns=2;s=Channel2.RX3i.A14,A14,,ns=2;s=Channel2.RX3i.A140,A140,,49:49.5,1.729,0,93.2
25,ns=2;s=Channel2.RX3i.A141,A141,,ns=2;s=Channel2.RX3i.A142,A142,,49:49.5,1.729,0,93.2
1,ns=2;s=Channel2.RX3i.A1,A1,,ns=2;s=Channel2.RX3i.A10,A10,,49:51.7,2.564,7.9,93.3
2,ns=2;s=Channel2.RX3i.A100,A100,,ns=2;s=Channel2.RX3i.A1000,A1000,,49:51.7,2.564,0,93.3
3,ns=2;s=Channel2.RX3i.A101,A101,,ns=2;s=Channel2.RX3i.A102,A102,,49:51.7,2.564,12.5,93.3
4,ns=2;s=Channel2.RX3i.A103,A103,,ns=2;s=Channel2.RX3i.A104,A104,,49:51.7,2.564,0,93.3
5,ns=2;s=Channel2.RX3i.A105,A105,,ns=2;s=Channel2.RX3i.A106,A106,,49:51.7,2.564,0,93.4
6,ns=2;s=Channel2.RX3i.A107,A107,,ns=2;s=Channel2.RX3i.A108,A108,,13-02-2025 14:49:51.749,2.564,0,93.4
7,ns=2;s=Channel2.RX3i.A109,A109,,ns=2;s=Channel2.RX3i.A11,A11,,49:51.7,2.564,0,93.4
8,ns=2;s=Channel2.RX3i.A110,A110,,ns=2;s=Channel2.RX3i.A111,A111,,49:51.7,2.564,0,93.4
9,ns=2;s=Channel2.RX3i.A112,A112,,ns=2;s=Channel2.RX3i.A113,A113,,49:51.7,2.564,0,93.4
10,ns=2;s=Channel2.RX3i.A114,A114,,ns=2;s=Channel2.RX3i.A115,A115,,49:51.7,2.564,0,93.4
11,ns=2;s=Channel2.RX3i.A116,A116,,ns=2;s=Channel2.RX3i.A117,A117,,49:51.7,2.564,0,93.4
12,ns=2;s=Channel2.RX3i.A118,A118,,ns=2;s=Channel2.RX3i.A119,A119,,49:51.7,2.564,0,93.4
13,ns=2;s=Channel2.RX3i.A12,A12,,ns=2;s=Channel2.RX3i.A120,A120,,49:51.7,2.564,0,93.4
14,ns=2;s=Channel2.RX3i.A121,A121,,ns=2;s=Channel2.RX3i.A122,A122,,49:51.7,2.564,0,93.4
15,ns=2;s=Channel2.RX3i.A123,A123,,ns=2;s=Channel2.RX3i.A124,A124,,49:51.7,2.564,0,93.4
16,ns=2;s=Channel2.RX3i.A125,A125,,ns=2;s=Channel2.RX3i.A126,A126,,49:51.7,2.564,100,93.4
17,ns=2;s=Channel2.RX3i.A127,A127,,ns=2;s=Channel2.RX3i.A128,A128,,49:51.7,2.564,0,93.4
18,ns=2;s=Channel2.RX3i.A129,A129,,ns=2;s=Channel2.RX3i.A13,A13,,49:51.7,2.564,0,93.4
19,ns=2;s=Channel2.RX3i.A130,A130,,ns=2;s=Channel2.RX3i.A131,A131,,49:51.7,2.564,0,93.4
20,ns=2;s=Channel2.RX3i.A132,A132,,ns=2;s=Channel2.RX3i.A133,A133,,49:51.7,2.564,0,93.4
21,ns=2;s=Channel2.RX3i.A134,A134,,ns=2;s=Channel2.RX3i.A135,A135,,49:51.7,2.564,0,93.4
22,ns=2;s=Channel2.RX3i.A136,A136,,ns=2;s=Channel2.RX3i.A137,A137,,49:51.7,2.564,0,93.4
23,ns=2;s=Channel2.RX3i.A138,A138,,ns=2;s=Channel2.RX3i.A139,A139,,49:51.7,2.564,0,93.5
24,ns=2;s=Channel2.RX3i.A14,A14,,ns=2;s=Channel2.RX3i.A140,A140,,49:51.7,2.564,0,93.5
25,ns=2;s=Channel2.RX3i.A141,A141,,ns=2;s=Channel2.RX3i.A142,A142,,49:51.7,2.564,0,93.5
1,ns=2;s=Channel2.RX3i.A1,A1,,ns=2;s=Channel2.RX3i.A10,A10,,49:51.8,2.342,7.7,93.5
2,ns=2;s=Channel2.RX3i.A100,A100,,ns=2;s=Channel2.RX3i.A1000,A1000,,49:51.8,2.342,14.3,93.5
3,ns=2;s=Channel2.RX3i.A101,A101,,ns=2;s=Channel2.RX3i.A102,A102,,49:51.8,2.342,16.7,93.5
4,ns=2;s=Channel2.RX3i.A103,A103,,ns=2;s=Channel2.RX3i.A104,A104,,49:51.8,2.342,0,93.5
5,ns=2;s=Channel2.RX3i.A105,A105,,ns=2;s=Channel2.RX3i.A106,A106,,49:51.8,2.342,0,93.5
6,ns=2;s=Channel2.RX3i.A107,A107,,ns=2;s=Channel2.RX3i.A108,A108,,13-02-2025 14:49:51.803,2.342,12.5,93.5
7,ns=2;s=Channel2.RX3i.A109,A109,,ns=2;s=Channel2.RX3i.A11,A11,,49:51.8,2.342,0,93.5
8,ns=2;s=Channel2.RX3i.A110,A110,,ns=2;s=Channel2.RX3i.A111,A111,,49:51.8,2.342,14.3,93.5
9,ns=2;s=Channel2.RX3i.A112,A112,,ns=2;s=Channel2.RX3i.A113,A113,,49:51.8,2.342,0,93.5
10,ns=2;s=Channel2.RX3i.A114,A114,,ns=2;s=Channel2.RX3i.A115,A115,,49:51.8,2.342,0,93.5
11,ns=2;s=Channel2.RX3i.A116,A116,,ns=2;s=Channel2.RX3i.A117,A117,,49:51.8,2.342,0,93.5
12,ns=2;s=Channel2.RX3i.A118,A118,,ns=2;s=Channel2.RX3i.A119,A119,,49:51.8,2.342,100,93.5
13,ns=2;s=Channel2.RX3i.A12,A12,,ns=2;s=Channel2.RX3i.A120,A120,,49:51.8,2.342,0,93.5
14,ns=2;s=Channel2.RX3i.A121,A121,,ns=2;s=Channel2.RX3i.A122,A122,,49:51.8,2.342,0,93.5
15,ns=2;s=Channel2.RX3i.A123,A123,,ns=2;s=Channel2.RX3i.A124,A124,,49:51.8,2.342,0,93.5
16,ns=2;s=Channel2.RX3i.A125,A125,,ns=2;s=Channel2.RX3i.A126,A126,,49:51.8,2.342,0,93.5
17,ns=2;s=Channel2.RX3i.A127,A127,,ns=2;s=Channel2.RX3i.A128,A128,,49:51.8,2.342,0,93.5
18,ns=2;s=Channel2.RX3i.A129,A129,,ns=2;s=Channel2.RX3i.A13,A13,,49:51.8,2.342,0,93.5
19,ns=2;s=Channel2.RX3i.A130,A130,,ns=2;s=Channel2.RX3i.A131,A131,,49:51.8,2.342,0,93.5
20,ns=2;s=Channel2.RX3i.A132,A132,,ns=2;s=Channel2.RX3i.A133,A133,,49:51.8,2.342,0,93.5
21,ns=2;s=Channel2.RX3i.A134,A134,,ns=2;s=Channel2.RX3i.A135,A135,,49:51.8,2.342,0,93.5
22,ns=2;s=Channel2.RX3i.A136,A136,,ns=2;s=Channel2.RX3i.A137,A137,,49:51.8,2.342,14.3,93.5
23,ns=2;s=Channel2.RX3i.A138,A138,,ns=2;s=Channel2.RX3i.A139,A139,,49:51.8,2.342,0,93.5
24,ns=2;s=Channel2.RX3i.A14,A14,,ns=2;s=Channel2.RX3i.A140,A140,,49:51.8,2.342,0,93.5
25,ns=2;s=Channel2.RX3i.A141,A141,,ns=2;s=Channel2.RX3i.A142,A142,,49:51.8,2.342,0,93.5
1,ns=2;s=Channel2.RX3i.A1,A1,,ns=2;s=Channel2.RX3i.A10,A10,,49:53.5,1.754,10.1,93.5
2,ns=2;s=Channel2.RX3i.A100,A100,,ns=2;s=Channel2.RX3i.A1000,A1000,,49:53.5,1.754,0,93.5
3,ns=2;s=Channel2.RX3i.A101,A101,,ns=2;s=Channel2.RX3i.A102,A102,,49:53.5,1.754,75,93.5
4,ns=2;s=Channel2.RX3i.A103,A103,,ns=2;s=Channel2.RX3i.A104,A104,,49:53.5,1.754,0,93.5
5,ns=2;s=Channel2.RX3i.A105,A105,,ns=2;s=Channel2.RX3i.A106,A106,,49:53.5,1.754,50,93.5
6,ns=2;s=Channel2.RX3i.A107,A107,,ns=2;s=Channel2.RX3i.A108,A108,,13-02-2025 14:49:53.502,1.754,0,93.5
7,ns=2;s=Channel2.RX3i.A109,A109,,ns=2;s=Channel2.RX3i.A11,A11,,49:53.5,1.754,0,93.5
8,ns=2;s=Channel2.RX3i.A110,A110,,ns=2;s=Channel2.RX3i.A111,A111,,49:53.5,1.754,12.5,93.5
9,ns=2;s=Channel2.RX3i.A112,A112,,ns=2;s=Channel2.RX3i.A113,A113,,49:53.5,1.754,0,93.5
10,ns=2;s=Channel2.RX3i.A114,A114,,ns=2;s=Channel2.RX3i.A115,A115,,49:53.5,1.754,0,93.4
11,ns=2;s=Channel2.RX3i.A116,A116,,ns=2;s=Channel2.RX3i.A117,A117,,49:53.5,1.754,55.6,93.4
12,ns=2;s=Channel2.RX3i.A118,A118,,ns=2;s=Channel2.RX3i.A119,A119,,49:53.5,1.754,0,93.4
13,ns=2;s=Channel2.RX3i.A12,A12,,ns=2;s=Channel2.RX3i.A120,A120,,49:53.5,1.754,0,93.4
14,ns=2;s=Channel2.RX3i.A121,A121,,ns=2;s=Channel2.RX3i.A122,A122,,49:53.5,1.754,25,93.4
15,ns=2;s=Channel2.RX3i.A123,A123,,ns=2;s=Channel2.RX3i.A124,A124,,49:53.5,1.754,0,93.4
16,ns=2;s=Channel2.RX3i.A125,A125,,ns=2;s=Channel2.RX3i.A126,A126,,49:53.5,1.754,0,93.4
17,ns=2;s=Channel2.RX3i.A127,A127,,ns=2;s=Channel2.RX3i.A128,A128,,49:53.5,1.754,12.5,93.4
18,ns=2;s=Channel2.RX3i.A129,A129,,ns=2;s=Channel2.RX3i.A13,A13,,49:53.5,1.754,0,93.4
19,ns=2;s=Channel2.RX3i.A130,A130,,ns=2;s=Channel2.RX3i.A131,A131,,49:53.5,1.754,0,93.4
20,ns=2;s=Channel2.RX3i.A132,A132,,ns=2;s=Channel2.RX3i.A133,A133,,49:53.5,1.754,0,93.4
21,ns=2;s=Channel2.RX3i.A134,A134,,ns=2;s=Channel2.RX3i.A135,A135,,49:53.5,1.754,0,93.4
22,ns=2;s=Channel2.RX3i.A136,A136,,ns=2;s=Channel2.RX3i.A137,A137,,49:53.5,1.754,0,93.4
23,ns=2;s=Channel2.RX3i.A138,A138,,ns=2;s=Channel2.RX3i.A139,A139,,49:53.5,1.754,0,93.4
24,ns=2;s=Channel2.RX3i.A14,A14,,ns=2;s=Channel2.RX3i.A140,A140,,49:53.5,1.754,0,93.4
25,ns=2;s=Channel2.RX3i.A141,A141,,ns=2;s=Channel2.RX3i.A142,A142,,49:53.5,1.754,0,93.4
1,ns=2;s=Channel2.RX3i.A1,A1,,ns=2;s=Channel2.RX3i.A10,A10,,49:53.7,1.938,10.8,93.4
2,ns=2;s=Channel2.RX3i.A100,A100,,ns=2;s=Channel2.RX3i.A1000,A1000,,49:53.7,1.938,0,93.4
3,ns=2;s=Channel2.RX3i.A101,A101,,ns=2;s=Channel2.RX3i.A102,A102,,49:53.7,1.938,0,93.4
4,ns=2;s=Channel2.RX3i.A103,A103,,ns=2;s=Channel2.RX3i.A104,A104,,49:53.7,1.938,0,93.4
5,ns=2;s=Channel2.RX3i.A105,A105,,ns=2;s=Channel2.RX3i.A106,A106,,49:53.7,1.938,0,93.4
6,ns=2;s=Channel2.RX3i.A107,A107,,ns=2;s=Channel2.RX3i.A108,A108,,13-02-2025 14:49:53.742,1.938,0,93.4
7,ns=2;s=Channel2.RX3i.A109,A109,,ns=2;s=Channel2.RX3i.A11,A11,,49:53.7,1.938,0,93.4
8,ns=2;s=Channel2.RX3i.A110,A110,,ns=2;s=Channel2.RX3i.A111,A111,,49:53.7,1.938,0,93.4
9,ns=2;s=Channel2.RX3i.A112,A112,,ns=2;s=Channel2.RX3i.A113,A113,,49:53.7,1.938,0,93.4
10,ns=2;s=Channel2.RX3i.A114,A114,,ns=2;s=Channel2.RX3i.A115,A115,,49:53.7,1.938,0,93.4
11,ns=2;s=Channel2.RX3i.A116,A116,,ns=2;s=Channel2.RX3i.A117,A117,,49:53.7,1.938,0,93.4
12,ns=2;s=Channel2.RX3i.A118,A118,,ns=2;s=Channel2.RX3i.A119,A119,,49:53.7,1.938,0,93.4
13,ns=2;s=Channel2.RX3i.A12,A12,,ns=2;s=Channel2.RX3i.A120,A120,,49:53.7,1.938,0,93.4
14,ns=2;s=Channel2.RX3i.A121,A121,,ns=2;s=Channel2.RX3i.A122,A122,,49:53.7,1.938,0,93.4
15,ns=2;s=Channel2.RX3i.A123,A123,,ns=2;s=Channel2.RX3i.A124,A124,,49:53.7,1.938,0,93.4
16,ns=2;s=Channel2.RX3i.A125,A125,,ns=2;s=Channel2.RX3i.A126,A126,,49:53.7,1.938,0,93.4
17,ns=2;s=Channel2.RX3i.A127,A127,,ns=2;s=Channel2.RX3i.A128,A128,,49:53.7,1.938,0,93.4
18,ns=2;s=Channel2.RX3i.A129,A129,,ns=2;s=Channel2.RX3i.A13,A13,,49:53.7,1.938,0,93.4
19,ns=2;s=Channel2.RX3i.A130,A130,,ns=2;s=Channel2.RX3i.A131,A131,,49:53.7,1.938,0,93.4
20,ns=2;s=Channel2.RX3i.A132,A132,,ns=2;s=Channel2.RX3i.A133,A133,,49:53.7,1.938,0,93.4
21,ns=2;s=Channel2.RX3i.A134,A134,,ns=2;s=Channel2.RX3i.A135,A135,,49:53.7,1.938,0,93.4
22,ns=2;s=Channel2.RX3i.A136,A136,,ns=2;s=Channel2.RX3i.A137,A137,,49:53.7,1.938,0,93.4
23,ns=2;s=Channel2.RX3i.A138,A138,,ns=2;s=Channel2.RX3i.A139,A139,,49:53.7,1.938,0,93.4
24,ns=2;s=Channel2.RX3i.A14,A14,,ns=2;s=Channel2.RX3i.A140,A140,,49:53.7,1.938,20,93.4
25,ns=2;s=Channel2.RX3i.A141,A141,,ns=2;s=Channel2.RX3i.A142,A142,,49:53.7,1.938,0,93.4
1,ns=2;s=Channel2.RX3i.A1,A1,,ns=2;s=Channel2.RX3i.A10,A10,,49:55.2,1.733,5.8,93.5
2,ns=2;s=Channel2.RX3i.A100,A100,,ns=2;s=Channel2.RX3i.A1000,A1000,,49:55.2,1.733,0,93.5
3,ns=2;s=Channel2.RX3i.A101,A101,,ns=2;s=Channel2.RX3i.A102,A102,,49:55.2,1.733,12.5,93.5
4,ns=2;s=Channel2.RX3i.A103,A103,,ns=2;s=Channel2.RX3i.A104,A104,,49:55.2,1.733,0,93.5
5,ns=2;s=Channel2.RX3i.A105,A105,,ns=2;s=Channel2.RX3i.A106,A106,,49:55.2,1.733,0,93.5
6,ns=2;s=Channel2.RX3i.A107,A107,,ns=2;s=Channel2.RX3i.A108,A108,,13-02-2025 14:49:55.235,1.733,0,93.5
7,ns=2;s=Channel2.RX3i.A109,A109,,ns=2;s=Channel2.RX3i.A11,A11,,49:55.2,1.733,0,93.5
8,ns=2;s=Channel2.RX3i.A110,A110,,ns=2;s=Channel2.RX3i.A111,A111,,49:55.2,1.733,0,93.5
9,ns=2;s=Channel2.RX3i.A112,A112,,ns=2;s=Channel2.RX3i.A113,A113,,49:55.2,1.733,0,93.5
10,ns=2;s=Channel2.RX3i.A114,A114,,ns=2;s=Channel2.RX3i.A115,A115,,49:55.2,1.733,0,93.5
11,ns=2;s=Channel2.RX3i.A116,A116,,ns=2;s=Channel2.RX3i.A117,A117,,49:55.2,1.733,12.5,93.5
12,ns=2;s=Channel2.RX3i.A118,A118,,ns=2;s=Channel2.RX3i.A119,A119,,49:55.2,1.733,0,93.5
13,ns=2;s=Channel2.RX3i.A12,A12,,ns=2;s=Channel2.RX3i.A120,A120,,49:55.2,1.733,0,93.5
14,ns=2;s=Channel2.RX3i.A121,A121,,ns=2;s=Channel2.RX3i.A122,A122,,49:55.2,1.733,0,93.5
15,ns=2;s=Channel2.RX3i.A123,A123,,ns=2;s=Channel2.RX3i.A124,A124,,49:55.2,1.733,0,93.5
16,ns=2;s=Channel2.RX3i.A125,A125,,ns=2;s=Channel2.RX3i.A126,A126,,49:55.2,1.733,0,93.5
17,ns=2;s=Channel2.RX3i.A127,A127,,ns=2;s=Channel2.RX3i.A128,A128,,49:55.2,1.733,0,93.5
18,ns=2;s=Channel2.RX3i.A129,A129,,ns=2;s=Channel2.RX3i.A13,A13,,49:55.2,1.733,0,93.5
19,ns=2;s=Channel2.RX3i.A130,A130,,ns=2;s=Channel2.RX3i.A131,A131,,49:55.2,1.733,0,93.5
20,ns=2;s=Channel2.RX3i.A132,A132,,ns=2;s=Channel2.RX3i.A133,A133,,49:55.2,1.733,33.3,93.5
21,ns=2;s=Channel2.RX3i.A134,A134,,ns=2;s=Channel2.RX3i.A135,A135,,49:55.2,1.733,0,93.5
22,ns=2;s=Channel2.RX3i.A136,A136,,ns=2;s=Channel2.RX3i.A137,A137,,49:55.2,1.733,0,93.5
23,ns=2;s=Channel2.RX3i.A138,A138,,ns=2;s=Channel2.RX3i.A139,A139,,49:55.2,1.733,0,93.5
24,ns=2;s=Channel2.RX3i.A14,A14,,ns=2;s=Channel2.RX3i.A140,A140,,49:55.2,1.733,14.3,93.5
25,ns=2;s=Channel2.RX3i.A141,A141,,ns=2;s=Channel2.RX3i.A142,A142,,49:55.2,1.733,0,93.5
1,ns=2;s=Channel2.RX3i.A1,A1,,ns=2;s=Channel2.RX3i.A10,A10,,49:55.4,1.654,5.9,93.5
2,ns=2;s=Channel2.RX3i.A100,A100,,ns=2;s=Channel2.RX3i.A1000,A1000,,49:55.4,1.654,0,93.5
3,ns=2;s=Channel2.RX3i.A101,A101,,ns=2;s=Channel2.RX3i.A102,A102,,49:55.4,1.654,12.5,93.5
4,ns=2;s=Channel2.RX3i.A103,A103,,ns=2;s=Channel2.RX3i.A104,A104,,49:55.4,1.654,0,93.5
5,ns=2;s=Channel2.RX3i.A105,A105,,ns=2;s=Channel2.RX3i.A106,A106,,49:55.4,1.654,0,93.5
6,ns=2;s=Channel2.RX3i.A107,A107,,ns=2;s=Channel2.RX3i.A108,A108,,13-02-2025 14:49:55.396,1.654,0,93.5
7,ns=2;s=Channel2.RX3i.A109,A109,,ns=2;s=Channel2.RX3i.A11,A11,,49:55.4,1.654,0,93.5
8,ns=2;s=Channel2.RX3i.A110,A110,,ns=2;s=Channel2.RX3i.A111,A111,,49:55.4,1.654,0,93.5
9,ns=2;s=Channel2.RX3i.A112,A112,,ns=2;s=Channel2.RX3i.A113,A113,,49:55.4,1.654,0,93.5
10,ns=2;s=Channel2.RX3i.A114,A114,,ns=2;s=Channel2.RX3i.A115,A115,,49:55.4,1.654,0,93.5
11,ns=2;s=Channel2.RX3i.A116,A116,,ns=2;s=Channel2.RX3i.A117,A117,,49:55.4,1.654,14.3,93.5
12,ns=2;s=Channel2.RX3i.A118,A118,,ns=2;s=Channel2.RX3i.A119,A119,,49:55.4,1.654,0,93.5
13,ns=2;s=Channel2.RX3i.A12,A12,,ns=2;s=Channel2.RX3i.A120,A120,,49:55.4,1.654,0,93.5
14,ns=2;s=Channel2.RX3i.A121,A121,,ns=2;s=Channel2.RX3i.A122,A122,,49:55.4,1.654,12.5,93.5
15,ns=2;s=Channel2.RX3i.A123,A123,,ns=2;s=Channel2.RX3i.A124,A124,,49:55.4,1.654,0,93.5
16,ns=2;s=Channel2.RX3i.A125,A125,,ns=2;s=Channel2.RX3i.A126,A126,,49:55.4,1.654,0,93.5
17,ns=2;s=Channel2.RX3i.A127,A127,,ns=2;s=Channel2.RX3i.A128,A128,,49:55.4,1.654,0,93.5
18,ns=2;s=Channel2.RX3i.A129,A129,,ns=2;s=Channel2.RX3i.A13,A13,,49:55.4,1.654,0,93.5
19,ns=2;s=Channel2.RX3i.A130,A130,,ns=2;s=Channel2.RX3i.A131,A131,,49:55.4,1.654,28.6,93.5
20,ns=2;s=Channel2.RX3i.A132,A132,,ns=2;s=Channel2.RX3i.A133,A133,,49:55.4,1.654,0,93.5
21,ns=2;s=Channel2.RX3i.A134,A134,,ns=2;s=Channel2.RX3i.A135,A135,,49:55.4,1.654,0,93.5
22,ns=2;s=Channel2.RX3i.A136,A136,,ns=2;s=Channel2.RX3i.A137,A137,,49:55.4,1.654,0,93.5
23,ns=2;s=Channel2.RX3i.A138,A138,,ns=2;s=Channel2.RX3i.A139,A139,,49:55.4,1.654,0,93.5
24,ns=2;s=Channel2.RX3i.A14,A14,,ns=2;s=Channel2.RX3i.A140,A140,,49:55.4,1.654,0,93.5
25,ns=2;s=Channel2.RX3i.A141,A141,,ns=2;s=Channel2.RX3i.A142,A142,,49:55.4,1.654,0,93.5
1,ns=2;s=Channel2.RX3i.A1,A1,,ns=2;s=Channel2.RX3i.A10,A10,,49:56.7,1.506,9.2,93.8
2,ns=2;s=Channel2.RX3i.A100,A100,,ns=2;s=Channel2.RX3i.A1000,A1000,,49:56.7,1.506,0,93.8
3,ns=2;s=Channel2.RX3i.A101,A101,,ns=2;s=Channel2.RX3i.A102,A102,,49:56.7,1.506,0,93.8
4,ns=2;s=Channel2.RX3i.A103,A103,,ns=2;s=Channel2.RX3i.A104,A104,,49:56.7,1.506,0,93.8
5,ns=2;s=Channel2.RX3i.A105,A105,,ns=2;s=Channel2.RX3i.A106,A106,,49:56.7,1.506,14.3,93.8
6,ns=2;s=Channel2.RX3i.A107,A107,,ns=2;s=Channel2.RX3i.A108,A108,,13-02-2025 14:49:56.741,1.506,0,93.8
7,ns=2;s=Channel2.RX3i.A109,A109,,ns=2;s=Channel2.RX3i.A11,A11,,49:56.7,1.506,0,93.8
8,ns=2;s=Channel2.RX3i.A110,A110,,ns=2;s=Channel2.RX3i.A111,A111,,49:56.7,1.506,100,93.8
9,ns=2;s=Channel2.RX3i.A112,A112,,ns=2;s=Channel2.RX3i.A113,A113,,49:56.7,1.506,18.8,93.8
10,ns=2;s=Channel2.RX3i.A114,A114,,ns=2;s=Channel2.RX3i.A115,A115,,49:56.7,1.506,66.7,93.7
11,ns=2;s=Channel2.RX3i.A116,A116,,ns=2;s=Channel2.RX3i.A117,A117,,49:56.7,1.506,0,93.7
12,ns=2;s=Channel2.RX3i.A118,A118,,ns=2;s=Channel2.RX3i.A119,A119,,49:56.7,1.506,0,93.7
13,ns=2;s=Channel2.RX3i.A12,A12,,ns=2;s=Channel2.RX3i.A120,A120,,49:56.7,1.506,57.1,93.7
14,ns=2;s=Channel2.RX3i.A121,A121,,ns=2;s=Channel2.RX3i.A122,A122,,49:56.7,1.506,0,93.7
15,ns=2;s=Channel2.RX3i.A123,A123,,ns=2;s=Channel2.RX3i.A124,A124,,49:56.7,1.506,0,93.7
16,ns=2;s=Channel2.RX3i.A125,A125,,ns=2;s=Channel2.RX3i.A126,A126,,49:56.7,1.506,0,93.7
17,ns=2;s=Channel2.RX3i.A127,A127,,ns=2;s=Channel2.RX3i.A128,A128,,49:56.7,1.506,0,93.7
18,ns=2;s=Channel2.RX3i.A129,A129,,ns=2;s=Channel2.RX3i.A13,A13,,49:56.7,1.506,0,93.7
19,ns=2;s=Channel2.RX3i.A130,A130,,ns=2;s=Channel2.RX3i.A131,A131,,49:56.7,1.506,0,93.7
20,ns=2;s=Channel2.RX3i.A132,A132,,ns=2;s=Channel2.RX3i.A133,A133,,49:56.7,1.506,0,93.7
21,ns=2;s=Channel2.RX3i.A134,A134,,ns=2;s=Channel2.RX3i.A135,A135,,49:56.7,1.506,0,93.7
22,ns=2;s=Channel2.RX3i.A136,A136,,ns=2;s=Channel2.RX3i.A137,A137,,49:56.7,1.506,0,93.7
23,ns=2;s=Channel2.RX3i.A138,A138,,ns=2;s=Channel2.RX3i.A139,A139,,49:56.7,1.506,0,93.7
24,ns=2;s=Channel2.RX3i.A14,A14,,ns=2;s=Channel2.RX3i.A140,A140,,49:56.7,1.506,0,93.7
25,ns=2;s=Channel2.RX3i.A141,A141,,ns=2;s=Channel2.RX3i.A142,A142,,49:56.7,1.506,0,93.7
1,ns=2;s=Channel2.RX3i.A1,A1,,ns=2;s=Channel2.RX3i.A10,A10,,49:56.9,1.484,11.4,93.7
2,ns=2;s=Channel2.RX3i.A100,A100,,ns=2;s=Channel2.RX3i.A1000,A1000,,49:56.9,1.484,0,93.7
3,ns=2;s=Channel2.RX3i.A101,A101,,ns=2;s=Channel2.RX3i.A102,A102,,49:56.9,1.484,0,93.7
4,ns=2;s=Channel2.RX3i.A103,A103,,ns=2;s=Channel2.RX3i.A104,A104,,49:56.9,1.484,0,93.7
5,ns=2;s=Channel2.RX3i.A105,A105,,ns=2;s=Channel2.RX3i.A106,A106,,49:56.9,1.484,12.5,93.7
6,ns=2;s=Channel2.RX3i.A107,A107,,ns=2;s=Channel2.RX3i.A108,A108,,13-02-2025 14:49:56.879,1.484,0,93.7
7,ns=2;s=Channel2.RX3i.A109,A109,,ns=2;s=Channel2.RX3i.A11,A11,,49:56.9,1.484,0,93.7
8,ns=2;s=Channel2.RX3i.A110,A110,,ns=2;s=Channel2.RX3i.A111,A111,,49:56.9,1.484,0,93.7
9,ns=2;s=Channel2.RX3i.A112,A112,,ns=2;s=Channel2.RX3i.A113,A113,,49:56.9,1.484,0,93.7
10,ns=2;s=Channel2.RX3i.A114,A114,,ns=2;s=Channel2.RX3i.A115,A115,,49:56.9,1.484,0,93.7
11,ns=2;s=Channel2.RX3i.A116,A116,,ns=2;s=Channel2.RX3i.A117,A117,,49:56.9,1.484,0,93.7
12,ns=2;s=Channel2.RX3i.A118,A118,,ns=2;s=Channel2.RX3i.A119,A119,,49:56.9,1.484,0,93.7
13,ns=2;s=Channel2.RX3i.A12,A12,,ns=2;s=Channel2.RX3i.A120,A120,,49:56.9,1.484,0,93.7
14,ns=2;s=Channel2.RX3i.A121,A121,,ns=2;s=Channel2.RX3i.A122,A122,,49:56.9,1.484,0,93.7
15,ns=2;s=Channel2.RX3i.A123,A123,,ns=2;s=Channel2.RX3i.A124,A124,,49:56.9,1.484,0,93.7
16,ns=2;s=Channel2.RX3i.A125,A125,,ns=2;s=Channel2.RX3i.A126,A126,,49:56.9,1.484,0,93.7
17,ns=2;s=Channel2.RX3i.A127,A127,,ns=2;s=Channel2.RX3i.A128,A128,,49:56.9,1.484,0,93.7
18,ns=2;s=Channel2.RX3i.A129,A129,,ns=2;s=Channel2.RX3i.A13,A13,,49:56.9,1.484,0,93.7
19,ns=2;s=Channel2.RX3i.A130,A130,,ns=2;s=Channel2.RX3i.A131,A131,,49:56.9,1.484,0,93.7
20,ns=2;s=Channel2.RX3i.A132,A132,,ns=2;s=Channel2.RX3i.A133,A133,,49:56.9,1.484,0,93.7
21,ns=2;s=Channel2.RX3i.A134,A134,,ns=2;s=Channel2.RX3i.A135,A135,,49:56.9,1.484,0,93.7
22,ns=2;s=Channel2.RX3i.A136,A136,,ns=2;s=Channel2.RX3i.A137,A137,,49:56.9,1.484,0,93.7
23,ns=2;s=Channel2.RX3i.A138,A138,,ns=2;s=Channel2.RX3i.A139,A139,,49:56.9,1.484,0,93.7
24,ns=2;s=Channel2.RX3i.A14,A14,,ns=2;s=Channel2.RX3i.A140,A140,,49:56.9,1.484,0,93.7
25,ns=2;s=Channel2.RX3i.A141,A141,,ns=2;s=Channel2.RX3i.A142,A142,,49:56.9,1.484,0,93.7
1,ns=2;s=Channel2.RX3i.A1,A1,,ns=2;s=Channel2.RX3i.A10,A10,,49:58.1,1.396,6.9,93.6
2,ns=2;s=Channel2.RX3i.A100,A100,,ns=2;s=Channel2.RX3i.A1000,A1000,,49:58.1,1.396,0,93.6
3,ns=2;s=Channel2.RX3i.A101,A101,,ns=2;s=Channel2.RX3i.A102,A102,,49:58.1,1.396,0,93.6
4,ns=2;s=Channel2.RX3i.A103,A103,,ns=2;s=Channel2.RX3i.A104,A104,,49:58.1,1.396,50,93.6
5,ns=2;s=Channel2.RX3i.A105,A105,,ns=2;s=Channel2.RX3i.A106,A106,,49:58.1,1.396,0,93.6
6,ns=2;s=Channel2.RX3i.A107,A107,,ns=2;s=Channel2.RX3i.A108,A108,,13-02-2025 14:49:58.137,1.396,0,93.6
7,ns=2;s=Channel2.RX3i.A109,A109,,ns=2;s=Channel2.RX3i.A11,A11,,49:58.1,1.396,0,93.6
8,ns=2;s=Channel2.RX3i.A110,A110,,ns=2;s=Channel2.RX3i.A111,A111,,49:58.1,1.396,0,93.6
9,ns=2;s=Channel2.RX3i.A112,A112,,ns=2;s=Channel2.RX3i.A113,A113,,49:58.1,1.396,50,93.6
10,ns=2;s=Channel2.RX3i.A114,A114,,ns=2;s=Channel2.RX3i.A115,A115,,49:58.1,1.396,0,93.6
11,ns=2;s=Channel2.RX3i.A116,A116,,ns=2;s=Channel2.RX3i.A117,A117,,49:58.1,1.396,0,93.6
12,ns=2;s=Channel2.RX3i.A118,A118,,ns=2;s=Channel2.RX3i.A119,A119,,49:58.1,1.396,0,93.6
13,ns=2;s=Channel2.RX3i.A12,A12,,ns=2;s=Channel2.RX3i.A120,A120,,49:58.1,1.396,0,93.6
14,ns=2;s=Channel2.RX3i.A121,A121,,ns=2;s=Channel2.RX3i.A122,A122,,49:58.1,1.396,0,93.6
15,ns=2;s=Channel2.RX3i.A123,A123,,ns=2;s=Channel2.RX3i.A124,A124,,49:58.1,1.396,0,93.6
16,ns=2;s=Channel2.RX3i.A125,A125,,ns=2;s=Channel2.RX3i.A126,A126,,49:58.1,1.396,33.3,93.6
17,ns=2;s=Channel2.RX3i.A127,A127,,ns=2;s=Channel2.RX3i.A128,A128,,49:58.1,1.396,0,93.6
18,ns=2;s=Channel2.RX3i.A129,A129,,ns=2;s=Channel2.RX3i.A13,A13,,49:58.1,1.396,0,93.6
19,ns=2;s=Channel2.RX3i.A130,A130,,ns=2;s=Channel2.RX3i.A131,A131,,49:58.1,1.396,0,93.6
20,ns=2;s=Channel2.RX3i.A132,A132,,ns=2;s=Channel2.RX3i.A133,A133,,49:58.1,1.396,0,93.6
21,ns=2;s=Channel2.RX3i.A134,A134,,ns=2;s=Channel2.RX3i.A135,A135,,49:58.1,1.396,0,93.6
22,ns=2;s=Channel2.RX3i.A136,A136,,ns=2;s=Channel2.RX3i.A137,A137,,49:58.1,1.396,0,93.6
23,ns=2;s=Channel2.RX3i.A138,A138,,ns=2;s=Channel2.RX3i.A139,A139,,49:58.1,1.396,0,93.6
24,ns=2;s=Channel2.RX3i.A14,A14,,ns=2;s=Channel2.RX3i.A140,A140,,49:58.1,1.396,0,93.6
25,ns=2;s=Channel2.RX3i.A141,A141,,ns=2;s=Channel2.RX3i.A142,A142,,49:58.1,1.396,0,93.6
1,ns=2;s=Channel2.RX3i.A1,A1,,ns=2;s=Channel2.RX3i.A10,A10,,49:58.3,1.419,7,93.6
2,ns=2;s=Channel2.RX3i.A100,A100,,ns=2;s=Channel2.RX3i.A1000,A1000,,49:58.3,1.419,0,93.6
3,ns=2;s=Channel2.RX3i.A101,A101,,ns=2;s=Channel2.RX3i.A102,A102,,49:58.3,1.419,0,93.6
4,ns=2;s=Channel2.RX3i.A103,A103,,ns=2;s=Channel2.RX3i.A104,A104,,49:58.3,1.419,0,93.6
5,ns=2;s=Channel2.RX3i.A105,A105,,ns=2;s=Channel2.RX3i.A106,A106,,49:58.3,1.419,0,93.6
6,ns=2;s=Channel2.RX3i.A107,A107,,ns=2;s=Channel2.RX3i.A108,A108,,13-02-2025 14:49:58.299,1.419,0,93.6
7,ns=2;s=Channel2.RX3i.A109,A109,,ns=2;s=Channel2.RX3i.A11,A11,,49:58.3,1.419,0,93.6
8,ns=2;s=Channel2.RX3i.A110,A110,,ns=2;s=Channel2.RX3i.A111,A111,,49:58.3,1.419,0,93.6
9,ns=2;s=Channel2.RX3i.A112,A112,,ns=2;s=Channel2.RX3i.A113,A113,,49:58.3,1.419,0,93.6
10,ns=2;s=Channel2.RX3i.A114,A114,,ns=2;s=Channel2.RX3i.A115,A115,,49:58.3,1.419,0,93.6
11,ns=2;s=Channel2.RX3i.A116,A116,,ns=2;s=Channel2.RX3i.A117,A117,,49:58.3,1.419,0,93.6
12,ns=2;s=Channel2.RX3i.A118,A118,,ns=2;s=Channel2.RX3i.A119,A119,,49:58.3,1.419,0,93.6
13,ns=2;s=Channel2.RX3i.A12,A12,,ns=2;s=Channel2.RX3i.A120,A120,,49:58.3,1.419,0,93.6
14,ns=2;s=Channel2.RX3i.A121,A121,,ns=2;s=Channel2.RX3i.A122,A122,,49:58.3,1.419,0,93.6
15,ns=2;s=Channel2.RX3i.A123,A123,,ns=2;s=Channel2.RX3i.A124,A124,,49:58.3,1.419,0,93.6
16,ns=2;s=Channel2.RX3i.A125,A125,,ns=2;s=Channel2.RX3i.A126,A126,,49:58.3,1.419,0,93.6
17,ns=2;s=Channel2.RX3i.A127,A127,,ns=2;s=Channel2.RX3i.A128,A128,,49:58.3,1.419,0,93.6
18,ns=2;s=Channel2.RX3i.A129,A129,,ns=2;s=Channel2.RX3i.A13,A13,,49:58.3,1.419,0,93.6
19,ns=2;s=Channel2.RX3i.A130,A130,,ns=2;s=Channel2.RX3i.A131,A131,,49:58.3,1.419,0,93.6
20,ns=2;s=Channel2.RX3i.A132,A132,,ns=2;s=Channel2.RX3i.A133,A133,,49:58.3,1.419,0,93.6
21,ns=2;s=Channel2.RX3i.A134,A134,,ns=2;s=Channel2.RX3i.A135,A135,,49:58.3,1.419,0,93.6
22,ns=2;s=Channel2.RX3i.A136,A136,,ns=2;s=Channel2.RX3i.A137,A137,,49:58.3,1.419,0,93.6
23,ns=2;s=Channel2.RX3i.A138,A138,,ns=2;s=Channel2.RX3i.A139,A139,,49:58.3,1.419,0,93.6
24,ns=2;s=Channel2.RX3i.A14,A14,,ns=2;s=Channel2.RX3i.A140,A140,,49:58.3,1.419,0,93.6
25,ns=2;s=Channel2.RX3i.A141,A141,,ns=2;s=Channel2.RX3i.A142,A142,,49:58.3,1.419,0,93.6
1,ns=2;s=Channel2.RX3i.A1,A1,,ns=2;s=Channel2.RX3i.A10,A10,,49:59.5,1.398,11,93.8
2,ns=2;s=Channel2.RX3i.A100,A100,,ns=2;s=Channel2.RX3i.A1000,A1000,,49:59.5,1.398,0,93.8
3,ns=2;s=Channel2.RX3i.A101,A101,,ns=2;s=Channel2.RX3i.A102,A102,,49:59.5,1.398,77.8,93.8
4,ns=2;s=Channel2.RX3i.A103,A103,,ns=2;s=Channel2.RX3i.A104,A104,,49:59.5,1.398,0,93.8
5,ns=2;s=Channel2.RX3i.A105,A105,,ns=2;s=Channel2.RX3i.A106,A106,,49:59.5,1.398,0,93.8
6,ns=2;s=Channel2.RX3i.A107,A107,,ns=2;s=Channel2.RX3i.A108,A108,,13-02-2025 14:49:59.535,1.398,100,93.8
7,ns=2;s=Channel2.RX3i.A109,A109,,ns=2;s=Channel2.RX3i.A11,A11,,49:59.5,1.398,0,93.8
8,ns=2;s=Channel2.RX3i.A110,A110,,ns=2;s=Channel2.RX3i.A111,A111,,49:59.5,1.398,14.3,93.8
9,ns=2;s=Channel2.RX3i.A112,A112,,ns=2;s=Channel2.RX3i.A113,A113,,49:59.5,1.398,0,93.8
10,ns=2;s=Channel2.RX3i.A114,A114,,ns=2;s=Channel2.RX3i.A115,A115,,49:59.5,1.398,20,93.8
11,ns=2;s=Channel2.RX3i.A116,A116,,ns=2;s=Channel2.RX3i.A117,A117,,49:59.5,1.398,33.3,93.8
12,ns=2;s=Channel2.RX3i.A118,A118,,ns=2;s=Channel2.RX3i.A119,A119,,49:59.5,1.398,0,93.8
13,ns=2;s=Channel2.RX3i.A12,A12,,ns=2;s=Channel2.RX3i.A120,A120,,49:59.5,1.398,0,93.8
14,ns=2;s=Channel2.RX3i.A121,A121,,ns=2;s=Channel2.RX3i.A122,A122,,49:59.5,1.398,0,93.8
15,ns=2;s=Channel2.RX3i.A123,A123,,ns=2;s=Channel2.RX3i.A124,A124,,49:59.5,1.398,0,93.8
16,ns=2;s=Channel2.RX3i.A125,A125,,ns=2;s=Channel2.RX3i.A126,A126,,49:59.5,1.398,0,93.8
17,ns=2;s=Channel2.RX3i.A127,A127,,ns=2;s=Channel2.RX3i.A128,A128,,49:59.5,1.398,0,93.8
18,ns=2;s=Channel2.RX3i.A129,A129,,ns=2;s=Channel2.RX3i.A13,A13,,49:59.5,1.398,0,93.8
19,ns=2;s=Channel2.RX3i.A130,A130,,ns=2;s=Channel2.RX3i.A131,A131,,49:59.5,1.398,0,93.8
20,ns=2;s=Channel2.RX3i.A132,A132,,ns=2;s=Channel2.RX3i.A133,A133,,49:59.5,1.398,0,93.8
21,ns=2;s=Channel2.RX3i.A134,A134,,ns=2;s=Channel2.RX3i.A135,A135,,49:59.5,1.398,0,93.8
22,ns=2;s=Channel2.RX3i.A136,A136,,ns=2;s=Channel2.RX3i.A137,A137,,49:59.5,1.398,0,93.8
23,ns=2;s=Channel2.RX3i.A138,A138,,ns=2;s=Channel2.RX3i.A139,A139,,49:59.5,1.398,0,93.8
24,ns=2;s=Channel2.RX3i.A14,A14,,ns=2;s=Channel2.RX3i.A140,A140,,49:59.5,1.398,0,93.8
25,ns=2;s=Channel2.RX3i.A141,A141,,ns=2;s=Channel2.RX3i.A142,A142,,49:59.5,1.398,0,93.8
1,ns=2;s=Channel2.RX3i.A1,A1,,ns=2;s=Channel2.RX3i.A10,A10,,49:59.7,1.386,13.1,93.8
2,ns=2;s=Channel2.RX3i.A100,A100,,ns=2;s=Channel2.RX3i.A1000,A1000,,49:59.7,1.386,0,93.8
3,ns=2;s=Channel2.RX3i.A101,A101,,ns=2;s=Channel2.RX3i.A102,A102,,49:59.7,1.386,0,93.8
4,ns=2;s=Channel2.RX3i.A103,A103,,ns=2;s=Channel2.RX3i.A104,A104,,49:59.7,1.386,0,93.8
5,ns=2;s=Channel2.RX3i.A105,A105,,ns=2;s=Channel2.RX3i.A106,A106,,49:59.7,1.386,0,93.8
6,ns=2;s=Channel2.RX3i.A107,A107,,ns=2;s=Channel2.RX3i.A108,A108,,13-02-2025 14:49:59.685,1.386,0,93.8
7,ns=2;s=Channel2.RX3i.A109,A109,,ns=2;s=Channel2.RX3i.A11,A11,,49:59.7,1.386,0,93.8
8,ns=2;s=Channel2.RX3i.A110,A110,,ns=2;s=Channel2.RX3i.A111,A111,,49:59.7,1.386,0,93.8
9,ns=2;s=Channel2.RX3i.A112,A112,,ns=2;s=Channel2.RX3i.A113,A113,,49:59.7,1.386,0,93.8
10,ns=2;s=Channel2.RX3i.A114,A114,,ns=2;s=Channel2.RX3i.A115,A115,,49:59.7,1.386,0,93.8
11,ns=2;s=Channel2.RX3i.A116,A116,,ns=2;s=Channel2.RX3i.A117,A117,,49:59.7,1.386,0,93.8
12,ns=2;s=Channel2.RX3i.A118,A118,,ns=2;s=Channel2.RX3i.A119,A119,,49:59.7,1.386,0,93.8
13,ns=2;s=Channel2.RX3i.A12,A12,,ns=2;s=Channel2.RX3i.A120,A120,,49:59.7,1.386,0,93.8
14,ns=2;s=Channel2.RX3i.A121,A121,,ns=2;s=Channel2.RX3i.A122,A122,,49:59.7,1.386,0,93.8
15,ns=2;s=Channel2.RX3i.A123,A123,,ns=2;s=Channel2.RX3i.A124,A124,,49:59.7,1.386,0,93.8
16,ns=2;s=Channel2.RX3i.A125,A125,,ns=2;s=Channel2.RX3i.A126,A126,,49:59.7,1.386,0,93.8
17,ns=2;s=Channel2.RX3i.A127,A127,,ns=2;s=Channel2.RX3i.A128,A128,,49:59.7,1.386,50,93.8
18,ns=2;s=Channel2.RX3i.A129,A129,,ns=2;s=Channel2.RX3i.A13,A13,,49:59.7,1.386,0,93.8
19,ns=2;s=Channel2.RX3i.A130,A130,,ns=2;s=Channel2.RX3i.A131,A131,,49:59.7,1.386,0,93.8
20,ns=2;s=Channel2.RX3i.A132,A132,,ns=2;s=Channel2.RX3i.A133,A133,,49:59.7,1.386,50,93.8
21,ns=2;s=Channel2.RX3i.A134,A134,,ns=2;s=Channel2.RX3i.A135,A135,,49:59.7,1.386,0,93.8
22,ns=2;s=Channel2.RX3i.A136,A136,,ns=2;s=Channel2.RX3i.A137,A137,,49:59.7,1.386,0,93.8
23,ns=2;s=Channel2.RX3i.A138,A138,,ns=2;s=Channel2.RX3i.A139,A139,,49:59.7,1.386,50,93.8
24,ns=2;s=Channel2.RX3i.A14,A14,,ns=2;s=Channel2.RX3i.A140,A140,,49:59.7,1.386,0,93.8
25,ns=2;s=Channel2.RX3i.A141,A141,,ns=2;s=Channel2.RX3i.A142,A142,,49:59.7,1.386,20,93.8
1,ns=2;s=Channel2.RX3i.A1,A1,,ns=2;s=Channel2.RX3i.A10,A10,,50:00.9,1.387,11.2,94.2
2,ns=2;s=Channel2.RX3i.A100,A100,,ns=2;s=Channel2.RX3i.A1000,A1000,,50:00.9,1.387,0,94.2
3,ns=2;s=Channel2.RX3i.A101,A101,,ns=2;s=Channel2.RX3i.A102,A102,,50:00.9,1.387,0,94.2
4,ns=2;s=Channel2.RX3i.A103,A103,,ns=2;s=Channel2.RX3i.A104,A104,,50:00.9,1.387,0,94.2
5,ns=2;s=Channel2.RX3i.A105,A105,,ns=2;s=Channel2.RX3i.A106,A106,,50:00.9,1.387,0,94.2
6,ns=2;s=Channel2.RX3i.A107,A107,,ns=2;s=Channel2.RX3i.A108,A108,,13-02-2025 14:50:00.922,1.387,0,94.2
7,ns=2;s=Channel2.RX3i.A109,A109,,ns=2;s=Channel2.RX3i.A11,A11,,50:00.9,1.387,0,94.2
8,ns=2;s=Channel2.RX3i.A110,A110,,ns=2;s=Channel2.RX3i.A111,A111,,50:00.9,1.387,0,94.2
9,ns=2;s=Channel2.RX3i.A112,A112,,ns=2;s=Channel2.RX3i.A113,A113,,50:00.9,1.387,0,94.2
10,ns=2;s=Channel2.RX3i.A114,A114,,ns=2;s=Channel2.RX3i.A115,A115,,50:00.9,1.387,0,94.3
11,ns=2;s=Channel2.RX3i.A116,A116,,ns=2;s=Channel2.RX3i.A117,A117,,50:00.9,1.387,16.7,94.3
12,ns=2;s=Channel2.RX3i.A118,A118,,ns=2;s=Channel2.RX3i.A119,A119,,50:00.9,1.387,0,94.3
13,ns=2;s=Channel2.RX3i.A12,A12,,ns=2;s=Channel2.RX3i.A120,A120,,50:00.9,1.387,0,94.3
14,ns=2;s=Channel2.RX3i.A121,A121,,ns=2;s=Channel2.RX3i.A122,A122,,50:00.9,1.387,12.5,94.3
15,ns=2;s=Channel2.RX3i.A123,A123,,ns=2;s=Channel2.RX3i.A124,A124,,50:00.9,1.387,0,94.3
16,ns=2;s=Channel2.RX3i.A125,A125,,ns=2;s=Channel2.RX3i.A126,A126,,50:00.9,1.387,0,94.3
17,ns=2;s=Channel2.RX3i.A127,A127,,ns=2;s=Channel2.RX3i.A128,A128,,50:00.9,1.387,25,94.3
18,ns=2;s=Channel2.RX3i.A129,A129,,ns=2;s=Channel2.RX3i.A13,A13,,50:00.9,1.387,0,94.3
19,ns=2;s=Channel2.RX3i.A130,A130,,ns=2;s=Channel2.RX3i.A131,A131,,50:00.9,1.387,14.3,94.3
20,ns=2;s=Channel2.RX3i.A132,A132,,ns=2;s=Channel2.RX3i.A133,A133,,50:00.9,1.387,0,94.3
21,ns=2;s=Channel2.RX3i.A134,A134,,ns=2;s=Channel2.RX3i.A135,A135,,50:00.9,1.387,0,94.3
22,ns=2;s=Channel2.RX3i.A136,A136,,ns=2;s=Channel2.RX3i.A137,A137,,50:00.9,1.387,28.6,94.3
23,ns=2;s=Channel2.RX3i.A138,A138,,ns=2;s=Channel2.RX3i.A139,A139,,50:00.9,1.387,0,94.3
24,ns=2;s=Channel2.RX3i.A14,A14,,ns=2;s=Channel2.RX3i.A140,A140,,50:00.9,1.387,28.6,94.3
25,ns=2;s=Channel2.RX3i.A141,A141,,ns=2;s=Channel2.RX3i.A142,A142,,50:00.9,1.387,0,94.3
1,ns=2;s=Channel2.RX3i.A1,A1,,ns=2;s=Channel2.RX3i.A10,A10,,50:01.1,1.373,11.6,94.3
2,ns=2;s=Channel2.RX3i.A100,A100,,ns=2;s=Channel2.RX3i.A1000,A1000,,50:01.1,1.373,0,94.3
3,ns=2;s=Channel2.RX3i.A101,A101,,ns=2;s=Channel2.RX3i.A102,A102,,50:01.1,1.373,14.3,94.3
4,ns=2;s=Channel2.RX3i.A103,A103,,ns=2;s=Channel2.RX3i.A104,A104,,50:01.1,1.373,100,94.3
5,ns=2;s=Channel2.RX3i.A105,A105,,ns=2;s=Channel2.RX3i.A106,A106,,50:01.1,1.373,14.3,94.3
6,ns=2;s=Channel2.RX3i.A107,A107,,ns=2;s=Channel2.RX3i.A108,A108,,13-02-2025 14:50:01.058,1.373,100,94.3
7,ns=2;s=Channel2.RX3i.A109,A109,,ns=2;s=Channel2.RX3i.A11,A11,,50:01.1,1.373,25,94.3
8,ns=2;s=Channel2.RX3i.A110,A110,,ns=2;s=Channel2.RX3i.A111,A111,,50:01.1,1.373,0,94.3
9,ns=2;s=Channel2.RX3i.A112,A112,,ns=2;s=Channel2.RX3i.A113,A113,,50:01.1,1.373,16.7,94.3
10,ns=2;s=Channel2.RX3i.A114,A114,,ns=2;s=Channel2.RX3i.A115,A115,,50:01.1,1.373,50,94.3
11,ns=2;s=Channel2.RX3i.A116,A116,,ns=2;s=Channel2.RX3i.A117,A117,,50:01.1,1.373,0,94.3
12,ns=2;s=Channel2.RX3i.A118,A118,,ns=2;s=Channel2.RX3i.A119,A119,,50:01.1,1.373,0,94.3
13,ns=2;s=Channel2.RX3i.A12,A12,,ns=2;s=Channel2.RX3i.A120,A120,,50:01.1,1.373,20,94.3
14,ns=2;s=Channel2.RX3i.A121,A121,,ns=2;s=Channel2.RX3i.A122,A122,,50:01.1,1.373,0,94.3
15,ns=2;s=Channel2.RX3i.A123,A123,,ns=2;s=Channel2.RX3i.A124,A124,,50:01.1,1.373,0,94.3
16,ns=2;s=Channel2.RX3i.A125,A125,,ns=2;s=Channel2.RX3i.A126,A126,,50:01.1,1.373,0,94.3
17,ns=2;s=Channel2.RX3i.A127,A127,,ns=2;s=Channel2.RX3i.A128,A128,,50:01.1,1.373,0,94.3
18,ns=2;s=Channel2.RX3i.A129,A129,,ns=2;s=Channel2.RX3i.A13,A13,,50:01.1,1.373,100,94.3
19,ns=2;s=Channel2.RX3i.A130,A130,,ns=2;s=Channel2.RX3i.A131,A131,,50:01.1,1.373,0,94.3
20,ns=2;s=Channel2.RX3i.A132,A132,,ns=2;s=Channel2.RX3i.A133,A133,,50:01.1,1.373,100,94.3
21,ns=2;s=Channel2.RX3i.A134,A134,,ns=2;s=Channel2.RX3i.A135,A135,,50:01.1,1.373,0,94.3
22,ns=2;s=Channel2.RX3i.A136,A136,,ns=2;s=Channel2.RX3i.A137,A137,,50:01.1,1.373,0,94.3
23,ns=2;s=Channel2.RX3i.A138,A138,,ns=2;s=Channel2.RX3i.A139,A139,,50:01.1,1.373,0,94.3
24,ns=2;s=Channel2.RX3i.A14,A14,,ns=2;s=Channel2.RX3i.A140,A140,,50:01.1,1.373,14.3,94.3
25,ns=2;s=Channel2.RX3i.A141,A141,,ns=2;s=Channel2.RX3i.A142,A142,,50:01.1,1.373,0,94.3
1,ns=2;s=Channel2.RX3i.A1,A1,,ns=2;s=Channel2.RX3i.A10,A10,,50:02.3,1.342,10.2,94.4
2,ns=2;s=Channel2.RX3i.A100,A100,,ns=2;s=Channel2.RX3i.A1000,A1000,,50:02.3,1.342,0,94.4
3,ns=2;s=Channel2.RX3i.A101,A101,,ns=2;s=Channel2.RX3i.A102,A102,,50:02.3,1.342,0,94.4
4,ns=2;s=Channel2.RX3i.A103,A103,,ns=2;s=Channel2.RX3i.A104,A104,,50:02.3,1.342,0,94.4
5,ns=2;s=Channel2.RX3i.A105,A105,,ns=2;s=Channel2.RX3i.A106,A106,,50:02.3,1.342,0,94.4
6,ns=2;s=Channel2.RX3i.A107,A107,,ns=2;s=Channel2.RX3i.A108,A108,,13-02-2025 14:50:02.264,1.342,14.3,94.4
7,ns=2;s=Channel2.RX3i.A109,A109,,ns=2;s=Channel2.RX3i.A11,A11,,50:02.3,1.342,0,94.4
8,ns=2;s=Channel2.RX3i.A110,A110,,ns=2;s=Channel2.RX3i.A111,A111,,50:02.3,1.342,0,94.4
9,ns=2;s=Channel2.RX3i.A112,A112,,ns=2;s=Channel2.RX3i.A113,A113,,50:02.3,1.342,16.7,94.4
10,ns=2;s=Channel2.RX3i.A114,A114,,ns=2;s=Channel2.RX3i.A115,A115,,50:02.3,1.342,0,94.4
11,ns=2;s=Channel2.RX3i.A116,A116,,ns=2;s=Channel2.RX3i.A117,A117,,50:02.3,1.342,0,94.4
12,ns=2;s=Channel2.RX3i.A118,A118,,ns=2;s=Channel2.RX3i.A119,A119,,50:02.3,1.342,42.9,94.4
13,ns=2;s=Channel2.RX3i.A12,A12,,ns=2;s=Channel2.RX3i.A120,A120,,50:02.3,1.342,0,94.4
14,ns=2;s=Channel2.RX3i.A121,A121,,ns=2;s=Channel2.RX3i.A122,A122,,50:02.3,1.342,0,94.4
15,ns=2;s=Channel2.RX3i.A123,A123,,ns=2;s=Channel2.RX3i.A124,A124,,50:02.3,1.342,0,94.4
16,ns=2;s=Channel2.RX3i.A125,A125,,ns=2;s=Channel2.RX3i.A126,A126,,50:02.3,1.342,14.3,94.4
17,ns=2;s=Channel2.RX3i.A127,A127,,ns=2;s=Channel2.RX3i.A128,A128,,50:02.3,1.342,0,94.4
18,ns=2;s=Channel2.RX3i.A129,A129,,ns=2;s=Channel2.RX3i.A13,A13,,50:02.3,1.342,0,94.4
19,ns=2;s=Channel2.RX3i.A130,A130,,ns=2;s=Channel2.RX3i.A131,A131,,50:02.3,1.342,0,94.4
20,ns=2;s=Channel2.RX3i.A132,A132,,ns=2;s=Channel2.RX3i.A133,A133,,50:02.3,1.342,0,94.4
21,ns=2;s=Channel2.RX3i.A134,A134,,ns=2;s=Channel2.RX3i.A135,A135,,50:02.3,1.342,0,94.4
22,ns=2;s=Channel2.RX3i.A136,A136,,ns=2;s=Channel2.RX3i.A137,A137,,50:02.3,1.342,0,94.4
23,ns=2;s=Channel2.RX3i.A138,A138,,ns=2;s=Channel2.RX3i.A139,A139,,50:02.3,1.342,0,94.4
24,ns=2;s=Channel2.RX3i.A14,A14,,ns=2;s=Channel2.RX3i.A140,A140,,50:02.3,1.342,0,94.4
25,ns=2;s=Channel2.RX3i.A141,A141,,ns=2;s=Channel2.RX3i.A142,A142,,50:02.3,1.342,0,94.4
1,ns=2;s=Channel2.RX3i.A1,A1,,ns=2;s=Channel2.RX3i.A10,A10,,50:02.4,1.325,9.5,94.4
2,ns=2;s=Channel2.RX3i.A100,A100,,ns=2;s=Channel2.RX3i.A1000,A1000,,50:02.4,1.325,0,94.4
3,ns=2;s=Channel2.RX3i.A101,A101,,ns=2;s=Channel2.RX3i.A102,A102,,50:02.4,1.325,0,94.4
4,ns=2;s=Channel2.RX3i.A103,A103,,ns=2;s=Channel2.RX3i.A104,A104,,50:02.4,1.325,0,94.4
5,ns=2;s=Channel2.RX3i.A105,A105,,ns=2;s=Channel2.RX3i.A106,A106,,50:02.4,1.325,0,94.4
6,ns=2;s=Channel2.RX3i.A107,A107,,ns=2;s=Channel2.RX3i.A108,A108,,13-02-2025 14:50:02.383,1.325,0,94.4
7,ns=2;s=Channel2.RX3i.A109,A109,,ns=2;s=Channel2.RX3i.A11,A11,,50:02.4,1.325,0,94.4
8,ns=2;s=Channel2.RX3i.A110,A110,,ns=2;s=Channel2.RX3i.A111,A111,,50:02.4,1.325,0,94.4
9,ns=2;s=Channel2.RX3i.A112,A112,,ns=2;s=Channel2.RX3i.A113,A113,,50:02.4,1.325,12.5,94.4
10,ns=2;s=Channel2.RX3i.A114,A114,,ns=2;s=Channel2.RX3i.A115,A115,,50:02.4,1.325,0,94.4
11,ns=2;s=Channel2.RX3i.A116,A116,,ns=2;s=Channel2.RX3i.A117,A117,,50:02.4,1.325,0,94.4
12,ns=2;s=Channel2.RX3i.A118,A118,,ns=2;s=Channel2.RX3i.A119,A119,,50:02.4,1.325,0,94.4
13,ns=2;s=Channel2.RX3i.A12,A12,,ns=2;s=Channel2.RX3i.A120,A120,,50:02.4,1.325,0,94.4
14,ns=2;s=Channel2.RX3i.A121,A121,,ns=2;s=Channel2.RX3i.A122,A122,,50:02.4,1.325,14.3,94.4
15,ns=2;s=Channel2.RX3i.A123,A123,,ns=2;s=Channel2.RX3i.A124,A124,,50:02.4,1.325,0,94.4
16,ns=2;s=Channel2.RX3i.A125,A125,,ns=2;s=Channel2.RX3i.A126,A126,,50:02.4,1.325,0,94.4
17,ns=2;s=Channel2.RX3i.A127,A127,,ns=2;s=Channel2.RX3i.A128,A128,,50:02.4,1.325,0,94.4
18,ns=2;s=Channel2.RX3i.A129,A129,,ns=2;s=Channel2.RX3i.A13,A13,,50:02.4,1.325,0,94.4
19,ns=2;s=Channel2.RX3i.A130,A130,,ns=2;s=Channel2.RX3i.A131,A131,,50:02.4,1.325,0,94.4
20,ns=2;s=Channel2.RX3i.A132,A132,,ns=2;s=Channel2.RX3i.A133,A133,,50:02.4,1.325,0,94.4
21,ns=2;s=Channel2.RX3i.A134,A134,,ns=2;s=Channel2.RX3i.A135,A135,,50:02.4,1.325,0,94.4
22,ns=2;s=Channel2.RX3i.A136,A136,,ns=2;s=Channel2.RX3i.A137,A137,,50:02.4,1.325,0,94.4
23,ns=2;s=Channel2.RX3i.A138,A138,,ns=2;s=Channel2.RX3i.A139,A139,,50:02.4,1.325,0,94.4
24,ns=2;s=Channel2.RX3i.A14,A14,,ns=2;s=Channel2.RX3i.A140,A140,,50:02.4,1.325,16.7,94.4
25,ns=2;s=Channel2.RX3i.A141,A141,,ns=2;s=Channel2.RX3i.A142,A142,,50:02.4,1.325,0,94.4
1,ns=2;s=Channel2.RX3i.A1,A1,,ns=2;s=Channel2.RX3i.A10,A10,,50:03.6,1.343,8.7,94.3
2,ns=2;s=Channel2.RX3i.A100,A100,,ns=2;s=Channel2.RX3i.A1000,A1000,,50:03.6,1.343,16.7,94.3
3,ns=2;s=Channel2.RX3i.A101,A101,,ns=2;s=Channel2.RX3i.A102,A102,,50:03.6,1.343,0,94.3
4,ns=2;s=Channel2.RX3i.A103,A103,,ns=2;s=Channel2.RX3i.A104,A104,,50:03.6,1.343,16.7,94.3
5,ns=2;s=Channel2.RX3i.A105,A105,,ns=2;s=Channel2.RX3i.A106,A106,,50:03.6,1.343,0,94.3
6,ns=2;s=Channel2.RX3i.A107,A107,,ns=2;s=Channel2.RX3i.A108,A108,,13-02-2025 14:50:03.607,1.343,0,94.3
7,ns=2;s=Channel2.RX3i.A109,A109,,ns=2;s=Channel2.RX3i.A11,A11,,50:03.6,1.343,0,94.3
8,ns=2;s=Channel2.RX3i.A110,A110,,ns=2;s=Channel2.RX3i.A111,A111,,50:03.6,1.343,0,94.3
9,ns=2;s=Channel2.RX3i.A112,A112,,ns=2;s=Channel2.RX3i.A113,A113,,50:03.6,1.343,0,94.3
10,ns=2;s=Channel2.RX3i.A114,A114,,ns=2;s=Channel2.RX3i.A115,A115,,50:03.6,1.343,0,94.3
11,ns=2;s=Channel2.RX3i.A116,A116,,ns=2;s=Channel2.RX3i.A117,A117,,50:03.6,1.343,12.5,94.3
12,ns=2;s=Channel2.RX3i.A118,A118,,ns=2;s=Channel2.RX3i.A119,A119,,50:03.6,1.343,0,94.3
13,ns=2;s=Channel2.RX3i.A12,A12,,ns=2;s=Channel2.RX3i.A120,A120,,50:03.6,1.343,0,94.3
14,ns=2;s=Channel2.RX3i.A121,A121,,ns=2;s=Channel2.RX3i.A122,A122,,50:03.6,1.343,0,94.3
15,ns=2;s=Channel2.RX3i.A123,A123,,ns=2;s=Channel2.RX3i.A124,A124,,50:03.6,1.343,0,94.3
16,ns=2;s=Channel2.RX3i.A125,A125,,ns=2;s=Channel2.RX3i.A126,A126,,50:03.6,1.343,0,94.3
17,ns=2;s=Channel2.RX3i.A127,A127,,ns=2;s=Channel2.RX3i.A128,A128,,50:03.6,1.343,0,94.3
18,ns=2;s=Channel2.RX3i.A129,A129,,ns=2;s=Channel2.RX3i.A13,A13,,50:03.6,1.343,0,94.3
19,ns=2;s=Channel2.RX3i.A130,A130,,ns=2;s=Channel2.RX3i.A131,A131,,50:03.6,1.343,0,94.3
20,ns=2;s=Channel2.RX3i.A132,A132,,ns=2;s=Channel2.RX3i.A133,A133,,50:03.6,1.343,0,94.3
21,ns=2;s=Channel2.RX3i.A134,A134,,ns=2;s=Channel2.RX3i.A135,A135,,50:03.6,1.343,12.5,94.3
22,ns=2;s=Channel2.RX3i.A136,A136,,ns=2;s=Channel2.RX3i.A137,A137,,50:03.6,1.343,0,94.3
23,ns=2;s=Channel2.RX3i.A138,A138,,ns=2;s=Channel2.RX3i.A139,A139,,50:03.6,1.343,0,94.3
24,ns=2;s=Channel2.RX3i.A14,A14,,ns=2;s=Channel2.RX3i.A140,A140,,50:03.6,1.343,0,94.3
25,ns=2;s=Channel2.RX3i.A141,A141,,ns=2;s=Channel2.RX3i.A142,A142,,50:03.6,1.343,0,94.3
1,ns=2;s=Channel2.RX3i.A1,A1,,ns=2;s=Channel2.RX3i.A10,A10,,50:03.7,1.308,8.8,94.3
2,ns=2;s=Channel2.RX3i.A100,A100,,ns=2;s=Channel2.RX3i.A1000,A1000,,50:03.7,1.308,12.5,94.3
3,ns=2;s=Channel2.RX3i.A101,A101,,ns=2;s=Channel2.RX3i.A102,A102,,50:03.7,1.308,0,94.3
4,ns=2;s=Channel2.RX3i.A103,A103,,ns=2;s=Channel2.RX3i.A104,A104,,50:03.7,1.308,0,94.3
5,ns=2;s=Channel2.RX3i.A105,A105,,ns=2;s=Channel2.RX3i.A106,A106,,50:03.7,1.308,0,94.3
6,ns=2;s=Channel2.RX3i.A107,A107,,ns=2;s=Channel2.RX3i.A108,A108,,13-02-2025 14:50:03.691,1.308,0,94.3
7,ns=2;s=Channel2.RX3i.A109,A109,,ns=2;s=Channel2.RX3i.A11,A11,,50:03.7,1.308,0,94.3
8,ns=2;s=Channel2.RX3i.A110,A110,,ns=2;s=Channel2.RX3i.A111,A111,,50:03.7,1.308,0,94.3
9,ns=2;s=Channel2.RX3i.A112,A112,,ns=2;s=Channel2.RX3i.A113,A113,,50:03.7,1.308,0,94.3
10,ns=2;s=Channel2.RX3i.A114,A114,,ns=2;s=Channel2.RX3i.A115,A115,,50:03.7,1.308,0,94.3
11,ns=2;s=Channel2.RX3i.A116,A116,,ns=2;s=Channel2.RX3i.A117,A117,,50:03.7,1.308,0,94.3
12,ns=2;s=Channel2.RX3i.A118,A118,,ns=2;s=Channel2.RX3i.A119,A119,,50:03.7,1.308,50,94.3
13,ns=2;s=Channel2.RX3i.A12,A12,,ns=2;s=Channel2.RX3i.A120,A120,,50:03.7,1.308,0,94.3
14,ns=2;s=Channel2.RX3i.A121,A121,,ns=2;s=Channel2.RX3i.A122,A122,,50:03.7,1.308,0,94.3
15,ns=2;s=Channel2.RX3i.A123,A123,,ns=2;s=Channel2.RX3i.A124,A124,,50:03.7,1.308,0,94.3
16,ns=2;s=Channel2.RX3i.A125,A125,,ns=2;s=Channel2.RX3i.A126,A126,,50:03.7,1.308,0,94.3
17,ns=2;s=Channel2.RX3i.A127,A127,,ns=2;s=Channel2.RX3i.A128,A128,,50:03.7,1.308,0,94.3
18,ns=2;s=Channel2.RX3i.A129,A129,,ns=2;s=Channel2.RX3i.A13,A13,,50:03.7,1.308,0,94.3
19,ns=2;s=Channel2.RX3i.A130,A130,,ns=2;s=Channel2.RX3i.A131,A131,,50:03.7,1.308,40,94.3
20,ns=2;s=Channel2.RX3i.A132,A132,,ns=2;s=Channel2.RX3i.A133,A133,,50:03.7,1.308,0,94.3
21,ns=2;s=Channel2.RX3i.A134,A134,,ns=2;s=Channel2.RX3i.A135,A135,,50:03.7,1.308,0,94.3
22,ns=2;s=Channel2.RX3i.A136,A136,,ns=2;s=Channel2.RX3i.A137,A137,,50:03.7,1.308,0,94.3
23,ns=2;s=Channel2.RX3i.A138,A138,,ns=2;s=Channel2.RX3i.A139,A139,,50:03.7,1.308,0,94.3
24,ns=2;s=Channel2.RX3i.A14,A14,,ns=2;s=Channel2.RX3i.A140,A140,,50:03.7,1.308,16.7,94.3
25,ns=2;s=Channel2.RX3i.A141,A141,,ns=2;s=Channel2.RX3i.A142,A142,,50:03.7,1.308,0,94.3
1,ns=2;s=Channel2.RX3i.A1,A1,,ns=2;s=Channel2.RX3i.A10,A10,,50:24.9,0,0,94
2,ns=2;s=Channel2.RX3i.A100,A100,,ns=2;s=Channel2.RX3i.A1000,A1000,,50:24.9,0,0,94
3,ns=2;s=Channel2.RX3i.A101,A101,,ns=2;s=Channel2.RX3i.A102,A102,,50:24.9,0,0,94
4,ns=2;s=Channel2.RX3i.A103,A103,,ns=2;s=Channel2.RX3i.A104,A104,,50:24.9,0,12.5,94
5,ns=2;s=Channel2.RX3i.A105,A105,,ns=2;s=Channel2.RX3i.A106,A106,,50:24.9,0,0,94
6,ns=2;s=Channel2.RX3i.A107,A107,,ns=2;s=Channel2.RX3i.A108,A108,,13-02-2025 14:50:24.872,0,0,94
7,ns=2;s=Channel2.RX3i.A109,A109,,ns=2;s=Channel2.RX3i.A11,A11,,50:24.9,0,0,94
8,ns=2;s=Channel2.RX3i.A110,A110,,ns=2;s=Channel2.RX3i.A111,A111,,50:24.9,0,0,94
9,ns=2;s=Channel2.RX3i.A112,A112,,ns=2;s=Channel2.RX3i.A113,A113,,50:24.9,0,0,94
10,ns=2;s=Channel2.RX3i.A114,A114,,ns=2;s=Channel2.RX3i.A115,A115,,50:24.9,0,0,94
11,ns=2;s=Channel2.RX3i.A116,A116,,ns=2;s=Channel2.RX3i.A117,A117,,50:24.9,0,0,94
12,ns=2;s=Channel2.RX3i.A118,A118,,ns=2;s=Channel2.RX3i.A119,A119,,50:24.9,0,25,94
13,ns=2;s=Channel2.RX3i.A12,A12,,ns=2;s=Channel2.RX3i.A120,A120,,50:24.9,0,0,94
14,ns=2;s=Channel2.RX3i.A121,A121,,ns=2;s=Channel2.RX3i.A122,A122,,50:24.9,0,0,94
15,ns=2;s=Channel2.RX3i.A123,A123,,ns=2;s=Channel2.RX3i.A124,A124,,50:24.9,0,0,94
16,ns=2;s=Channel2.RX3i.A125,A125,,ns=2;s=Channel2.RX3i.A126,A126,,50:24.9,0,0,94
17,ns=2;s=Channel2.RX3i.A127,A127,,ns=2;s=Channel2.RX3i.A128,A128,,50:24.9,0,0,93.9
18,ns=2;s=Channel2.RX3i.A129,A129,,ns=2;s=Channel2.RX3i.A13,A13,,50:24.9,0,0,93.9
19,ns=2;s=Channel2.RX3i.A130,A130,,ns=2;s=Channel2.RX3i.A131,A131,,50:24.9,0,0,93.9
20,ns=2;s=Channel2.RX3i.A132,A132,,ns=2;s=Channel2.RX3i.A133,A133,,50:24.9,0,25,93.9
21,ns=2;s=Channel2.RX3i.A134,A134,,ns=2;s=Channel2.RX3i.A135,A135,,50:24.9,0,0,93.9
22,ns=2;s=Channel2.RX3i.A136,A136,,ns=2;s=Channel2.RX3i.A137,A137,,50:24.9,0,0,93.9
23,ns=2;s=Channel2.RX3i.A138,A138,,ns=2;s=Channel2.RX3i.A139,A139,,50:24.9,0,0,93.9
24,ns=2;s=Channel2.RX3i.A14,A14,,ns=2;s=Channel2.RX3i.A140,A140,,50:24.9,0,0,93.9
25,ns=2;s=Channel2.RX3i.A141,A141,,ns=2;s=Channel2.RX3i.A142,A142,,50:24.9,0,0,93.9
1,ns=2;s=Channel2.RX3i.A1,A1,,ns=2;s=Channel2.RX3i.A10,A10,,50:26.1,1.223,12.1,94.4
2,ns=2;s=Channel2.RX3i.A100,A100,,ns=2;s=Channel2.RX3i.A1000,A1000,,50:26.1,1.223,22.2,94.4
3,ns=2;s=Channel2.RX3i.A101,A101,,ns=2;s=Channel2.RX3i.A102,A102,,50:26.1,1.223,0,94.4
4,ns=2;s=Channel2.RX3i.A103,A103,,ns=2;s=Channel2.RX3i.A104,A104,,50:26.1,1.223,0,94.4
5,ns=2;s=Channel2.RX3i.A105,A105,,ns=2;s=Channel2.RX3i.A106,A106,,50:26.1,1.223,0,94.4
6,ns=2;s=Channel2.RX3i.A107,A107,,ns=2;s=Channel2.RX3i.A108,A108,,13-02-2025 14:50:26.095,1.223,100,94.4
7,ns=2;s=Channel2.RX3i.A109,A109,,ns=2;s=Channel2.RX3i.A11,A11,,50:26.1,1.223,0,94.4
8,ns=2;s=Channel2.RX3i.A110,A110,,ns=2;s=Channel2.RX3i.A111,A111,,50:26.1,1.223,0,94.4
9,ns=2;s=Channel2.RX3i.A112,A112,,ns=2;s=Channel2.RX3i.A113,A113,,50:26.1,1.223,14.3,94.4
10,ns=2;s=Channel2.RX3i.A114,A114,,ns=2;s=Channel2.RX3i.A115,A115,,50:26.1,1.223,0,94.4
11,ns=2;s=Channel2.RX3i.A116,A116,,ns=2;s=Channel2.RX3i.A117,A117,,50:26.1,1.223,0,94.4
12,ns=2;s=Channel2.RX3i.A118,A118,,ns=2;s=Channel2.RX3i.A119,A119,,50:26.1,1.223,0,94.4
13,ns=2;s=Channel2.RX3i.A12,A12,,ns=2;s=Channel2.RX3i.A120,A120,,50:26.1,1.223,0,94.4
14,ns=2;s=Channel2.RX3i.A121,A121,,ns=2;s=Channel2.RX3i.A122,A122,,50:26.1,1.223,0,94.4
15,ns=2;s=Channel2.RX3i.A123,A123,,ns=2;s=Channel2.RX3i.A124,A124,,50:26.1,1.223,20,94.4
16,ns=2;s=Channel2.RX3i.A125,A125,,ns=2;s=Channel2.RX3i.A126,A126,,50:26.1,1.223,0,94.4
17,ns=2;s=Channel2.RX3i.A127,A127,,ns=2;s=Channel2.RX3i.A128,A128,,50:26.1,1.223,0,94.4
18,ns=2;s=Channel2.RX3i.A129,A129,,ns=2;s=Channel2.RX3i.A13,A13,,50:26.1,1.223,100,94.4
19,ns=2;s=Channel2.RX3i.A130,A130,,ns=2;s=Channel2.RX3i.A131,A131,,50:26.1,1.223,0,94.4
20,ns=2;s=Channel2.RX3i.A132,A132,,ns=2;s=Channel2.RX3i.A133,A133,,50:26.1,1.223,0,94.4
21,ns=2;s=Channel2.RX3i.A134,A134,,ns=2;s=Channel2.RX3i.A135,A135,,50:26.1,1.223,0,94.4
22,ns=2;s=Channel2.RX3i.A136,A136,,ns=2;s=Channel2.RX3i.A137,A137,,50:26.1,1.223,100,94.4
23,ns=2;s=Channel2.RX3i.A138,A138,,ns=2;s=Channel2.RX3i.A139,A139,,50:26.1,1.223,0,94.4
24,ns=2;s=Channel2.RX3i.A14,A14,,ns=2;s=Channel2.RX3i.A140,A140,,50:26.1,1.223,20,94.4
25,ns=2;s=Channel2.RX3i.A141,A141,,ns=2;s=Channel2.RX3i.A142,A142,,50:26.1,1.223,75,94.3
1,ns=2;s=Channel2.RX3i.A1,A1,,ns=2;s=Channel2.RX3i.A10,A10,,50:27.5,1.424,9.4,94.3
2,ns=2;s=Channel2.RX3i.A100,A100,,ns=2;s=Channel2.RX3i.A1000,A1000,,50:27.5,1.424,0,94.3
3,ns=2;s=Channel2.RX3i.A101,A101,,ns=2;s=Channel2.RX3i.A102,A102,,50:27.5,1.424,0,94.3
4,ns=2;s=Channel2.RX3i.A103,A103,,ns=2;s=Channel2.RX3i.A104,A104,,50:27.5,1.424,0,94.3
5,ns=2;s=Channel2.RX3i.A105,A105,,ns=2;s=Channel2.RX3i.A106,A106,,50:27.5,1.424,0,94.2
6,ns=2;s=Channel2.RX3i.A107,A107,,ns=2;s=Channel2.RX3i.A108,A108,,13-02-2025 14:50:27.519,1.424,0,94.2
7,ns=2;s=Channel2.RX3i.A109,A109,,ns=2;s=Channel2.RX3i.A11,A11,,50:27.5,1.424,16.7,94.2
8,ns=2;s=Channel2.RX3i.A110,A110,,ns=2;s=Channel2.RX3i.A111,A111,,50:27.5,1.424,0,94.2
9,ns=2;s=Channel2.RX3i.A112,A112,,ns=2;s=Channel2.RX3i.A113,A113,,50:27.5,1.424,0,94.2
10,ns=2;s=Channel2.RX3i.A114,A114,,ns=2;s=Channel2.RX3i.A115,A115,,50:27.5,1.424,0,94.2
11,ns=2;s=Channel2.RX3i.A116,A116,,ns=2;s=Channel2.RX3i.A117,A117,,50:27.5,1.424,0,94.3
12,ns=2;s=Channel2.RX3i.A118,A118,,ns=2;s=Channel2.RX3i.A119,A119,,50:27.5,1.424,100,94.3
13,ns=2;s=Channel2.RX3i.A12,A12,,ns=2;s=Channel2.RX3i.A120,A120,,50:27.5,1.424,0,94.3
14,ns=2;s=Channel2.RX3i.A121,A121,,ns=2;s=Channel2.RX3i.A122,A122,,50:27.5,1.424,16.7,94.3
15,ns=2;s=Channel2.RX3i.A123,A123,,ns=2;s=Channel2.RX3i.A124,A124,,50:27.5,1.424,0,94.3
16,ns=2;s=Channel2.RX3i.A125,A125,,ns=2;s=Channel2.RX3i.A126,A126,,50:27.5,1.424,0,94.3
17,ns=2;s=Channel2.RX3i.A127,A127,,ns=2;s=Channel2.RX3i.A128,A128,,50:27.5,1.424,0,94.3
18,ns=2;s=Channel2.RX3i.A129,A129,,ns=2;s=Channel2.RX3i.A13,A13,,50:27.5,1.424,12.5,94.3
19,ns=2;s=Channel2.RX3i.A130,A130,,ns=2;s=Channel2.RX3i.A131,A131,,50:27.5,1.424,0,94.3
20,ns=2;s=Channel2.RX3i.A132,A132,,ns=2;s=Channel2.RX3i.A133,A133,,50:27.5,1.424,0,94.3
21,ns=2;s=Channel2.RX3i.A134,A134,,ns=2;s=Channel2.RX3i.A135,A135,,50:27.5,1.424,0,94.3
22,ns=2;s=Channel2.RX3i.A136,A136,,ns=2;s=Channel2.RX3i.A137,A137,,50:27.5,1.424,0,94.3
23,ns=2;s=Channel2.RX3i.A138,A138,,ns=2;s=Channel2.RX3i.A139,A139,,50:27.5,1.424,0,94.3
24,ns=2;s=Channel2.RX3i.A14,A14,,ns=2;s=Channel2.RX3i.A140,A140,,50:27.5,1.424,0,94.3
25,ns=2;s=Channel2.RX3i.A141,A141,,ns=2;s=Channel2.RX3i.A142,A142,,50:27.5,1.424,0,94.3
1,ns=2;s=Channel2.RX3i.A1,A1,,ns=2;s=Channel2.RX3i.A10,A10,,50:28.8,1.267,10.1,94.4
2,ns=2;s=Channel2.RX3i.A100,A100,,ns=2;s=Channel2.RX3i.A1000,A1000,,50:28.8,1.267,100,94.4
3,ns=2;s=Channel2.RX3i.A101,A101,,ns=2;s=Channel2.RX3i.A102,A102,,50:28.8,1.267,0,94.4
4,ns=2;s=Channel2.RX3i.A103,A103,,ns=2;s=Channel2.RX3i.A104,A104,,50:28.8,1.267,0,94.4
5,ns=2;s=Channel2.RX3i.A105,A105,,ns=2;s=Channel2.RX3i.A106,A106,,50:28.8,1.267,0,94.4
6,ns=2;s=Channel2.RX3i.A107,A107,,ns=2;s=Channel2.RX3i.A108,A108,,13-02-2025 14:50:28.786,1.267,0,94.4
7,ns=2;s=Channel2.RX3i.A109,A109,,ns=2;s=Channel2.RX3i.A11,A11,,50:28.8,1.267,0,94.4
8,ns=2;s=Channel2.RX3i.A110,A110,,ns=2;s=Channel2.RX3i.A111,A111,,50:28.8,1.267,0,94.4
9,ns=2;s=Channel2.RX3i.A112,A112,,ns=2;s=Channel2.RX3i.A113,A113,,50:28.8,1.267,0,94.4
10,ns=2;s=Channel2.RX3i.A114,A114,,ns=2;s=Channel2.RX3i.A115,A115,,50:28.8,1.267,0,94.4
11,ns=2;s=Channel2.RX3i.A116,A116,,ns=2;s=Channel2.RX3i.A117,A117,,50:28.8,1.267,0,94.4
12,ns=2;s=Channel2.RX3i.A118,A118,,ns=2;s=Channel2.RX3i.A119,A119,,50:28.8,1.267,0,94.4
13,ns=2;s=Channel2.RX3i.A12,A12,,ns=2;s=Channel2.RX3i.A120,A120,,50:28.8,1.267,0,94.4
14,ns=2;s=Channel2.RX3i.A121,A121,,ns=2;s=Channel2.RX3i.A122,A122,,50:28.8,1.267,0,94.4
15,ns=2;s=Channel2.RX3i.A123,A123,,ns=2;s=Channel2.RX3i.A124,A124,,50:28.8,1.267,0,94.4
16,ns=2;s=Channel2.RX3i.A125,A125,,ns=2;s=Channel2.RX3i.A126,A126,,50:28.8,1.267,0,94.4
17,ns=2;s=Channel2.RX3i.A127,A127,,ns=2;s=Channel2.RX3i.A128,A128,,50:28.8,1.267,0,94.4
18,ns=2;s=Channel2.RX3i.A129,A129,,ns=2;s=Channel2.RX3i.A13,A13,,50:28.8,1.267,0,94.4
19,ns=2;s=Channel2.RX3i.A130,A130,,ns=2;s=Channel2.RX3i.A131,A131,,50:28.8,1.267,0,94.4
20,ns=2;s=Channel2.RX3i.A132,A132,,ns=2;s=Channel2.RX3i.A133,A133,,50:28.8,1.267,0,94.4
21,ns=2;s=Channel2.RX3i.A134,A134,,ns=2;s=Channel2.RX3i.A135,A135,,50:28.8,1.267,0,94.4
22,ns=2;s=Channel2.RX3i.A136,A136,,ns=2;s=Channel2.RX3i.A137,A137,,50:28.8,1.267,0,94.4
23,ns=2;s=Channel2.RX3i.A138,A138,,ns=2;s=Channel2.RX3i.A139,A139,,50:28.8,1.267,0,94.4
24,ns=2;s=Channel2.RX3i.A14,A14,,ns=2;s=Channel2.RX3i.A140,A140,,50:28.8,1.267,0,94.4
25,ns=2;s=Channel2.RX3i.A141,A141,,ns=2;s=Channel2.RX3i.A142,A142,,50:28.8,1.267,50,94.4
1,ns=2;s=Channel2.RX3i.A1,A1,,ns=2;s=Channel2.RX3i.A10,A10,,50:30.2,1.45,7.3,94.6
2,ns=2;s=Channel2.RX3i.A100,A100,,ns=2;s=Channel2.RX3i.A1000,A1000,,50:30.2,1.45,0,94.6
3,ns=2;s=Channel2.RX3i.A101,A101,,ns=2;s=Channel2.RX3i.A102,A102,,50:30.2,1.45,40,94.6
4,ns=2;s=Channel2.RX3i.A103,A103,,ns=2;s=Channel2.RX3i.A104,A104,,50:30.2,1.45,0,94.6
5,ns=2;s=Channel2.RX3i.A105,A105,,ns=2;s=Channel2.RX3i.A106,A106,,50:30.2,1.45,0,94.6
6,ns=2;s=Channel2.RX3i.A107,A107,,ns=2;s=Channel2.RX3i.A108,A108,,13-02-2025 14:50:30.236,1.45,0,94.6
7,ns=2;s=Channel2.RX3i.A109,A109,,ns=2;s=Channel2.RX3i.A11,A11,,50:30.2,1.45,0,94.6
8,ns=2;s=Channel2.RX3i.A110,A110,,ns=2;s=Channel2.RX3i.A111,A111,,50:30.2,1.45,0,94.6
9,ns=2;s=Channel2.RX3i.A112,A112,,ns=2;s=Channel2.RX3i.A113,A113,,50:30.2,1.45,0,94.6
10,ns=2;s=Channel2.RX3i.A114,A114,,ns=2;s=Channel2.RX3i.A115,A115,,50:30.2,1.45,0,94.6
11,ns=2;s=Channel2.RX3i.A116,A116,,ns=2;s=Channel2.RX3i.A117,A117,,50:30.2,1.45,0,94.6
12,ns=2;s=Channel2.RX3i.A118,A118,,ns=2;s=Channel2.RX3i.A119,A119,,50:30.2,1.45,0,94.6
13,ns=2;s=Channel2.RX3i.A12,A12,,ns=2;s=Channel2.RX3i.A120,A120,,50:30.2,1.45,25,94.6
14,ns=2;s=Channel2.RX3i.A121,A121,,ns=2;s=Channel2.RX3i.A122,A122,,50:30.2,1.45,0,94.6
15,ns=2;s=Channel2.RX3i.A123,A123,,ns=2;s=Channel2.RX3i.A124,A124,,50:30.2,1.45,0,94.4
16,ns=2;s=Channel2.RX3i.A125,A125,,ns=2;s=Channel2.RX3i.A126,A126,,50:30.2,1.45,0,94.4
17,ns=2;s=Channel2.RX3i.A127,A127,,ns=2;s=Channel2.RX3i.A128,A128,,50:30.2,1.45,0,94.4
18,ns=2;s=Channel2.RX3i.A129,A129,,ns=2;s=Channel2.RX3i.A13,A13,,50:30.2,1.45,0,94.4
19,ns=2;s=Channel2.RX3i.A130,A130,,ns=2;s=Channel2.RX3i.A131,A131,,50:30.2,1.45,0,94.4
20,ns=2;s=Channel2.RX3i.A132,A132,,ns=2;s=Channel2.RX3i.A133,A133,,50:30.2,1.45,0,94.4
21,ns=2;s=Channel2.RX3i.A134,A134,,ns=2;s=Channel2.RX3i.A135,A135,,50:30.2,1.45,0,94.4
22,ns=2;s=Channel2.RX3i.A136,A136,,ns=2;s=Channel2.RX3i.A137,A137,,50:30.2,1.45,0,94.4
23,ns=2;s=Channel2.RX3i.A138,A138,,ns=2;s=Channel2.RX3i.A139,A139,,50:30.2,1.45,0,94.4
24,ns=2;s=Channel2.RX3i.A14,A14,,ns=2;s=Channel2.RX3i.A140,A140,,50:30.2,1.45,0,94.4
25,ns=2;s=Channel2.RX3i.A141,A141,,ns=2;s=Channel2.RX3i.A142,A142,,50:30.2,1.45,0,94.4
1,ns=2;s=Channel2.RX3i.A1,A1,,ns=2;s=Channel2.RX3i.A10,A10,,50:31.5,1.216,12,94.4
2,ns=2;s=Channel2.RX3i.A100,A100,,ns=2;s=Channel2.RX3i.A1000,A1000,,50:31.5,1.216,0,94.4
3,ns=2;s=Channel2.RX3i.A101,A101,,ns=2;s=Channel2.RX3i.A102,A102,,50:31.5,1.216,0,94.4
4,ns=2;s=Channel2.RX3i.A103,A103,,ns=2;s=Channel2.RX3i.A104,A104,,50:31.5,1.216,12.5,94.4
5,ns=2;s=Channel2.RX3i.A105,A105,,ns=2;s=Channel2.RX3i.A106,A106,,50:31.5,1.216,0,94.4
6,ns=2;s=Channel2.RX3i.A107,A107,,ns=2;s=Channel2.RX3i.A108,A108,,13-02-2025 14:50:31.453,1.216,0,94.4
7,ns=2;s=Channel2.RX3i.A109,A109,,ns=2;s=Channel2.RX3i.A11,A11,,50:31.5,1.216,0,94.4
8,ns=2;s=Channel2.RX3i.A110,A110,,ns=2;s=Channel2.RX3i.A111,A111,,50:31.5,1.216,16.7,94.4
9,ns=2;s=Channel2.RX3i.A112,A112,,ns=2;s=Channel2.RX3i.A113,A113,,50:31.5,1.216,0,94.4
10,ns=2;s=Channel2.RX3i.A114,A114,,ns=2;s=Channel2.RX3i.A115,A115,,50:31.5,1.216,0,94.4
11,ns=2;s=Channel2.RX3i.A116,A116,,ns=2;s=Channel2.RX3i.A117,A117,,50:31.5,1.216,14.3,94.4
12,ns=2;s=Channel2.RX3i.A118,A118,,ns=2;s=Channel2.RX3i.A119,A119,,50:31.5,1.216,0,94.4
13,ns=2;s=Channel2.RX3i.A12,A12,,ns=2;s=Channel2.RX3i.A120,A120,,50:31.5,1.216,0,94.4
14,ns=2;s=Channel2.RX3i.A121,A121,,ns=2;s=Channel2.RX3i.A122,A122,,50:31.5,1.216,0,94.4
15,ns=2;s=Channel2.RX3i.A123,A123,,ns=2;s=Channel2.RX3i.A124,A124,,50:31.5,1.216,0,94.4
16,ns=2;s=Channel2.RX3i.A125,A125,,ns=2;s=Channel2.RX3i.A126,A126,,50:31.5,1.216,0,94.4
17,ns=2;s=Channel2.RX3i.A127,A127,,ns=2;s=Channel2.RX3i.A128,A128,,50:31.5,1.216,0,94.4
18,ns=2;s=Channel2.RX3i.A129,A129,,ns=2;s=Channel2.RX3i.A13,A13,,50:31.5,1.216,0,94.4
19,ns=2;s=Channel2.RX3i.A130,A130,,ns=2;s=Channel2.RX3i.A131,A131,,50:31.5,1.216,0,94.4
20,ns=2;s=Channel2.RX3i.A132,A132,,ns=2;s=Channel2.RX3i.A133,A133,,50:31.5,1.216,0,94.4
21,ns=2;s=Channel2.RX3i.A134,A134,,ns=2;s=Channel2.RX3i.A135,A135,,50:31.5,1.216,0,94.4
22,ns=2;s=Channel2.RX3i.A136,A136,,ns=2;s=Channel2.RX3i.A137,A137,,50:31.5,1.216,0,94.4
23,ns=2;s=Channel2.RX3i.A138,A138,,ns=2;s=Channel2.RX3i.A139,A139,,50:31.5,1.216,0,94.4
24,ns=2;s=Channel2.RX3i.A14,A14,,ns=2;s=Channel2.RX3i.A140,A140,,50:31.5,1.216,100,94.4
25,ns=2;s=Channel2.RX3i.A141,A141,,ns=2;s=Channel2.RX3i.A142,A142,,50:31.5,1.216,0,94.4
1,ns=2;s=Channel2.RX3i.A1,A1,,ns=2;s=Channel2.RX3i.A10,A10,,50:32.7,1.257,8,94.6
2,ns=2;s=Channel2.RX3i.A100,A100,,ns=2;s=Channel2.RX3i.A1000,A1000,,50:32.7,1.257,0,94.6
3,ns=2;s=Channel2.RX3i.A101,A101,,ns=2;s=Channel2.RX3i.A102,A102,,50:32.7,1.257,0,94.6
4,ns=2;s=Channel2.RX3i.A103,A103,,ns=2;s=Channel2.RX3i.A104,A104,,50:32.7,1.257,0,94.6
5,ns=2;s=Channel2.RX3i.A105,A105,,ns=2;s=Channel2.RX3i.A106,A106,,50:32.7,1.257,12.5,94.6
6,ns=2;s=Channel2.RX3i.A107,A107,,ns=2;s=Channel2.RX3i.A108,A108,,13-02-2025 14:50:32.710,1.257,25,94.6
7,ns=2;s=Channel2.RX3i.A109,A109,,ns=2;s=Channel2.RX3i.A11,A11,,50:32.7,1.257,0,94.6
8,ns=2;s=Channel2.RX3i.A110,A110,,ns=2;s=Channel2.RX3i.A111,A111,,50:32.7,1.257,0,94.6
9,ns=2;s=Channel2.RX3i.A112,A112,,ns=2;s=Channel2.RX3i.A113,A113,,50:32.7,1.257,0,94.6
10,ns=2;s=Channel2.RX3i.A114,A114,,ns=2;s=Channel2.RX3i.A115,A115,,50:32.7,1.257,0,94.6
11,ns=2;s=Channel2.RX3i.A116,A116,,ns=2;s=Channel2.RX3i.A117,A117,,50:32.7,1.257,0,94.6
12,ns=2;s=Channel2.RX3i.A118,A118,,ns=2;s=Channel2.RX3i.A119,A119,,50:32.7,1.257,0,94.6
13,ns=2;s=Channel2.RX3i.A12,A12,,ns=2;s=Channel2.RX3i.A120,A120,,50:32.7,1.257,0,94.6
14,ns=2;s=Channel2.RX3i.A121,A121,,ns=2;s=Channel2.RX3i.A122,A122,,50:32.7,1.257,0,94.6
15,ns=2;s=Channel2.RX3i.A123,A123,,ns=2;s=Channel2.RX3i.A124,A124,,50:32.7,1.257,0,94.6
16,ns=2;s=Channel2.RX3i.A125,A125,,ns=2;s=Channel2.RX3i.A126,A126,,50:32.7,1.257,0,94.6
17,ns=2;s=Channel2.RX3i.A127,A127,,ns=2;s=Channel2.RX3i.A128,A128,,50:32.7,1.257,14.3,94.6
18,ns=2;s=Channel2.RX3i.A129,A129,,ns=2;s=Channel2.RX3i.A13,A13,,50:32.7,1.257,0,94.6
19,ns=2;s=Channel2.RX3i.A130,A130,,ns=2;s=Channel2.RX3i.A131,A131,,50:32.7,1.257,11.1,94.6
20,ns=2;s=Channel2.RX3i.A132,A132,,ns=2;s=Channel2.RX3i.A133,A133,,50:32.7,1.257,0,94.6
21,ns=2;s=Channel2.RX3i.A134,A134,,ns=2;s=Channel2.RX3i.A135,A135,,50:32.7,1.257,16.7,94.6
22,ns=2;s=Channel2.RX3i.A136,A136,,ns=2;s=Channel2.RX3i.A137,A137,,50:32.7,1.257,0,94.6
23,ns=2;s=Channel2.RX3i.A138,A138,,ns=2;s=Channel2.RX3i.A139,A139,,50:32.7,1.257,0,94.6
24,ns=2;s=Channel2.RX3i.A14,A14,,ns=2;s=Channel2.RX3i.A140,A140,,50:32.7,1.257,25,94.6
25,ns=2;s=Channel2.RX3i.A141,A141,,ns=2;s=Channel2.RX3i.A142,A142,,50:32.7,1.257,12.5,94.6
1,ns=2;s=Channel2.RX3i.A1,A1,,ns=2;s=Channel2.RX3i.A10,A10,,50:34.1,1.39,15.1,94.7
2,ns=2;s=Channel2.RX3i.A100,A100,,ns=2;s=Channel2.RX3i.A1000,A1000,,50:34.1,1.39,0,94.7
3,ns=2;s=Channel2.RX3i.A101,A101,,ns=2;s=Channel2.RX3i.A102,A102,,50:34.1,1.39,16.7,94.7
4,ns=2;s=Channel2.RX3i.A103,A103,,ns=2;s=Channel2.RX3i.A104,A104,,50:34.1,1.39,0,94.7
5,ns=2;s=Channel2.RX3i.A105,A105,,ns=2;s=Channel2.RX3i.A106,A106,,50:34.1,1.39,50,94.7
6,ns=2;s=Channel2.RX3i.A107,A107,,ns=2;s=Channel2.RX3i.A108,A108,,13-02-2025 14:50:34.099,1.39,0,94.6
7,ns=2;s=Channel2.RX3i.A109,A109,,ns=2;s=Channel2.RX3i.A11,A11,,50:34.1,1.39,0,94.7
8,ns=2;s=Channel2.RX3i.A110,A110,,ns=2;s=Channel2.RX3i.A111,A111,,50:34.1,1.39,33.3,94.6
9,ns=2;s=Channel2.RX3i.A112,A112,,ns=2;s=Channel2.RX3i.A113,A113,,50:34.1,1.39,16.7,94.6
10,ns=2;s=Channel2.RX3i.A114,A114,,ns=2;s=Channel2.RX3i.A115,A115,,50:34.1,1.39,0,94.6
11,ns=2;s=Channel2.RX3i.A116,A116,,ns=2;s=Channel2.RX3i.A117,A117,,50:34.1,1.39,50,94.6
12,ns=2;s=Channel2.RX3i.A118,A118,,ns=2;s=Channel2.RX3i.A119,A119,,50:34.1,1.39,0,94.7
13,ns=2;s=Channel2.RX3i.A12,A12,,ns=2;s=Channel2.RX3i.A120,A120,,50:34.1,1.39,0,94.7
14,ns=2;s=Channel2.RX3i.A121,A121,,ns=2;s=Channel2.RX3i.A122,A122,,50:34.1,1.39,0,94.7
15,ns=2;s=Channel2.RX3i.A123,A123,,ns=2;s=Channel2.RX3i.A124,A124,,50:34.1,1.39,0,94.7
16,ns=2;s=Channel2.RX3i.A125,A125,,ns=2;s=Channel2.RX3i.A126,A126,,50:34.1,1.39,14.3,94.7
17,ns=2;s=Channel2.RX3i.A127,A127,,ns=2;s=Channel2.RX3i.A128,A128,,50:34.1,1.39,0,94.7
18,ns=2;s=Channel2.RX3i.A129,A129,,ns=2;s=Channel2.RX3i.A13,A13,,50:34.1,1.39,0,94.7
19,ns=2;s=Channel2.RX3i.A130,A130,,ns=2;s=Channel2.RX3i.A131,A131,,50:34.1,1.39,0,94.7
20,ns=2;s=Channel2.RX3i.A132,A132,,ns=2;s=Channel2.RX3i.A133,A133,,50:34.1,1.39,0,94.7
21,ns=2;s=Channel2.RX3i.A134,A134,,ns=2;s=Channel2.RX3i.A135,A135,,50:34.1,1.39,0,94.7
22,ns=2;s=Channel2.RX3i.A136,A136,,ns=2;s=Channel2.RX3i.A137,A137,,50:34.1,1.39,0,94.7
23,ns=2;s=Channel2.RX3i.A138,A138,,ns=2;s=Channel2.RX3i.A139,A139,,50:34.1,1.39,0,94.7
24,ns=2;s=Channel2.RX3i.A14,A14,,ns=2;s=Channel2.RX3i.A140,A140,,50:34.1,1.39,0,94.7
25,ns=2;s=Channel2.RX3i.A141,A141,,ns=2;s=Channel2.RX3i.A142,A142,,50:34.1,1.39,37.5,94.7
1,ns=2;s=Channel2.RX3i.A1,A1,,ns=2;s=Channel2.RX3i.A10,A10,,50:35.3,1.176,16.2,93.9
2,ns=2;s=Channel2.RX3i.A100,A100,,ns=2;s=Channel2.RX3i.A1000,A1000,,50:35.3,1.176,0,93.9
3,ns=2;s=Channel2.RX3i.A101,A101,,ns=2;s=Channel2.RX3i.A102,A102,,50:35.3,1.176,25,93.9
4,ns=2;s=Channel2.RX3i.A103,A103,,ns=2;s=Channel2.RX3i.A104,A104,,50:35.3,1.176,0,93.9
5,ns=2;s=Channel2.RX3i.A105,A105,,ns=2;s=Channel2.RX3i.A106,A106,,50:35.3,1.176,0,93.9
6,ns=2;s=Channel2.RX3i.A107,A107,,ns=2;s=Channel2.RX3i.A108,A108,,13-02-2025 14:50:35.276,1.176,0,93.9
7,ns=2;s=Channel2.RX3i.A109,A109,,ns=2;s=Channel2.RX3i.A11,A11,,50:35.3,1.176,0,93.9
8,ns=2;s=Channel2.RX3i.A110,A110,,ns=2;s=Channel2.RX3i.A111,A111,,50:35.3,1.176,100,93.9
9,ns=2;s=Channel2.RX3i.A112,A112,,ns=2;s=Channel2.RX3i.A113,A113,,50:35.3,1.176,0,93.9
10,ns=2;s=Channel2.RX3i.A114,A114,,ns=2;s=Channel2.RX3i.A115,A115,,50:35.3,1.176,0,93.9
11,ns=2;s=Channel2.RX3i.A116,A116,,ns=2;s=Channel2.RX3i.A117,A117,,50:35.3,1.176,100,93.9
12,ns=2;s=Channel2.RX3i.A118,A118,,ns=2;s=Channel2.RX3i.A119,A119,,50:35.3,1.176,0,93.9
13,ns=2;s=Channel2.RX3i.A12,A12,,ns=2;s=Channel2.RX3i.A120,A120,,50:35.3,1.176,0,93.9
14,ns=2;s=Channel2.RX3i.A121,A121,,ns=2;s=Channel2.RX3i.A122,A122,,50:35.3,1.176,0,93.9
15,ns=2;s=Channel2.RX3i.A123,A123,,ns=2;s=Channel2.RX3i.A124,A124,,50:35.3,1.176,0,93.9
16,ns=2;s=Channel2.RX3i.A125,A125,,ns=2;s=Channel2.RX3i.A126,A126,,50:35.3,1.176,0,93.9
17,ns=2;s=Channel2.RX3i.A127,A127,,ns=2;s=Channel2.RX3i.A128,A128,,50:35.3,1.176,0,93.9
18,ns=2;s=Channel2.RX3i.A129,A129,,ns=2;s=Channel2.RX3i.A13,A13,,50:35.3,1.176,0,93.9
19,ns=2;s=Channel2.RX3i.A130,A130,,ns=2;s=Channel2.RX3i.A131,A131,,50:35.3,1.176,0,93.9
20,ns=2;s=Channel2.RX3i.A132,A132,,ns=2;s=Channel2.RX3i.A133,A133,,50:35.3,1.176,0,93.9
21,ns=2;s=Channel2.RX3i.A134,A134,,ns=2;s=Channel2.RX3i.A135,A135,,50:35.3,1.176,12.5,93.9
22,ns=2;s=Channel2.RX3i.A136,A136,,ns=2;s=Channel2.RX3i.A137,A137,,50:35.3,1.176,0,93.9
23,ns=2;s=Channel2.RX3i.A138,A138,,ns=2;s=Channel2.RX3i.A139,A139,,50:35.3,1.176,0,93.9
24,ns=2;s=Channel2.RX3i.A14,A14,,ns=2;s=Channel2.RX3i.A140,A140,,50:35.3,1.176,0,93.9
25,ns=2;s=Channel2.RX3i.A141,A141,,ns=2;s=Channel2.RX3i.A142,A142,,50:35.3,1.176,0,93.9
1,ns=2;s=Channel2.RX3i.A1,A1,,ns=2;s=Channel2.RX3i.A10,A10,,50:36.6,1.328,12.1,94.2
2,ns=2;s=Channel2.RX3i.A100,A100,,ns=2;s=Channel2.RX3i.A1000,A1000,,50:36.6,1.328,0,94.2
3,ns=2;s=Channel2.RX3i.A101,A101,,ns=2;s=Channel2.RX3i.A102,A102,,50:36.6,1.328,16.7,94.2
4,ns=2;s=Channel2.RX3i.A103,A103,,ns=2;s=Channel2.RX3i.A104,A104,,50:36.6,1.328,0,94.2
5,ns=2;s=Channel2.RX3i.A105,A105,,ns=2;s=Channel2.RX3i.A106,A106,,50:36.6,1.328,25,94.2
6,ns=2;s=Channel2.RX3i.A107,A107,,ns=2;s=Channel2.RX3i.A108,A108,,13-02-2025 14:50:36.604,1.328,100,94.2
7,ns=2;s=Channel2.RX3i.A109,A109,,ns=2;s=Channel2.RX3i.A11,A11,,50:36.6,1.328,16.7,94.2
8,ns=2;s=Channel2.RX3i.A110,A110,,ns=2;s=Channel2.RX3i.A111,A111,,50:36.6,1.328,0,94.2
9,ns=2;s=Channel2.RX3i.A112,A112,,ns=2;s=Channel2.RX3i.A113,A113,,50:36.6,1.328,16.7,94.2
10,ns=2;s=Channel2.RX3i.A114,A114,,ns=2;s=Channel2.RX3i.A115,A115,,50:36.6,1.328,0,94.2
11,ns=2;s=Channel2.RX3i.A116,A116,,ns=2;s=Channel2.RX3i.A117,A117,,50:36.6,1.328,100,94.2
12,ns=2;s=Channel2.RX3i.A118,A118,,ns=2;s=Channel2.RX3i.A119,A119,,50:36.6,1.328,14.3,94.2
13,ns=2;s=Channel2.RX3i.A12,A12,,ns=2;s=Channel2.RX3i.A120,A120,,50:36.6,1.328,0,94.2
14,ns=2;s=Channel2.RX3i.A121,A121,,ns=2;s=Channel2.RX3i.A122,A122,,50:36.6,1.328,0,94.2
15,ns=2;s=Channel2.RX3i.A123,A123,,ns=2;s=Channel2.RX3i.A124,A124,,50:36.6,1.328,0,94.2
16,ns=2;s=Channel2.RX3i.A125,A125,,ns=2;s=Channel2.RX3i.A126,A126,,50:36.6,1.328,50,94.2
17,ns=2;s=Channel2.RX3i.A127,A127,,ns=2;s=Channel2.RX3i.A128,A128,,50:36.6,1.328,0,94.2
18,ns=2;s=Channel2.RX3i.A129,A129,,ns=2;s=Channel2.RX3i.A13,A13,,50:36.6,1.328,0,94.2
19,ns=2;s=Channel2.RX3i.A130,A130,,ns=2;s=Channel2.RX3i.A131,A131,,50:36.6,1.328,0,94.2
20,ns=2;s=Channel2.RX3i.A132,A132,,ns=2;s=Channel2.RX3i.A133,A133,,50:36.6,1.328,0,94.2
21,ns=2;s=Channel2.RX3i.A134,A134,,ns=2;s=Channel2.RX3i.A135,A135,,50:36.6,1.328,12.5,94.2
22,ns=2;s=Channel2.RX3i.A136,A136,,ns=2;s=Channel2.RX3i.A137,A137,,50:36.6,1.328,0,94.2
23,ns=2;s=Channel2.RX3i.A138,A138,,ns=2;s=Channel2.RX3i.A139,A139,,50:36.6,1.328,0,94.2
24,ns=2;s=Channel2.RX3i.A14,A14,,ns=2;s=Channel2.RX3i.A140,A140,,50:36.6,1.328,0,94.2
25,ns=2;s=Channel2.RX3i.A141,A141,,ns=2;s=Channel2.RX3i.A142,A142,,50:36.6,1.328,14.3,94.2
1,ns=2;s=Channel2.RX3i.A1,A1,,ns=2;s=Channel2.RX3i.A10,A10,,50:37.8,1.224,11.1,94.2
2,ns=2;s=Channel2.RX3i.A100,A100,,ns=2;s=Channel2.RX3i.A1000,A1000,,50:37.8,1.224,0,94.2
3,ns=2;s=Channel2.RX3i.A101,A101,,ns=2;s=Channel2.RX3i.A102,A102,,50:37.8,1.224,0,94.2
4,ns=2;s=Channel2.RX3i.A103,A103,,ns=2;s=Channel2.RX3i.A104,A104,,50:37.8,1.224,0,94.2
5,ns=2;s=Channel2.RX3i.A105,A105,,ns=2;s=Channel2.RX3i.A106,A106,,50:37.8,1.224,25,94.2
6,ns=2;s=Channel2.RX3i.A107,A107,,ns=2;s=Channel2.RX3i.A108,A108,,13-02-2025 14:50:37.828,1.224,0,94.2
7,ns=2;s=Channel2.RX3i.A109,A109,,ns=2;s=Channel2.RX3i.A11,A11,,50:37.8,1.224,100,94.2
8,ns=2;s=Channel2.RX3i.A110,A110,,ns=2;s=Channel2.RX3i.A111,A111,,50:37.8,1.224,0,94.2
9,ns=2;s=Channel2.RX3i.A112,A112,,ns=2;s=Channel2.RX3i.A113,A113,,50:37.8,1.224,0,94.2
10,ns=2;s=Channel2.RX3i.A114,A114,,ns=2;s=Channel2.RX3i.A115,A115,,50:37.8,1.224,66.7,94.2
11,ns=2;s=Channel2.RX3i.A116,A116,,ns=2;s=Channel2.RX3i.A117,A117,,50:37.8,1.224,0,94.2
12,ns=2;s=Channel2.RX3i.A118,A118,,ns=2;s=Channel2.RX3i.A119,A119,,50:37.8,1.224,42.9,94.2
13,ns=2;s=Channel2.RX3i.A12,A12,,ns=2;s=Channel2.RX3i.A120,A120,,50:37.8,1.224,0,94.2
14,ns=2;s=Channel2.RX3i.A121,A121,,ns=2;s=Channel2.RX3i.A122,A122,,50:37.8,1.224,14.3,94.2
15,ns=2;s=Channel2.RX3i.A123,A123,,ns=2;s=Channel2.RX3i.A124,A124,,50:37.8,1.224,0,94.2
16,ns=2;s=Channel2.RX3i.A125,A125,,ns=2;s=Channel2.RX3i.A126,A126,,50:37.8,1.224,0,94.2
17,ns=2;s=Channel2.RX3i.A127,A127,,ns=2;s=Channel2.RX3i.A128,A128,,50:37.8,1.224,0,94.2
18,ns=2;s=Channel2.RX3i.A129,A129,,ns=2;s=Channel2.RX3i.A13,A13,,50:37.8,1.224,0,94.2
19,ns=2;s=Channel2.RX3i.A130,A130,,ns=2;s=Channel2.RX3i.A131,A131,,50:37.8,1.224,0,94.2
20,ns=2;s=Channel2.RX3i.A132,A132,,ns=2;s=Channel2.RX3i.A133,A133,,50:37.8,1.224,0,94.2
21,ns=2;s=Channel2.RX3i.A134,A134,,ns=2;s=Channel2.RX3i.A135,A135,,50:37.8,1.224,0,94.2
22,ns=2;s=Channel2.RX3i.A136,A136,,ns=2;s=Channel2.RX3i.A137,A137,,50:37.8,1.224,0,94.2
23,ns=2;s=Channel2.RX3i.A138,A138,,ns=2;s=Channel2.RX3i.A139,A139,,50:37.8,1.224,0,94.2
24,ns=2;s=Channel2.RX3i.A14,A14,,ns=2;s=Channel2.RX3i.A140,A140,,50:37.8,1.224,0,94.2
25,ns=2;s=Channel2.RX3i.A141,A141,,ns=2;s=Channel2.RX3i.A142,A142,,50:37.8,1.224,0,94.2
1,ns=2;s=Channel2.RX3i.A1,A1,,ns=2;s=Channel2.RX3i.A10,A10,,50:39.2,1.328,10.6,94.2
2,ns=2;s=Channel2.RX3i.A100,A100,,ns=2;s=Channel2.RX3i.A1000,A1000,,50:39.2,1.328,50,94.2
3,ns=2;s=Channel2.RX3i.A101,A101,,ns=2;s=Channel2.RX3i.A102,A102,,50:39.2,1.328,0,94.2
4,ns=2;s=Channel2.RX3i.A103,A103,,ns=2;s=Channel2.RX3i.A104,A104,,50:39.2,1.328,28.6,94.2
5,ns=2;s=Channel2.RX3i.A105,A105,,ns=2;s=Channel2.RX3i.A106,A106,,50:39.2,1.328,0,94.2
6,ns=2;s=Channel2.RX3i.A107,A107,,ns=2;s=Channel2.RX3i.A108,A108,,13-02-2025 14:50:39.156,1.328,0,94.2
7,ns=2;s=Channel2.RX3i.A109,A109,,ns=2;s=Channel2.RX3i.A11,A11,,50:39.2,1.328,28.6,94.2
8,ns=2;s=Channel2.RX3i.A110,A110,,ns=2;s=Channel2.RX3i.A111,A111,,50:39.2,1.328,0,94.2
9,ns=2;s=Channel2.RX3i.A112,A112,,ns=2;s=Channel2.RX3i.A113,A113,,50:39.2,1.328,20,94.2
10,ns=2;s=Channel2.RX3i.A114,A114,,ns=2;s=Channel2.RX3i.A115,A115,,50:39.2,1.328,0,94.2
11,ns=2;s=Channel2.RX3i.A116,A116,,ns=2;s=Channel2.RX3i.A117,A117,,50:39.2,1.328,16.7,94.2
12,ns=2;s=Channel2.RX3i.A118,A118,,ns=2;s=Channel2.RX3i.A119,A119,,50:39.2,1.328,0,94.2
13,ns=2;s=Channel2.RX3i.A12,A12,,ns=2;s=Channel2.RX3i.A120,A120,,50:39.2,1.328,0,94.2
14,ns=2;s=Channel2.RX3i.A121,A121,,ns=2;s=Channel2.RX3i.A122,A122,,50:39.2,1.328,25,94.2
15,ns=2;s=Channel2.RX3i.A123,A123,,ns=2;s=Channel2.RX3i.A124,A124,,50:39.2,1.328,0,94.2
16,ns=2;s=Channel2.RX3i.A125,A125,,ns=2;s=Channel2.RX3i.A126,A126,,50:39.2,1.328,0,94.2
17,ns=2;s=Channel2.RX3i.A127,A127,,ns=2;s=Channel2.RX3i.A128,A128,,50:39.2,1.328,0,94.2
18,ns=2;s=Channel2.RX3i.A129,A129,,ns=2;s=Channel2.RX3i.A13,A13,,50:39.2,1.328,0,94.2
19,ns=2;s=Channel2.RX3i.A130,A130,,ns=2;s=Channel2.RX3i.A131,A131,,50:39.2,1.328,100,94.2
20,ns=2;s=Channel2.RX3i.A132,A132,,ns=2;s=Channel2.RX3i.A133,A133,,50:39.2,1.328,0,94.2
21,ns=2;s=Channel2.RX3i.A134,A134,,ns=2;s=Channel2.RX3i.A135,A135,,50:39.2,1.328,16.7,94.2
22,ns=2;s=Channel2.RX3i.A136,A136,,ns=2;s=Channel2.RX3i.A137,A137,,50:39.2,1.328,0,94.2
23,ns=2;s=Channel2.RX3i.A138,A138,,ns=2;s=Channel2.RX3i.A139,A139,,50:39.2,1.328,0,94.2
24,ns=2;s=Channel2.RX3i.A14,A14,,ns=2;s=Channel2.RX3i.A140,A140,,50:39.2,1.328,0,94.2
25,ns=2;s=Channel2.RX3i.A141,A141,,ns=2;s=Channel2.RX3i.A142,A142,,50:39.2,1.328,0,94.2
1,ns=2;s=Channel2.RX3i.A1,A1,,ns=2;s=Channel2.RX3i.A10,A10,,50:53.7,0,0,94.7
2,ns=2;s=Channel2.RX3i.A100,A100,,ns=2;s=Channel2.RX3i.A1000,A1000,,50:53.7,0,16.7,94.7
3,ns=2;s=Channel2.RX3i.A101,A101,,ns=2;s=Channel2.RX3i.A102,A102,,50:53.7,0,0,94.7
4,ns=2;s=Channel2.RX3i.A103,A103,,ns=2;s=Channel2.RX3i.A104,A104,,50:53.7,0,0,94.7
5,ns=2;s=Channel2.RX3i.A105,A105,,ns=2;s=Channel2.RX3i.A106,A106,,50:53.7,0,16.7,94.7
6,ns=2;s=Channel2.RX3i.A107,A107,,ns=2;s=Channel2.RX3i.A108,A108,,13-02-2025 14:50:53.707,0,0,94.8
7,ns=2;s=Channel2.RX3i.A109,A109,,ns=2;s=Channel2.RX3i.A11,A11,,50:53.7,0,0,94.7
8,ns=2;s=Channel2.RX3i.A110,A110,,ns=2;s=Channel2.RX3i.A111,A111,,50:53.7,0,0,94.7
9,ns=2;s=Channel2.RX3i.A112,A112,,ns=2;s=Channel2.RX3i.A113,A113,,50:53.7,0,0,94.7
10,ns=2;s=Channel2.RX3i.A114,A114,,ns=2;s=Channel2.RX3i.A115,A115,,50:53.7,0,0,94.7
11,ns=2;s=Channel2.RX3i.A116,A116,,ns=2;s=Channel2.RX3i.A117,A117,,50:53.7,0,16.7,94.7
12,ns=2;s=Channel2.RX3i.A118,A118,,ns=2;s=Channel2.RX3i.A119,A119,,50:53.7,0,0,94.7
13,ns=2;s=Channel2.RX3i.A12,A12,,ns=2;s=Channel2.RX3i.A120,A120,,50:53.7,0,0,94.7
14,ns=2;s=Channel2.RX3i.A121,A121,,ns=2;s=Channel2.RX3i.A122,A122,,50:53.7,0,0,94.7
15,ns=2;s=Channel2.RX3i.A123,A123,,ns=2;s=Channel2.RX3i.A124,A124,,50:53.7,0,0,94.7
16,ns=2;s=Channel2.RX3i.A125,A125,,ns=2;s=Channel2.RX3i.A126,A126,,50:53.7,0,0,94.7
17,ns=2;s=Channel2.RX3i.A127,A127,,ns=2;s=Channel2.RX3i.A128,A128,,50:53.7,0,0,94.7
18,ns=2;s=Channel2.RX3i.A129,A129,,ns=2;s=Channel2.RX3i.A13,A13,,50:53.7,0,12.5,94.7
19,ns=2;s=Channel2.RX3i.A130,A130,,ns=2;s=Channel2.RX3i.A131,A131,,50:53.7,0,0,94.7
20,ns=2;s=Channel2.RX3i.A132,A132,,ns=2;s=Channel2.RX3i.A133,A133,,50:53.7,0,0,94.7
21,ns=2;s=Channel2.RX3i.A134,A134,,ns=2;s=Channel2.RX3i.A135,A135,,50:53.7,0,0,94.7
22,ns=2;s=Channel2.RX3i.A136,A136,,ns=2;s=Channel2.RX3i.A137,A137,,50:53.7,0,0,94.7
23,ns=2;s=Channel2.RX3i.A138,A138,,ns=2;s=Channel2.RX3i.A139,A139,,50:53.7,0,0,94.7
24,ns=2;s=Channel2.RX3i.A14,A14,,ns=2;s=Channel2.RX3i.A140,A140,,50:53.7,0,0,94.7
25,ns=2;s=Channel2.RX3i.A141,A141,,ns=2;s=Channel2.RX3i.A142,A142,,50:53.7,0,0,94.7
1,ns=2;s=Channel2.RX3i.A1,A1,,ns=2;s=Channel2.RX3i.A10,A10,,51:03.8,0,0,95
2,ns=2;s=Channel2.RX3i.A100,A100,,ns=2;s=Channel2.RX3i.A1000,A1000,,51:03.8,0,0,95
3,ns=2;s=Channel2.RX3i.A101,A101,,ns=2;s=Channel2.RX3i.A102,A102,,51:03.8,0,0,95
4,ns=2;s=Channel2.RX3i.A103,A103,,ns=2;s=Channel2.RX3i.A104,A104,,51:03.8,0,0,95
5,ns=2;s=Channel2.RX3i.A105,A105,,ns=2;s=Channel2.RX3i.A106,A106,,51:03.8,0,28.6,95
6,ns=2;s=Channel2.RX3i.A107,A107,,ns=2;s=Channel2.RX3i.A108,A108,,13-02-2025 14:51:03.797,0,0,95
7,ns=2;s=Channel2.RX3i.A109,A109,,ns=2;s=Channel2.RX3i.A11,A11,,51:03.8,0,25,95
8,ns=2;s=Channel2.RX3i.A110,A110,,ns=2;s=Channel2.RX3i.A111,A111,,51:03.8,0,0,95
9,ns=2;s=Channel2.RX3i.A112,A112,,ns=2;s=Channel2.RX3i.A113,A113,,51:03.8,0,0,95
10,ns=2;s=Channel2.RX3i.A114,A114,,ns=2;s=Channel2.RX3i.A115,A115,,51:03.8,0,0,95
11,ns=2;s=Channel2.RX3i.A116,A116,,ns=2;s=Channel2.RX3i.A117,A117,,51:03.8,0,14.3,94.8
12,ns=2;s=Channel2.RX3i.A118,A118,,ns=2;s=Channel2.RX3i.A119,A119,,51:03.8,0,0,94.8
13,ns=2;s=Channel2.RX3i.A12,A12,,ns=2;s=Channel2.RX3i.A120,A120,,51:03.8,0,0,94.8
14,ns=2;s=Channel2.RX3i.A121,A121,,ns=2;s=Channel2.RX3i.A122,A122,,51:03.8,0,33.3,94.8
15,ns=2;s=Channel2.RX3i.A123,A123,,ns=2;s=Channel2.RX3i.A124,A124,,51:03.8,0,0,94.8
16,ns=2;s=Channel2.RX3i.A125,A125,,ns=2;s=Channel2.RX3i.A126,A126,,51:03.8,0,20,94.8
17,ns=2;s=Channel2.RX3i.A127,A127,,ns=2;s=Channel2.RX3i.A128,A128,,51:03.8,0,0,94.8
18,ns=2;s=Channel2.RX3i.A129,A129,,ns=2;s=Channel2.RX3i.A13,A13,,51:03.8,0,0,94.8
19,ns=2;s=Channel2.RX3i.A130,A130,,ns=2;s=Channel2.RX3i.A131,A131,,51:03.8,0,0,94.8
20,ns=2;s=Channel2.RX3i.A132,A132,,ns=2;s=Channel2.RX3i.A133,A133,,51:03.8,0,0,94.8
21,ns=2;s=Channel2.RX3i.A134,A134,,ns=2;s=Channel2.RX3i.A135,A135,,51:03.8,0,0,94.8
22,ns=2;s=Channel2.RX3i.A136,A136,,ns=2;s=Channel2.RX3i.A137,A137,,51:03.8,0,0,94.8
23,ns=2;s=Channel2.RX3i.A138,A138,,ns=2;s=Channel2.RX3i.A139,A139,,51:03.8,0,0,94.8
24,ns=2;s=Channel2.RX3i.A14,A14,,ns=2;s=Channel2.RX3i.A140,A140,,51:03.8,0,0,94.8
25,ns=2;s=Channel2.RX3i.A141,A141,,ns=2;s=Channel2.RX3i.A142,A142,,51:03.8,0,0,94.8
1,ns=2;s=Channel2.RX3i.A1,A1,,ns=2;s=Channel2.RX3i.A10,A10,,51:05.0,1.173,17.3,94.6
2,ns=2;s=Channel2.RX3i.A100,A100,,ns=2;s=Channel2.RX3i.A1000,A1000,,51:05.0,1.173,100,94.6
3,ns=2;s=Channel2.RX3i.A101,A101,,ns=2;s=Channel2.RX3i.A102,A102,,51:05.0,1.173,16.7,94.6
4,ns=2;s=Channel2.RX3i.A103,A103,,ns=2;s=Channel2.RX3i.A104,A104,,51:05.0,1.173,16.7,94.6
5,ns=2;s=Channel2.RX3i.A105,A105,,ns=2;s=Channel2.RX3i.A106,A106,,51:05.0,1.173,0,94.6
6,ns=2;s=Channel2.RX3i.A107,A107,,ns=2;s=Channel2.RX3i.A108,A108,,13-02-2025 14:51:04.970,1.173,0,94.6
7,ns=2;s=Channel2.RX3i.A109,A109,,ns=2;s=Channel2.RX3i.A11,A11,,51:05.0,1.173,0,94.6
8,ns=2;s=Channel2.RX3i.A110,A110,,ns=2;s=Channel2.RX3i.A111,A111,,51:05.0,1.173,0,94.6
9,ns=2;s=Channel2.RX3i.A112,A112,,ns=2;s=Channel2.RX3i.A113,A113,,51:05.0,1.173,0,94.6
10,ns=2;s=Channel2.RX3i.A114,A114,,ns=2;s=Channel2.RX3i.A115,A115,,51:05.0,1.173,16.7,94.6
11,ns=2;s=Channel2.RX3i.A116,A116,,ns=2;s=Channel2.RX3i.A117,A117,,51:05.0,1.173,0,94.6
12,ns=2;s=Channel2.RX3i.A118,A118,,ns=2;s=Channel2.RX3i.A119,A119,,51:05.0,1.173,66.7,94.7
13,ns=2;s=Channel2.RX3i.A12,A12,,ns=2;s=Channel2.RX3i.A120,A120,,51:05.0,1.173,100,94.6
14,ns=2;s=Channel2.RX3i.A121,A121,,ns=2;s=Channel2.RX3i.A122,A122,,51:05.0,1.173,37.5,94.6
15,ns=2;s=Channel2.RX3i.A123,A123,,ns=2;s=Channel2.RX3i.A124,A124,,51:05.0,1.173,0,94.6
16,ns=2;s=Channel2.RX3i.A125,A125,,ns=2;s=Channel2.RX3i.A126,A126,,51:05.0,1.173,12.5,94.6
17,ns=2;s=Channel2.RX3i.A127,A127,,ns=2;s=Channel2.RX3i.A128,A128,,51:05.0,1.173,0,94.6
18,ns=2;s=Channel2.RX3i.A129,A129,,ns=2;s=Channel2.RX3i.A13,A13,,51:05.0,1.173,0,94.6
19,ns=2;s=Channel2.RX3i.A130,A130,,ns=2;s=Channel2.RX3i.A131,A131,,51:05.0,1.173,0,94.6
20,ns=2;s=Channel2.RX3i.A132,A132,,ns=2;s=Channel2.RX3i.A133,A133,,51:05.0,1.173,0,94.6
21,ns=2;s=Channel2.RX3i.A134,A134,,ns=2;s=Channel2.RX3i.A135,A135,,51:05.0,1.173,0,94.6
22,ns=2;s=Channel2.RX3i.A136,A136,,ns=2;s=Channel2.RX3i.A137,A137,,51:05.0,1.173,14.3,94.6
23,ns=2;s=Channel2.RX3i.A138,A138,,ns=2;s=Channel2.RX3i.A139,A139,,51:05.0,1.173,0,94.6
24,ns=2;s=Channel2.RX3i.A14,A14,,ns=2;s=Channel2.RX3i.A140,A140,,51:05.0,1.173,0,94.6
25,ns=2;s=Channel2.RX3i.A141,A141,,ns=2;s=Channel2.RX3i.A142,A142,,51:05.0,1.173,0,94.6
1,ns=2;s=Channel2.RX3i.A1,A1,,ns=2;s=Channel2.RX3i.A10,A10,,51:05.0,0,100,94.6
2,ns=2;s=Channel2.RX3i.A100,A100,,ns=2;s=Channel2.RX3i.A1000,A1000,,51:05.0,0,16.7,94.6
3,ns=2;s=Channel2.RX3i.A101,A101,,ns=2;s=Channel2.RX3i.A102,A102,,51:05.0,0,16.7,94.6
4,ns=2;s=Channel2.RX3i.A103,A103,,ns=2;s=Channel2.RX3i.A104,A104,,51:05.0,0,0,94.6
5,ns=2;s=Channel2.RX3i.A105,A105,,ns=2;s=Channel2.RX3i.A106,A106,,51:05.0,0,0,94.6
6,ns=2;s=Channel2.RX3i.A107,A107,,ns=2;s=Channel2.RX3i.A108,A108,,13-02-2025 14:51:04.982,0,0,94.6
7,ns=2;s=Channel2.RX3i.A109,A109,,ns=2;s=Channel2.RX3i.A11,A11,,51:05.0,0,0,94.6
8,ns=2;s=Channel2.RX3i.A110,A110,,ns=2;s=Channel2.RX3i.A111,A111,,51:05.0,0,0,94.6
9,ns=2;s=Channel2.RX3i.A112,A112,,ns=2;s=Channel2.RX3i.A113,A113,,51:05.0,0,16.7,94.6
10,ns=2;s=Channel2.RX3i.A114,A114,,ns=2;s=Channel2.RX3i.A115,A115,,51:05.0,0,0,94.6
11,ns=2;s=Channel2.RX3i.A116,A116,,ns=2;s=Channel2.RX3i.A117,A117,,51:05.0,0,66.7,94.7
12,ns=2;s=Channel2.RX3i.A118,A118,,ns=2;s=Channel2.RX3i.A119,A119,,51:05.0,0,100,94.6
13,ns=2;s=Channel2.RX3i.A12,A12,,ns=2;s=Channel2.RX3i.A120,A120,,51:05.0,0,37.5,94.6
14,ns=2;s=Channel2.RX3i.A121,A121,,ns=2;s=Channel2.RX3i.A122,A122,,51:05.0,0,0,94.6
15,ns=2;s=Channel2.RX3i.A123,A123,,ns=2;s=Channel2.RX3i.A124,A124,,51:05.0,0,12.5,94.6
16,ns=2;s=Channel2.RX3i.A125,A125,,ns=2;s=Channel2.RX3i.A126,A126,,51:05.0,0,0,94.6
17,ns=2;s=Channel2.RX3i.A127,A127,,ns=2;s=Channel2.RX3i.A128,A128,,51:05.0,0,0,94.6
18,ns=2;s=Channel2.RX3i.A129,A129,,ns=2;s=Channel2.RX3i.A13,A13,,51:05.0,0,0,94.6
19,ns=2;s=Channel2.RX3i.A130,A130,,ns=2;s=Channel2.RX3i.A131,A131,,51:05.0,0,0,94.6
20,ns=2;s=Channel2.RX3i.A132,A132,,ns=2;s=Channel2.RX3i.A133,A133,,51:05.0,0,0,94.6
21,ns=2;s=Channel2.RX3i.A134,A134,,ns=2;s=Channel2.RX3i.A135,A135,,51:05.0,0,14.3,94.6
22,ns=2;s=Channel2.RX3i.A136,A136,,ns=2;s=Channel2.RX3i.A137,A137,,51:05.0,0,0,94.6
23,ns=2;s=Channel2.RX3i.A138,A138,,ns=2;s=Channel2.RX3i.A139,A139,,51:05.0,0,0,94.6
24,ns=2;s=Channel2.RX3i.A14,A14,,ns=2;s=Channel2.RX3i.A140,A140,,51:05.0,0,0,94.6
25,ns=2;s=Channel2.RX3i.A141,A141,,ns=2;s=Channel2.RX3i.A142,A142,,51:05.0,0,0,94.6
1,ns=2;s=Channel2.RX3i.A1,A1,,ns=2;s=Channel2.RX3i.A10,A10,,51:06.3,1.312,13,94.7
2,ns=2;s=Channel2.RX3i.A100,A100,,ns=2;s=Channel2.RX3i.A1000,A1000,,51:06.3,1.312,14.3,94.7
3,ns=2;s=Channel2.RX3i.A101,A101,,ns=2;s=Channel2.RX3i.A102,A102,,51:06.3,1.312,100,94.7
4,ns=2;s=Channel2.RX3i.A103,A103,,ns=2;s=Channel2.RX3i.A104,A104,,51:06.3,1.312,0,94.7
5,ns=2;s=Channel2.RX3i.A105,A105,,ns=2;s=Channel2.RX3i.A106,A106,,51:06.3,1.312,25,94.7
6,ns=2;s=Channel2.RX3i.A107,A107,,ns=2;s=Channel2.RX3i.A108,A108,,13-02-2025 14:51:06.282,1.312,14.3,94.7
7,ns=2;s=Channel2.RX3i.A109,A109,,ns=2;s=Channel2.RX3i.A11,A11,,51:06.3,1.312,0,94.7
8,ns=2;s=Channel2.RX3i.A110,A110,,ns=2;s=Channel2.RX3i.A111,A111,,51:06.3,1.312,0,94.7
9,ns=2;s=Channel2.RX3i.A112,A112,,ns=2;s=Channel2.RX3i.A113,A113,,51:06.3,1.312,0,94.7
10,ns=2;s=Channel2.RX3i.A114,A114,,ns=2;s=Channel2.RX3i.A115,A115,,51:06.3,1.312,0,94.7
11,ns=2;s=Channel2.RX3i.A116,A116,,ns=2;s=Channel2.RX3i.A117,A117,,51:06.3,1.312,0,94.7
12,ns=2;s=Channel2.RX3i.A118,A118,,ns=2;s=Channel2.RX3i.A119,A119,,51:06.3,1.312,33.3,94.7
13,ns=2;s=Channel2.RX3i.A12,A12,,ns=2;s=Channel2.RX3i.A120,A120,,51:06.3,1.312,0,94.7
14,ns=2;s=Channel2.RX3i.A121,A121,,ns=2;s=Channel2.RX3i.A122,A122,,51:06.3,1.312,0,94.7
15,ns=2;s=Channel2.RX3i.A123,A123,,ns=2;s=Channel2.RX3i.A124,A124,,51:06.3,1.312,12.5,94.7
16,ns=2;s=Channel2.RX3i.A125,A125,,ns=2;s=Channel2.RX3i.A126,A126,,51:06.3,1.312,0,94.7
17,ns=2;s=Channel2.RX3i.A127,A127,,ns=2;s=Channel2.RX3i.A128,A128,,51:06.3,1.312,0,94.7
18,ns=2;s=Channel2.RX3i.A129,A129,,ns=2;s=Channel2.RX3i.A13,A13,,51:06.3,1.312,0,94.7
19,ns=2;s=Channel2.RX3i.A130,A130,,ns=2;s=Channel2.RX3i.A131,A131,,51:06.3,1.312,0,94.7
20,ns=2;s=Channel2.RX3i.A132,A132,,ns=2;s=Channel2.RX3i.A133,A133,,51:06.3,1.312,0,94.7
21,ns=2;s=Channel2.RX3i.A134,A134,,ns=2;s=Channel2.RX3i.A135,A135,,51:06.3,1.312,0,94.7
22,ns=2;s=Channel2.RX3i.A136,A136,,ns=2;s=Channel2.RX3i.A137,A137,,51:06.3,1.312,0,94.7
23,ns=2;s=Channel2.RX3i.A138,A138,,ns=2;s=Channel2.RX3i.A139,A139,,51:06.3,1.312,0,94.7
24,ns=2;s=Channel2.RX3i.A14,A14,,ns=2;s=Channel2.RX3i.A140,A140,,51:06.3,1.312,0,94.7
25,ns=2;s=Channel2.RX3i.A141,A141,,ns=2;s=Channel2.RX3i.A142,A142,,51:06.3,1.312,0,94.7
1,ns=2;s=Channel2.RX3i.A1,A1,,ns=2;s=Channel2.RX3i.A10,A10,,51:07.5,1.238,10.3,94.8
2,ns=2;s=Channel2.RX3i.A100,A100,,ns=2;s=Channel2.RX3i.A1000,A1000,,51:07.5,1.238,0,94.8
3,ns=2;s=Channel2.RX3i.A101,A101,,ns=2;s=Channel2.RX3i.A102,A102,,51:07.5,1.238,0,94.8
4,ns=2;s=Channel2.RX3i.A103,A103,,ns=2;s=Channel2.RX3i.A104,A104,,51:07.5,1.238,50,94.8
5,ns=2;s=Channel2.RX3i.A105,A105,,ns=2;s=Channel2.RX3i.A106,A106,,51:07.5,1.238,0,94.8
6,ns=2;s=Channel2.RX3i.A107,A107,,ns=2;s=Channel2.RX3i.A108,A108,,13-02-2025 14:51:07.525,1.238,40,94.8
7,ns=2;s=Channel2.RX3i.A109,A109,,ns=2;s=Channel2.RX3i.A11,A11,,51:07.5,1.238,0,94.8
8,ns=2;s=Channel2.RX3i.A110,A110,,ns=2;s=Channel2.RX3i.A111,A111,,51:07.5,1.238,14.3,94.9
9,ns=2;s=Channel2.RX3i.A112,A112,,ns=2;s=Channel2.RX3i.A113,A113,,51:07.5,1.238,28.6,94.9
10,ns=2;s=Channel2.RX3i.A114,A114,,ns=2;s=Channel2.RX3i.A115,A115,,51:07.5,1.238,0,94.9
11,ns=2;s=Channel2.RX3i.A116,A116,,ns=2;s=Channel2.RX3i.A117,A117,,51:07.5,1.238,0,94.9
12,ns=2;s=Channel2.RX3i.A118,A118,,ns=2;s=Channel2.RX3i.A119,A119,,51:07.5,1.238,0,94.9
13,ns=2;s=Channel2.RX3i.A12,A12,,ns=2;s=Channel2.RX3i.A120,A120,,51:07.5,1.238,0,94.9
14,ns=2;s=Channel2.RX3i.A121,A121,,ns=2;s=Channel2.RX3i.A122,A122,,51:07.5,1.238,0,94.9
15,ns=2;s=Channel2.RX3i.A123,A123,,ns=2;s=Channel2.RX3i.A124,A124,,51:07.5,1.238,0,94.9
16,ns=2;s=Channel2.RX3i.A125,A125,,ns=2;s=Channel2.RX3i.A126,A126,,51:07.5,1.238,0,94.9
17,ns=2;s=Channel2.RX3i.A127,A127,,ns=2;s=Channel2.RX3i.A128,A128,,51:07.5,1.238,14.3,94.9
18,ns=2;s=Channel2.RX3i.A129,A129,,ns=2;s=Channel2.RX3i.A13,A13,,51:07.5,1.238,0,94.9
19,ns=2;s=Channel2.RX3i.A130,A130,,ns=2;s=Channel2.RX3i.A131,A131,,51:07.5,1.238,0,94.9
20,ns=2;s=Channel2.RX3i.A132,A132,,ns=2;s=Channel2.RX3i.A133,A133,,51:07.5,1.238,0,94.9
21,ns=2;s=Channel2.RX3i.A134,A134,,ns=2;s=Channel2.RX3i.A135,A135,,51:07.5,1.238,0,94.9
22,ns=2;s=Channel2.RX3i.A136,A136,,ns=2;s=Channel2.RX3i.A137,A137,,51:07.5,1.238,0,94.9
23,ns=2;s=Channel2.RX3i.A138,A138,,ns=2;s=Channel2.RX3i.A139,A139,,51:07.5,1.238,0,94.9
24,ns=2;s=Channel2.RX3i.A14,A14,,ns=2;s=Channel2.RX3i.A140,A140,,51:07.5,1.238,40,94.9
25,ns=2;s=Channel2.RX3i.A141,A141,,ns=2;s=Channel2.RX3i.A142,A142,,51:07.5,1.238,0,94.9
1,ns=2;s=Channel2.RX3i.A1,A1,,ns=2;s=Channel2.RX3i.A10,A10,,51:07.5,1.243,10.3,94.8
2,ns=2;s=Channel2.RX3i.A100,A100,,ns=2;s=Channel2.RX3i.A1000,A1000,,51:07.5,1.243,0,94.8
3,ns=2;s=Channel2.RX3i.A101,A101,,ns=2;s=Channel2.RX3i.A102,A102,,51:07.5,1.243,0,94.8
4,ns=2;s=Channel2.RX3i.A103,A103,,ns=2;s=Channel2.RX3i.A104,A104,,51:07.5,1.243,20,94.8
5,ns=2;s=Channel2.RX3i.A105,A105,,ns=2;s=Channel2.RX3i.A106,A106,,51:07.5,1.243,0,94.8
6,ns=2;s=Channel2.RX3i.A107,A107,,ns=2;s=Channel2.RX3i.A108,A108,,13-02-2025 14:51:07.526,1.243,40,94.8
7,ns=2;s=Channel2.RX3i.A109,A109,,ns=2;s=Channel2.RX3i.A11,A11,,51:07.5,1.243,0,94.8
8,ns=2;s=Channel2.RX3i.A110,A110,,ns=2;s=Channel2.RX3i.A111,A111,,51:07.5,1.243,14.3,94.9
9,ns=2;s=Channel2.RX3i.A112,A112,,ns=2;s=Channel2.RX3i.A113,A113,,51:07.5,1.243,28.6,94.9
10,ns=2;s=Channel2.RX3i.A114,A114,,ns=2;s=Channel2.RX3i.A115,A115,,51:07.5,1.243,0,94.9
11,ns=2;s=Channel2.RX3i.A116,A116,,ns=2;s=Channel2.RX3i.A117,A117,,51:07.5,1.243,0,94.9
12,ns=2;s=Channel2.RX3i.A118,A118,,ns=2;s=Channel2.RX3i.A119,A119,,51:07.5,1.243,0,94.9
13,ns=2;s=Channel2.RX3i.A12,A12,,ns=2;s=Channel2.RX3i.A120,A120,,51:07.5,1.243,0,94.9
14,ns=2;s=Channel2.RX3i.A121,A121,,ns=2;s=Channel2.RX3i.A122,A122,,51:07.5,1.243,0,94.9
15,ns=2;s=Channel2.RX3i.A123,A123,,ns=2;s=Channel2.RX3i.A124,A124,,51:07.5,1.243,0,94.9
16,ns=2;s=Channel2.RX3i.A125,A125,,ns=2;s=Channel2.RX3i.A126,A126,,51:07.5,1.243,0,94.9
17,ns=2;s=Channel2.RX3i.A127,A127,,ns=2;s=Channel2.RX3i.A128,A128,,51:07.5,1.243,14.3,94.9
18,ns=2;s=Channel2.RX3i.A129,A129,,ns=2;s=Channel2.RX3i.A13,A13,,51:07.5,1.243,0,94.9
19,ns=2;s=Channel2.RX3i.A130,A130,,ns=2;s=Channel2.RX3i.A131,A131,,51:07.5,1.243,0,94.9
20,ns=2;s=Channel2.RX3i.A132,A132,,ns=2;s=Channel2.RX3i.A133,A133,,51:07.5,1.243,0,94.9
21,ns=2;s=Channel2.RX3i.A134,A134,,ns=2;s=Channel2.RX3i.A135,A135,,51:07.5,1.243,0,94.9
22,ns=2;s=Channel2.RX3i.A136,A136,,ns=2;s=Channel2.RX3i.A137,A137,,51:07.5,1.243,0,94.9
23,ns=2;s=Channel2.RX3i.A138,A138,,ns=2;s=Channel2.RX3i.A139,A139,,51:07.5,1.243,0,94.9
24,ns=2;s=Channel2.RX3i.A14,A14,,ns=2;s=Channel2.RX3i.A140,A140,,51:07.5,1.243,40,94.9
25,ns=2;s=Channel2.RX3i.A141,A141,,ns=2;s=Channel2.RX3i.A142,A142,,51:07.5,1.243,0,94.9
1,ns=2;s=Channel2.RX3i.A1,A1,,ns=2;s=Channel2.RX3i.A10,A10,,51:09.3,1.792,5.7,94.9
2,ns=2;s=Channel2.RX3i.A100,A100,,ns=2;s=Channel2.RX3i.A1000,A1000,,51:09.3,1.792,0,94.9
3,ns=2;s=Channel2.RX3i.A101,A101,,ns=2;s=Channel2.RX3i.A102,A102,,51:09.3,1.792,0,94.9
4,ns=2;s=Channel2.RX3i.A103,A103,,ns=2;s=Channel2.RX3i.A104,A104,,51:09.3,1.792,14.3,94.9
5,ns=2;s=Channel2.RX3i.A105,A105,,ns=2;s=Channel2.RX3i.A106,A106,,51:09.3,1.792,0,94.9
6,ns=2;s=Channel2.RX3i.A107,A107,,ns=2;s=Channel2.RX3i.A108,A108,,13-02-2025 14:51:09.317,1.792,0,94.9
7,ns=2;s=Channel2.RX3i.A109,A109,,ns=2;s=Channel2.RX3i.A11,A11,,51:09.3,1.792,12.5,94.9
8,ns=2;s=Channel2.RX3i.A110,A110,,ns=2;s=Channel2.RX3i.A111,A111,,51:09.3,1.792,0,94.9
9,ns=2;s=Channel2.RX3i.A112,A112,,ns=2;s=Channel2.RX3i.A113,A113,,51:09.3,1.792,16.7,94.9
10,ns=2;s=Channel2.RX3i.A114,A114,,ns=2;s=Channel2.RX3i.A115,A115,,51:09.3,1.792,0,94.9
11,ns=2;s=Channel2.RX3i.A116,A116,,ns=2;s=Channel2.RX3i.A117,A117,,51:09.3,1.792,0,94.9
12,ns=2;s=Channel2.RX3i.A118,A118,,ns=2;s=Channel2.RX3i.A119,A119,,51:09.3,1.792,0,94.9
13,ns=2;s=Channel2.RX3i.A12,A12,,ns=2;s=Channel2.RX3i.A120,A120,,51:09.3,1.792,0,94.9
14,ns=2;s=Channel2.RX3i.A121,A121,,ns=2;s=Channel2.RX3i.A122,A122,,51:09.3,1.792,0,94.9
15,ns=2;s=Channel2.RX3i.A123,A123,,ns=2;s=Channel2.RX3i.A124,A124,,51:09.3,1.792,25,94.9
16,ns=2;s=Channel2.RX3i.A125,A125,,ns=2;s=Channel2.RX3i.A126,A126,,51:09.3,1.792,0,94.9
17,ns=2;s=Channel2.RX3i.A127,A127,,ns=2;s=Channel2.RX3i.A128,A128,,51:09.3,1.792,0,94.9
18,ns=2;s=Channel2.RX3i.A129,A129,,ns=2;s=Channel2.RX3i.A13,A13,,51:09.3,1.792,0,94.9
19,ns=2;s=Channel2.RX3i.A130,A130,,ns=2;s=Channel2.RX3i.A131,A131,,51:09.3,1.792,0,94.9
20,ns=2;s=Channel2.RX3i.A132,A132,,ns=2;s=Channel2.RX3i.A133,A133,,51:09.3,1.792,0,94.9
21,ns=2;s=Channel2.RX3i.A134,A134,,ns=2;s=Channel2.RX3i.A135,A135,,51:09.3,1.792,0,94.9
22,ns=2;s=Channel2.RX3i.A136,A136,,ns=2;s=Channel2.RX3i.A137,A137,,51:09.3,1.792,0,94.9
23,ns=2;s=Channel2.RX3i.A138,A138,,ns=2;s=Channel2.RX3i.A139,A139,,51:09.3,1.792,0,94.9
24,ns=2;s=Channel2.RX3i.A14,A14,,ns=2;s=Channel2.RX3i.A140,A140,,51:09.3,1.792,25,94.9
25,ns=2;s=Channel2.RX3i.A141,A141,,ns=2;s=Channel2.RX3i.A142,A142,,51:09.3,1.792,0,94.9
1,ns=2;s=Channel2.RX3i.A1,A1,,ns=2;s=Channel2.RX3i.A10,A10,,51:09.3,1.793,5.7,94.9
2,ns=2;s=Channel2.RX3i.A100,A100,,ns=2;s=Channel2.RX3i.A1000,A1000,,51:09.3,1.793,0,94.9
3,ns=2;s=Channel2.RX3i.A101,A101,,ns=2;s=Channel2.RX3i.A102,A102,,51:09.3,1.793,0,94.9
4,ns=2;s=Channel2.RX3i.A103,A103,,ns=2;s=Channel2.RX3i.A104,A104,,51:09.3,1.793,14.3,94.9
5,ns=2;s=Channel2.RX3i.A105,A105,,ns=2;s=Channel2.RX3i.A106,A106,,51:09.3,1.793,0,94.9
6,ns=2;s=Channel2.RX3i.A107,A107,,ns=2;s=Channel2.RX3i.A108,A108,,13-02-2025 14:51:09.318,1.793,0,94.9
7,ns=2;s=Channel2.RX3i.A109,A109,,ns=2;s=Channel2.RX3i.A11,A11,,51:09.3,1.793,12.5,94.9
8,ns=2;s=Channel2.RX3i.A110,A110,,ns=2;s=Channel2.RX3i.A111,A111,,51:09.3,1.793,0,94.9
9,ns=2;s=Channel2.RX3i.A112,A112,,ns=2;s=Channel2.RX3i.A113,A113,,51:09.3,1.793,16.7,94.9
10,ns=2;s=Channel2.RX3i.A114,A114,,ns=2;s=Channel2.RX3i.A115,A115,,51:09.3,1.793,0,94.9
11,ns=2;s=Channel2.RX3i.A116,A116,,ns=2;s=Channel2.RX3i.A117,A117,,51:09.3,1.793,0,94.9
12,ns=2;s=Channel2.RX3i.A118,A118,,ns=2;s=Channel2.RX3i.A119,A119,,51:09.3,1.793,0,94.9
13,ns=2;s=Channel2.RX3i.A12,A12,,ns=2;s=Channel2.RX3i.A120,A120,,51:09.3,1.793,0,94.9
14,ns=2;s=Channel2.RX3i.A121,A121,,ns=2;s=Channel2.RX3i.A122,A122,,51:09.3,1.793,0,94.9
15,ns=2;s=Channel2.RX3i.A123,A123,,ns=2;s=Channel2.RX3i.A124,A124,,51:09.3,1.793,25,94.9
16,ns=2;s=Channel2.RX3i.A125,A125,,ns=2;s=Channel2.RX3i.A126,A126,,51:09.3,1.793,0,94.9
17,ns=2;s=Channel2.RX3i.A127,A127,,ns=2;s=Channel2.RX3i.A128,A128,,51:09.3,1.793,0,94.9
18,ns=2;s=Channel2.RX3i.A129,A129,,ns=2;s=Channel2.RX3i.A13,A13,,51:09.3,1.793,0,94.9
19,ns=2;s=Channel2.RX3i.A130,A130,,ns=2;s=Channel2.RX3i.A131,A131,,51:09.3,1.793,0,94.9
20,ns=2;s=Channel2.RX3i.A132,A132,,ns=2;s=Channel2.RX3i.A133,A133,,51:09.3,1.793,0,94.9
21,ns=2;s=Channel2.RX3i.A134,A134,,ns=2;s=Channel2.RX3i.A135,A135,,51:09.3,1.793,0,94.9
22,ns=2;s=Channel2.RX3i.A136,A136,,ns=2;s=Channel2.RX3i.A137,A137,,51:09.3,1.793,0,94.9
23,ns=2;s=Channel2.RX3i.A138,A138,,ns=2;s=Channel2.RX3i.A139,A139,,51:09.3,1.793,0,94.9
24,ns=2;s=Channel2.RX3i.A14,A14,,ns=2;s=Channel2.RX3i.A140,A140,,51:09.3,1.793,25,94.9
25,ns=2;s=Channel2.RX3i.A141,A141,,ns=2;s=Channel2.RX3i.A142,A142,,51:09.3,1.793,0,94.9
1,ns=2;s=Channel2.RX3i.A1,A1,,ns=2;s=Channel2.RX3i.A10,A10,,51:11.2,1.841,9.6,94.8
2,ns=2;s=Channel2.RX3i.A100,A100,,ns=2;s=Channel2.RX3i.A1000,A1000,,51:11.2,1.841,0,94.8
3,ns=2;s=Channel2.RX3i.A101,A101,,ns=2;s=Channel2.RX3i.A102,A102,,51:11.2,1.841,0,94.8
4,ns=2;s=Channel2.RX3i.A103,A103,,ns=2;s=Channel2.RX3i.A104,A104,,51:11.2,1.841,0,94.8
5,ns=2;s=Channel2.RX3i.A105,A105,,ns=2;s=Channel2.RX3i.A106,A106,,51:11.2,1.841,0,94.8
6,ns=2;s=Channel2.RX3i.A107,A107,,ns=2;s=Channel2.RX3i.A108,A108,,13-02-2025 14:51:11.158,1.841,50,94.8
7,ns=2;s=Channel2.RX3i.A109,A109,,ns=2;s=Channel2.RX3i.A11,A11,,51:11.2,1.841,0,94.8
8,ns=2;s=Channel2.RX3i.A110,A110,,ns=2;s=Channel2.RX3i.A111,A111,,51:11.2,1.841,0,94.8
9,ns=2;s=Channel2.RX3i.A112,A112,,ns=2;s=Channel2.RX3i.A113,A113,,51:11.2,1.841,12.5,94.8
10,ns=2;s=Channel2.RX3i.A114,A114,,ns=2;s=Channel2.RX3i.A115,A115,,51:11.2,1.841,0,94.8
11,ns=2;s=Channel2.RX3i.A116,A116,,ns=2;s=Channel2.RX3i.A117,A117,,51:11.2,1.841,14.3,94.8
12,ns=2;s=Channel2.RX3i.A118,A118,,ns=2;s=Channel2.RX3i.A119,A119,,51:11.2,1.841,0,94.8
13,ns=2;s=Channel2.RX3i.A12,A12,,ns=2;s=Channel2.RX3i.A120,A120,,51:11.2,1.841,28.6,94.8
14,ns=2;s=Channel2.RX3i.A121,A121,,ns=2;s=Channel2.RX3i.A122,A122,,51:11.2,1.841,0,94.8
15,ns=2;s=Channel2.RX3i.A123,A123,,ns=2;s=Channel2.RX3i.A124,A124,,51:11.2,1.841,0,94.8
16,ns=2;s=Channel2.RX3i.A125,A125,,ns=2;s=Channel2.RX3i.A126,A126,,51:11.2,1.841,37.5,94.8
17,ns=2;s=Channel2.RX3i.A127,A127,,ns=2;s=Channel2.RX3i.A128,A128,,51:11.2,1.841,0,94.8
18,ns=2;s=Channel2.RX3i.A129,A129,,ns=2;s=Channel2.RX3i.A13,A13,,51:11.2,1.841,0,94.8
19,ns=2;s=Channel2.RX3i.A130,A130,,ns=2;s=Channel2.RX3i.A131,A131,,51:11.2,1.841,0,94.8
20,ns=2;s=Channel2.RX3i.A132,A132,,ns=2;s=Channel2.RX3i.A133,A133,,51:11.2,1.841,0,94.8
21,ns=2;s=Channel2.RX3i.A134,A134,,ns=2;s=Channel2.RX3i.A135,A135,,51:11.2,1.841,37.5,94.8
22,ns=2;s=Channel2.RX3i.A136,A136,,ns=2;s=Channel2.RX3i.A137,A137,,51:11.2,1.841,0,94.8
23,ns=2;s=Channel2.RX3i.A138,A138,,ns=2;s=Channel2.RX3i.A139,A139,,51:11.2,1.841,0,94.8
24,ns=2;s=Channel2.RX3i.A14,A14,,ns=2;s=Channel2.RX3i.A140,A140,,51:11.2,1.841,0,94.8
25,ns=2;s=Channel2.RX3i.A141,A141,,ns=2;s=Channel2.RX3i.A142,A142,,51:11.2,1.841,44.4,94.8
1,ns=2;s=Channel2.RX3i.A1,A1,,ns=2;s=Channel2.RX3i.A10,A10,,51:11.2,1.841,9.5,94.8
2,ns=2;s=Channel2.RX3i.A100,A100,,ns=2;s=Channel2.RX3i.A1000,A1000,,51:11.2,1.841,50,94.8
3,ns=2;s=Channel2.RX3i.A101,A101,,ns=2;s=Channel2.RX3i.A102,A102,,51:11.2,1.841,0,94.8
4,ns=2;s=Channel2.RX3i.A103,A103,,ns=2;s=Channel2.RX3i.A104,A104,,51:11.2,1.841,0,94.8
5,ns=2;s=Channel2.RX3i.A105,A105,,ns=2;s=Channel2.RX3i.A106,A106,,51:11.2,1.841,12.5,94.8
6,ns=2;s=Channel2.RX3i.A107,A107,,ns=2;s=Channel2.RX3i.A108,A108,,13-02-2025 14:51:11.159,1.841,0,94.8
7,ns=2;s=Channel2.RX3i.A109,A109,,ns=2;s=Channel2.RX3i.A11,A11,,51:11.2,1.841,16.7,94.8
8,ns=2;s=Channel2.RX3i.A110,A110,,ns=2;s=Channel2.RX3i.A111,A111,,51:11.2,1.841,0,94.8
9,ns=2;s=Channel2.RX3i.A112,A112,,ns=2;s=Channel2.RX3i.A113,A113,,51:11.2,1.841,28.6,94.8
10,ns=2;s=Channel2.RX3i.A114,A114,,ns=2;s=Channel2.RX3i.A115,A115,,51:11.2,1.841,0,94.8
11,ns=2;s=Channel2.RX3i.A116,A116,,ns=2;s=Channel2.RX3i.A117,A117,,51:11.2,1.841,0,94.8
12,ns=2;s=Channel2.RX3i.A118,A118,,ns=2;s=Channel2.RX3i.A119,A119,,51:11.2,1.841,37.5,94.8
13,ns=2;s=Channel2.RX3i.A12,A12,,ns=2;s=Channel2.RX3i.A120,A120,,51:11.2,1.841,0,94.8
14,ns=2;s=Channel2.RX3i.A121,A121,,ns=2;s=Channel2.RX3i.A122,A122,,51:11.2,1.841,0,94.8
15,ns=2;s=Channel2.RX3i.A123,A123,,ns=2;s=Channel2.RX3i.A124,A124,,51:11.2,1.841,0,94.8
16,ns=2;s=Channel2.RX3i.A125,A125,,ns=2;s=Channel2.RX3i.A126,A126,,51:11.2,1.841,0,94.8
17,ns=2;s=Channel2.RX3i.A127,A127,,ns=2;s=Channel2.RX3i.A128,A128,,51:11.2,1.841,37.5,94.8
18,ns=2;s=Channel2.RX3i.A129,A129,,ns=2;s=Channel2.RX3i.A13,A13,,51:11.2,1.841,0,94.8
19,ns=2;s=Channel2.RX3i.A130,A130,,ns=2;s=Channel2.RX3i.A131,A131,,51:11.2,1.841,0,94.8
20,ns=2;s=Channel2.RX3i.A132,A132,,ns=2;s=Channel2.RX3i.A133,A133,,51:11.2,1.841,0,94.8
21,ns=2;s=Channel2.RX3i.A134,A134,,ns=2;s=Channel2.RX3i.A135,A135,,51:11.2,1.841,44.4,94.8
22,ns=2;s=Channel2.RX3i.A136,A136,,ns=2;s=Channel2.RX3i.A137,A137,,51:11.2,1.841,0,94.8
23,ns=2;s=Channel2.RX3i.A138,A138,,ns=2;s=Channel2.RX3i.A139,A139,,51:11.2,1.841,12.5,94.8
24,ns=2;s=Channel2.RX3i.A14,A14,,ns=2;s=Channel2.RX3i.A140,A140,,51:11.2,1.841,0,94.8
25,ns=2;s=Channel2.RX3i.A141,A141,,ns=2;s=Channel2.RX3i.A142,A142,,51:11.2,1.841,14.3,94.8
1,ns=2;s=Channel2.RX3i.A1,A1,,ns=2;s=Channel2.RX3i.A10,A10,,51:13.5,2.322,10.5,94.8
2,ns=2;s=Channel2.RX3i.A100,A100,,ns=2;s=Channel2.RX3i.A1000,A1000,,51:13.5,2.322,0,94.8
3,ns=2;s=Channel2.RX3i.A101,A101,,ns=2;s=Channel2.RX3i.A102,A102,,51:13.5,2.322,0,94.8
4,ns=2;s=Channel2.RX3i.A103,A103,,ns=2;s=Channel2.RX3i.A104,A104,,51:13.5,2.322,0,94.8
5,ns=2;s=Channel2.RX3i.A105,A105,,ns=2;s=Channel2.RX3i.A106,A106,,51:13.5,2.322,0,94.8
6,ns=2;s=Channel2.RX3i.A107,A107,,ns=2;s=Channel2.RX3i.A108,A108,,13-02-2025 14:51:13.480,2.322,14.3,94.8
7,ns=2;s=Channel2.RX3i.A109,A109,,ns=2;s=Channel2.RX3i.A11,A11,,51:13.5,2.322,0,94.8
8,ns=2;s=Channel2.RX3i.A110,A110,,ns=2;s=Channel2.RX3i.A111,A111,,51:13.5,2.322,0,94.8
9,ns=2;s=Channel2.RX3i.A112,A112,,ns=2;s=Channel2.RX3i.A113,A113,,51:13.5,2.322,0,94.8
10,ns=2;s=Channel2.RX3i.A114,A114,,ns=2;s=Channel2.RX3i.A115,A115,,51:13.5,2.322,25,94.8
11,ns=2;s=Channel2.RX3i.A116,A116,,ns=2;s=Channel2.RX3i.A117,A117,,51:13.5,2.322,0,94.8
12,ns=2;s=Channel2.RX3i.A118,A118,,ns=2;s=Channel2.RX3i.A119,A119,,51:13.5,2.322,0,94.8
13,ns=2;s=Channel2.RX3i.A12,A12,,ns=2;s=Channel2.RX3i.A120,A120,,51:13.5,2.322,14.3,94.8
14,ns=2;s=Channel2.RX3i.A121,A121,,ns=2;s=Channel2.RX3i.A122,A122,,51:13.5,2.322,0,94.8
15,ns=2;s=Channel2.RX3i.A123,A123,,ns=2;s=Channel2.RX3i.A124,A124,,51:13.5,2.322,0,94.8
16,ns=2;s=Channel2.RX3i.A125,A125,,ns=2;s=Channel2.RX3i.A126,A126,,51:13.5,2.322,0,94.8
17,ns=2;s=Channel2.RX3i.A127,A127,,ns=2;s=Channel2.RX3i.A128,A128,,51:13.5,2.322,0,94.8
18,ns=2;s=Channel2.RX3i.A129,A129,,ns=2;s=Channel2.RX3i.A13,A13,,51:13.5,2.322,14.3,94.8
19,ns=2;s=Channel2.RX3i.A130,A130,,ns=2;s=Channel2.RX3i.A131,A131,,51:13.5,2.322,0,94.8
20,ns=2;s=Channel2.RX3i.A132,A132,,ns=2;s=Channel2.RX3i.A133,A133,,51:13.5,2.322,0,94.8
21,ns=2;s=Channel2.RX3i.A134,A134,,ns=2;s=Channel2.RX3i.A135,A135,,51:13.5,2.322,100,94.8
22,ns=2;s=Channel2.RX3i.A136,A136,,ns=2;s=Channel2.RX3i.A137,A137,,51:13.5,2.322,0,94.8
23,ns=2;s=Channel2.RX3i.A138,A138,,ns=2;s=Channel2.RX3i.A139,A139,,51:13.5,2.322,0,94.8
24,ns=2;s=Channel2.RX3i.A14,A14,,ns=2;s=Channel2.RX3i.A140,A140,,51:13.5,2.322,0,94.8
25,ns=2;s=Channel2.RX3i.A141,A141,,ns=2;s=Channel2.RX3i.A142,A142,,51:13.5,2.322,0,94.8
1,ns=2;s=Channel2.RX3i.A1,A1,,ns=2;s=Channel2.RX3i.A10,A10,,51:13.5,2.342,10.4,94.8
2,ns=2;s=Channel2.RX3i.A100,A100,,ns=2;s=Channel2.RX3i.A1000,A1000,,51:13.5,2.342,0,94.8
3,ns=2;s=Channel2.RX3i.A101,A101,,ns=2;s=Channel2.RX3i.A102,A102,,51:13.5,2.342,0,94.8
4,ns=2;s=Channel2.RX3i.A103,A103,,ns=2;s=Channel2.RX3i.A104,A104,,51:13.5,2.342,0,94.8
5,ns=2;s=Channel2.RX3i.A105,A105,,ns=2;s=Channel2.RX3i.A106,A106,,51:13.5,2.342,25,94.8
6,ns=2;s=Channel2.RX3i.A107,A107,,ns=2;s=Channel2.RX3i.A108,A108,,13-02-2025 14:51:13.501,2.342,0,94.8
7,ns=2;s=Channel2.RX3i.A109,A109,,ns=2;s=Channel2.RX3i.A11,A11,,51:13.5,2.342,0,94.8
8,ns=2;s=Channel2.RX3i.A110,A110,,ns=2;s=Channel2.RX3i.A111,A111,,51:13.5,2.342,14.3,94.8
9,ns=2;s=Channel2.RX3i.A112,A112,,ns=2;s=Channel2.RX3i.A113,A113,,51:13.5,2.342,0,94.8
10,ns=2;s=Channel2.RX3i.A114,A114,,ns=2;s=Channel2.RX3i.A115,A115,,51:13.5,2.342,0,94.8
11,ns=2;s=Channel2.RX3i.A116,A116,,ns=2;s=Channel2.RX3i.A117,A117,,51:13.5,2.342,0,94.8
12,ns=2;s=Channel2.RX3i.A118,A118,,ns=2;s=Channel2.RX3i.A119,A119,,51:13.5,2.342,0,94.8
13,ns=2;s=Channel2.RX3i.A12,A12,,ns=2;s=Channel2.RX3i.A120,A120,,51:13.5,2.342,14.3,94.8
14,ns=2;s=Channel2.RX3i.A121,A121,,ns=2;s=Channel2.RX3i.A122,A122,,51:13.5,2.342,0,94.8
15,ns=2;s=Channel2.RX3i.A123,A123,,ns=2;s=Channel2.RX3i.A124,A124,,51:13.5,2.342,0,94.8
16,ns=2;s=Channel2.RX3i.A125,A125,,ns=2;s=Channel2.RX3i.A126,A126,,51:13.5,2.342,100,94.8
17,ns=2;s=Channel2.RX3i.A127,A127,,ns=2;s=Channel2.RX3i.A128,A128,,51:13.5,2.342,0,94.8
18,ns=2;s=Channel2.RX3i.A129,A129,,ns=2;s=Channel2.RX3i.A13,A13,,51:13.5,2.342,0,94.8
19,ns=2;s=Channel2.RX3i.A130,A130,,ns=2;s=Channel2.RX3i.A131,A131,,51:13.5,2.342,0,94.8
20,ns=2;s=Channel2.RX3i.A132,A132,,ns=2;s=Channel2.RX3i.A133,A133,,51:13.5,2.342,0,94.8
21,ns=2;s=Channel2.RX3i.A134,A134,,ns=2;s=Channel2.RX3i.A135,A135,,51:13.5,2.342,50,94.9
22,ns=2;s=Channel2.RX3i.A136,A136,,ns=2;s=Channel2.RX3i.A137,A137,,51:13.5,2.342,37.5,94.9
23,ns=2;s=Channel2.RX3i.A138,A138,,ns=2;s=Channel2.RX3i.A139,A139,,51:13.5,2.342,0,94.9
24,ns=2;s=Channel2.RX3i.A14,A14,,ns=2;s=Channel2.RX3i.A140,A140,,51:13.5,2.342,0,94.9
25,ns=2;s=Channel2.RX3i.A141,A141,,ns=2;s=Channel2.RX3i.A142,A142,,51:13.5,2.342,0,94.9
1,ns=2;s=Channel2.RX3i.A1,A1,,ns=2;s=Channel2.RX3i.A10,A10,,51:15.7,2.185,19.1,95
2,ns=2;s=Channel2.RX3i.A100,A100,,ns=2;s=Channel2.RX3i.A1000,A1000,,51:15.7,2.185,60,95
3,ns=2;s=Channel2.RX3i.A101,A101,,ns=2;s=Channel2.RX3i.A102,A102,,51:15.7,2.185,66.7,95
4,ns=2;s=Channel2.RX3i.A103,A103,,ns=2;s=Channel2.RX3i.A104,A104,,51:15.7,2.185,50,95
5,ns=2;s=Channel2.RX3i.A105,A105,,ns=2;s=Channel2.RX3i.A106,A106,,51:15.7,2.185,0,95
6,ns=2;s=Channel2.RX3i.A107,A107,,ns=2;s=Channel2.RX3i.A108,A108,,13-02-2025 14:51:15.686,2.185,0,95
7,ns=2;s=Channel2.RX3i.A109,A109,,ns=2;s=Channel2.RX3i.A11,A11,,51:15.7,2.185,16.7,95
8,ns=2;s=Channel2.RX3i.A110,A110,,ns=2;s=Channel2.RX3i.A111,A111,,51:15.7,2.185,0,95
9,ns=2;s=Channel2.RX3i.A112,A112,,ns=2;s=Channel2.RX3i.A113,A113,,51:15.7,2.185,20,95
10,ns=2;s=Channel2.RX3i.A114,A114,,ns=2;s=Channel2.RX3i.A115,A115,,51:15.7,2.185,0,95
11,ns=2;s=Channel2.RX3i.A116,A116,,ns=2;s=Channel2.RX3i.A117,A117,,51:15.7,2.185,0,95
12,ns=2;s=Channel2.RX3i.A118,A118,,ns=2;s=Channel2.RX3i.A119,A119,,51:15.7,2.185,37.5,95
13,ns=2;s=Channel2.RX3i.A12,A12,,ns=2;s=Channel2.RX3i.A120,A120,,51:15.7,2.185,0,95
14,ns=2;s=Channel2.RX3i.A121,A121,,ns=2;s=Channel2.RX3i.A122,A122,,51:15.7,2.185,0,95
15,ns=2;s=Channel2.RX3i.A123,A123,,ns=2;s=Channel2.RX3i.A124,A124,,51:15.7,2.185,0,95
16,ns=2;s=Channel2.RX3i.A125,A125,,ns=2;s=Channel2.RX3i.A126,A126,,51:15.7,2.185,45.5,95
17,ns=2;s=Channel2.RX3i.A127,A127,,ns=2;s=Channel2.RX3i.A128,A128,,51:15.7,2.185,0,95
18,ns=2;s=Channel2.RX3i.A129,A129,,ns=2;s=Channel2.RX3i.A13,A13,,51:15.7,2.185,0,95
19,ns=2;s=Channel2.RX3i.A130,A130,,ns=2;s=Channel2.RX3i.A131,A131,,51:15.7,2.185,33.3,95
20,ns=2;s=Channel2.RX3i.A132,A132,,ns=2;s=Channel2.RX3i.A133,A133,,51:15.7,2.185,0,95
21,ns=2;s=Channel2.RX3i.A134,A134,,ns=2;s=Channel2.RX3i.A135,A135,,51:15.7,2.185,44.4,95
22,ns=2;s=Channel2.RX3i.A136,A136,,ns=2;s=Channel2.RX3i.A137,A137,,51:15.7,2.185,0,95
23,ns=2;s=Channel2.RX3i.A138,A138,,ns=2;s=Channel2.RX3i.A139,A139,,51:15.7,2.185,100,95
24,ns=2;s=Channel2.RX3i.A14,A14,,ns=2;s=Channel2.RX3i.A140,A140,,51:15.7,2.185,14.3,95
25,ns=2;s=Channel2.RX3i.A141,A141,,ns=2;s=Channel2.RX3i.A142,A142,,51:15.7,2.185,0,95
1,ns=2;s=Channel2.RX3i.A1,A1,,ns=2;s=Channel2.RX3i.A10,A10,,51:15.6,2.158,19.5,95
2,ns=2;s=Channel2.RX3i.A100,A100,,ns=2;s=Channel2.RX3i.A1000,A1000,,51:15.6,2.158,60,95
3,ns=2;s=Channel2.RX3i.A101,A101,,ns=2;s=Channel2.RX3i.A102,A102,,51:15.6,2.158,66.7,95
4,ns=2;s=Channel2.RX3i.A103,A103,,ns=2;s=Channel2.RX3i.A104,A104,,51:15.6,2.158,50,95
5,ns=2;s=Channel2.RX3i.A105,A105,,ns=2;s=Channel2.RX3i.A106,A106,,51:15.6,2.158,0,95
6,ns=2;s=Channel2.RX3i.A107,A107,,ns=2;s=Channel2.RX3i.A108,A108,,13-02-2025 14:51:15.638,2.158,0,95
7,ns=2;s=Channel2.RX3i.A109,A109,,ns=2;s=Channel2.RX3i.A11,A11,,51:15.6,2.158,16.7,95
8,ns=2;s=Channel2.RX3i.A110,A110,,ns=2;s=Channel2.RX3i.A111,A111,,51:15.6,2.158,0,95
9,ns=2;s=Channel2.RX3i.A112,A112,,ns=2;s=Channel2.RX3i.A113,A113,,51:15.6,2.158,20,95
10,ns=2;s=Channel2.RX3i.A114,A114,,ns=2;s=Channel2.RX3i.A115,A115,,51:15.6,2.158,0,95
11,ns=2;s=Channel2.RX3i.A116,A116,,ns=2;s=Channel2.RX3i.A117,A117,,51:15.6,2.158,0,95
12,ns=2;s=Channel2.RX3i.A118,A118,,ns=2;s=Channel2.RX3i.A119,A119,,51:15.6,2.158,37.5,95
13,ns=2;s=Channel2.RX3i.A12,A12,,ns=2;s=Channel2.RX3i.A120,A120,,51:15.6,2.158,0,95
14,ns=2;s=Channel2.RX3i.A121,A121,,ns=2;s=Channel2.RX3i.A122,A122,,51:15.6,2.158,0,95
15,ns=2;s=Channel2.RX3i.A123,A123,,ns=2;s=Channel2.RX3i.A124,A124,,51:15.6,2.158,0,95
16,ns=2;s=Channel2.RX3i.A125,A125,,ns=2;s=Channel2.RX3i.A126,A126,,51:15.6,2.158,45.5,95
17,ns=2;s=Channel2.RX3i.A127,A127,,ns=2;s=Channel2.RX3i.A128,A128,,51:15.6,2.158,0,95
18,ns=2;s=Channel2.RX3i.A129,A129,,ns=2;s=Channel2.RX3i.A13,A13,,51:15.6,2.158,0,95
19,ns=2;s=Channel2.RX3i.A130,A130,,ns=2;s=Channel2.RX3i.A131,A131,,51:15.6,2.158,33.3,95
20,ns=2;s=Channel2.RX3i.A132,A132,,ns=2;s=Channel2.RX3i.A133,A133,,51:15.6,2.158,0,95
21,ns=2;s=Channel2.RX3i.A134,A134,,ns=2;s=Channel2.RX3i.A135,A135,,51:15.6,2.158,44.4,95
22,ns=2;s=Channel2.RX3i.A136,A136,,ns=2;s=Channel2.RX3i.A137,A137,,51:15.6,2.158,0,95
23,ns=2;s=Channel2.RX3i.A138,A138,,ns=2;s=Channel2.RX3i.A139,A139,,51:15.6,2.158,100,95
24,ns=2;s=Channel2.RX3i.A14,A14,,ns=2;s=Channel2.RX3i.A140,A140,,51:15.6,2.158,14.3,95
25,ns=2;s=Channel2.RX3i.A141,A141,,ns=2;s=Channel2.RX3i.A142,A142,,51:15.6,2.158,0,95
1,ns=2;s=Channel2.RX3i.A1,A1,,ns=2;s=Channel2.RX3i.A10,A10,,51:31.8,0,0,94.3
2,ns=2;s=Channel2.RX3i.A100,A100,,ns=2;s=Channel2.RX3i.A1000,A1000,,51:31.8,0,0,94.3
3,ns=2;s=Channel2.RX3i.A101,A101,,ns=2;s=Channel2.RX3i.A102,A102,,51:31.8,0,14.3,94.3
4,ns=2;s=Channel2.RX3i.A103,A103,,ns=2;s=Channel2.RX3i.A104,A104,,51:31.8,0,0,94.3
5,ns=2;s=Channel2.RX3i.A105,A105,,ns=2;s=Channel2.RX3i.A106,A106,,51:31.8,0,25,94.3
6,ns=2;s=Channel2.RX3i.A107,A107,,ns=2;s=Channel2.RX3i.A108,A108,,13-02-2025 14:51:31.819,0,25,94.3
7,ns=2;s=Channel2.RX3i.A109,A109,,ns=2;s=Channel2.RX3i.A11,A11,,51:31.8,0,0,94.3
8,ns=2;s=Channel2.RX3i.A110,A110,,ns=2;s=Channel2.RX3i.A111,A111,,51:31.8,0,0,94.3
9,ns=2;s=Channel2.RX3i.A112,A112,,ns=2;s=Channel2.RX3i.A113,A113,,51:31.8,0,0,94.3
10,ns=2;s=Channel2.RX3i.A114,A114,,ns=2;s=Channel2.RX3i.A115,A115,,51:31.8,0,14.3,94.3
11,ns=2;s=Channel2.RX3i.A116,A116,,ns=2;s=Channel2.RX3i.A117,A117,,51:31.8,0,0,94.3
12,ns=2;s=Channel2.RX3i.A118,A118,,ns=2;s=Channel2.RX3i.A119,A119,,51:31.8,0,0,94.3
13,ns=2;s=Channel2.RX3i.A12,A12,,ns=2;s=Channel2.RX3i.A120,A120,,51:31.8,0,16.7,94.3
14,ns=2;s=Channel2.RX3i.A121,A121,,ns=2;s=Channel2.RX3i.A122,A122,,51:31.8,0,0,94.3
15,ns=2;s=Channel2.RX3i.A123,A123,,ns=2;s=Channel2.RX3i.A124,A124,,51:31.8,0,0,94.3
16,ns=2;s=Channel2.RX3i.A125,A125,,ns=2;s=Channel2.RX3i.A126,A126,,51:31.8,0,0,94.3
17,ns=2;s=Channel2.RX3i.A127,A127,,ns=2;s=Channel2.RX3i.A128,A128,,51:31.8,0,0,94.3
18,ns=2;s=Channel2.RX3i.A129,A129,,ns=2;s=Channel2.RX3i.A13,A13,,51:31.8,0,0,94.3
19,ns=2;s=Channel2.RX3i.A130,A130,,ns=2;s=Channel2.RX3i.A131,A131,,51:31.8,0,42.9,94.3
20,ns=2;s=Channel2.RX3i.A132,A132,,ns=2;s=Channel2.RX3i.A133,A133,,51:31.8,0,0,94.4
21,ns=2;s=Channel2.RX3i.A134,A134,,ns=2;s=Channel2.RX3i.A135,A135,,51:31.8,0,0,94.4
22,ns=2;s=Channel2.RX3i.A136,A136,,ns=2;s=Channel2.RX3i.A137,A137,,51:31.8,0,14.3,94.4
23,ns=2;s=Channel2.RX3i.A138,A138,,ns=2;s=Channel2.RX3i.A139,A139,,51:31.8,0,0,94.4
24,ns=2;s=Channel2.RX3i.A14,A14,,ns=2;s=Channel2.RX3i.A140,A140,,51:31.8,0,0,94.4
25,ns=2;s=Channel2.RX3i.A141,A141,,ns=2;s=Channel2.RX3i.A142,A142,,51:31.8,0,12.5,94.4
1,ns=2;s=Channel2.RX3i.A1,A1,,ns=2;s=Channel2.RX3i.A10,A10,,51:32.8,0,0,94.6
2,ns=2;s=Channel2.RX3i.A100,A100,,ns=2;s=Channel2.RX3i.A1000,A1000,,51:32.8,0,12.5,94.7
3,ns=2;s=Channel2.RX3i.A101,A101,,ns=2;s=Channel2.RX3i.A102,A102,,51:32.8,0,0,94.7
4,ns=2;s=Channel2.RX3i.A103,A103,,ns=2;s=Channel2.RX3i.A104,A104,,51:32.8,0,28.6,94.7
5,ns=2;s=Channel2.RX3i.A105,A105,,ns=2;s=Channel2.RX3i.A106,A106,,51:32.8,0,0,94.7
6,ns=2;s=Channel2.RX3i.A107,A107,,ns=2;s=Channel2.RX3i.A108,A108,,13-02-2025 14:51:32.844,0,0,94.7
7,ns=2;s=Channel2.RX3i.A109,A109,,ns=2;s=Channel2.RX3i.A11,A11,,51:32.8,0,0,94.7
8,ns=2;s=Channel2.RX3i.A110,A110,,ns=2;s=Channel2.RX3i.A111,A111,,51:32.8,0,0,94.7
9,ns=2;s=Channel2.RX3i.A112,A112,,ns=2;s=Channel2.RX3i.A113,A113,,51:32.8,0,0,94.7
10,ns=2;s=Channel2.RX3i.A114,A114,,ns=2;s=Channel2.RX3i.A115,A115,,51:32.8,0,0,94.7
11,ns=2;s=Channel2.RX3i.A116,A116,,ns=2;s=Channel2.RX3i.A117,A117,,51:32.8,0,0,94.7
12,ns=2;s=Channel2.RX3i.A118,A118,,ns=2;s=Channel2.RX3i.A119,A119,,51:32.8,0,0,94.7
13,ns=2;s=Channel2.RX3i.A12,A12,,ns=2;s=Channel2.RX3i.A120,A120,,51:32.8,0,0,94.7
14,ns=2;s=Channel2.RX3i.A121,A121,,ns=2;s=Channel2.RX3i.A122,A122,,51:32.8,0,12.5,94.7
15,ns=2;s=Channel2.RX3i.A123,A123,,ns=2;s=Channel2.RX3i.A124,A124,,51:32.8,0,0,94.7
16,ns=2;s=Channel2.RX3i.A125,A125,,ns=2;s=Channel2.RX3i.A126,A126,,51:32.8,0,0,94.7
17,ns=2;s=Channel2.RX3i.A127,A127,,ns=2;s=Channel2.RX3i.A128,A128,,51:32.8,0,0,94.7
18,ns=2;s=Channel2.RX3i.A129,A129,,ns=2;s=Channel2.RX3i.A13,A13,,51:32.8,0,0,94.7
19,ns=2;s=Channel2.RX3i.A130,A130,,ns=2;s=Channel2.RX3i.A131,A131,,51:32.8,0,0,94.7
20,ns=2;s=Channel2.RX3i.A132,A132,,ns=2;s=Channel2.RX3i.A133,A133,,51:32.8,0,0,94.7
21,ns=2;s=Channel2.RX3i.A134,A134,,ns=2;s=Channel2.RX3i.A135,A135,,51:32.8,0,0,94.7
22,ns=2;s=Channel2.RX3i.A136,A136,,ns=2;s=Channel2.RX3i.A137,A137,,51:32.8,0,0,94.7
23,ns=2;s=Channel2.RX3i.A138,A138,,ns=2;s=Channel2.RX3i.A139,A139,,51:32.8,0,0,94.7
24,ns=2;s=Channel2.RX3i.A14,A14,,ns=2;s=Channel2.RX3i.A140,A140,,51:32.8,0,16.7,94.7
25,ns=2;s=Channel2.RX3i.A141,A141,,ns=2;s=Channel2.RX3i.A142,A142,,51:32.8,0,0,94.7
1,ns=2;s=Channel2.RX3i.A1,A1,,ns=2;s=Channel2.RX3i.A10,A10,,51:33.0,1.229,9.6,94.9
2,ns=2;s=Channel2.RX3i.A100,A100,,ns=2;s=Channel2.RX3i.A1000,A1000,,51:33.0,1.229,0,94.9
3,ns=2;s=Channel2.RX3i.A101,A101,,ns=2;s=Channel2.RX3i.A102,A102,,51:33.0,1.229,0,94.9
4,ns=2;s=Channel2.RX3i.A103,A103,,ns=2;s=Channel2.RX3i.A104,A104,,51:33.0,1.229,37.5,94.9
5,ns=2;s=Channel2.RX3i.A105,A105,,ns=2;s=Channel2.RX3i.A106,A106,,51:33.0,1.229,0,94.9
6,ns=2;s=Channel2.RX3i.A107,A107,,ns=2;s=Channel2.RX3i.A108,A108,,13-02-2025 14:51:33.047,1.229,0,94.9
7,ns=2;s=Channel2.RX3i.A109,A109,,ns=2;s=Channel2.RX3i.A11,A11,,51:33.0,1.229,0,94.8
8,ns=2;s=Channel2.RX3i.A110,A110,,ns=2;s=Channel2.RX3i.A111,A111,,51:33.0,1.229,0,94.8
9,ns=2;s=Channel2.RX3i.A112,A112,,ns=2;s=Channel2.RX3i.A113,A113,,51:33.0,1.229,0,94.9
10,ns=2;s=Channel2.RX3i.A114,A114,,ns=2;s=Channel2.RX3i.A115,A115,,51:33.0,1.229,14.3,94.9
11,ns=2;s=Channel2.RX3i.A116,A116,,ns=2;s=Channel2.RX3i.A117,A117,,51:33.0,1.229,0,94.9
12,ns=2;s=Channel2.RX3i.A118,A118,,ns=2;s=Channel2.RX3i.A119,A119,,51:33.0,1.229,0,94.9
13,ns=2;s=Channel2.RX3i.A12,A12,,ns=2;s=Channel2.RX3i.A120,A120,,51:33.0,1.229,0,94.9
14,ns=2;s=Channel2.RX3i.A121,A121,,ns=2;s=Channel2.RX3i.A122,A122,,51:33.0,1.229,37.5,94.9
15,ns=2;s=Channel2.RX3i.A123,A123,,ns=2;s=Channel2.RX3i.A124,A124,,51:33.0,1.229,0,94.9
16,ns=2;s=Channel2.RX3i.A125,A125,,ns=2;s=Channel2.RX3i.A126,A126,,51:33.0,1.229,0,94.9
17,ns=2;s=Channel2.RX3i.A127,A127,,ns=2;s=Channel2.RX3i.A128,A128,,51:33.0,1.229,0,94.9
18,ns=2;s=Channel2.RX3i.A129,A129,,ns=2;s=Channel2.RX3i.A13,A13,,51:33.0,1.229,0,94.9
19,ns=2;s=Channel2.RX3i.A130,A130,,ns=2;s=Channel2.RX3i.A131,A131,,51:33.0,1.229,0,94.9
20,ns=2;s=Channel2.RX3i.A132,A132,,ns=2;s=Channel2.RX3i.A133,A133,,51:33.0,1.229,50,94.9
21,ns=2;s=Channel2.RX3i.A134,A134,,ns=2;s=Channel2.RX3i.A135,A135,,51:33.0,1.229,50,94.9
22,ns=2;s=Channel2.RX3i.A136,A136,,ns=2;s=Channel2.RX3i.A137,A137,,51:33.0,1.229,0,94.9
23,ns=2;s=Channel2.RX3i.A138,A138,,ns=2;s=Channel2.RX3i.A139,A139,,51:33.0,1.229,0,94.9
24,ns=2;s=Channel2.RX3i.A14,A14,,ns=2;s=Channel2.RX3i.A140,A140,,51:33.0,1.229,12.5,94.9
25,ns=2;s=Channel2.RX3i.A141,A141,,ns=2;s=Channel2.RX3i.A142,A142,,51:33.0,1.229,0,94.9
1,ns=2;s=Channel2.RX3i.A1,A1,,ns=2;s=Channel2.RX3i.A10,A10,,51:49.9,0,0,93.8
2,ns=2;s=Channel2.RX3i.A100,A100,,ns=2;s=Channel2.RX3i.A1000,A1000,,51:49.9,0,0,93.8
3,ns=2;s=Channel2.RX3i.A101,A101,,ns=2;s=Channel2.RX3i.A102,A102,,51:49.9,0,0,93.8
4,ns=2;s=Channel2.RX3i.A103,A103,,ns=2;s=Channel2.RX3i.A104,A104,,51:49.9,0,0,93.8
5,ns=2;s=Channel2.RX3i.A105,A105,,ns=2;s=Channel2.RX3i.A106,A106,,51:49.9,0,0,93.8
6,ns=2;s=Channel2.RX3i.A107,A107,,ns=2;s=Channel2.RX3i.A108,A108,,13-02-2025 14:51:49.885,0,0,93.8
7,ns=2;s=Channel2.RX3i.A109,A109,,ns=2;s=Channel2.RX3i.A11,A11,,51:49.9,0,14.3,93.8
8,ns=2;s=Channel2.RX3i.A110,A110,,ns=2;s=Channel2.RX3i.A111,A111,,51:49.9,0,0,93.8
9,ns=2;s=Channel2.RX3i.A112,A112,,ns=2;s=Channel2.RX3i.A113,A113,,51:49.9,0,14.3,93.8
10,ns=2;s=Channel2.RX3i.A114,A114,,ns=2;s=Channel2.RX3i.A115,A115,,51:49.9,0,0,93.8
11,ns=2;s=Channel2.RX3i.A116,A116,,ns=2;s=Channel2.RX3i.A117,A117,,51:49.9,0,100,93.8
12,ns=2;s=Channel2.RX3i.A118,A118,,ns=2;s=Channel2.RX3i.A119,A119,,51:49.9,0,0,93.8
13,ns=2;s=Channel2.RX3i.A12,A12,,ns=2;s=Channel2.RX3i.A120,A120,,51:49.9,0,0,93.8
14,ns=2;s=Channel2.RX3i.A121,A121,,ns=2;s=Channel2.RX3i.A122,A122,,51:49.9,0,22.2,93.8
15,ns=2;s=Channel2.RX3i.A123,A123,,ns=2;s=Channel2.RX3i.A124,A124,,51:49.9,0,0,93.8
16,ns=2;s=Channel2.RX3i.A125,A125,,ns=2;s=Channel2.RX3i.A126,A126,,51:49.9,0,0,93.8
17,ns=2;s=Channel2.RX3i.A127,A127,,ns=2;s=Channel2.RX3i.A128,A128,,51:49.9,0,0,93.8
18,ns=2;s=Channel2.RX3i.A129,A129,,ns=2;s=Channel2.RX3i.A13,A13,,51:49.9,0,33.3,93.8
19,ns=2;s=Channel2.RX3i.A130,A130,,ns=2;s=Channel2.RX3i.A131,A131,,51:49.9,0,0,93.8
20,ns=2;s=Channel2.RX3i.A132,A132,,ns=2;s=Channel2.RX3i.A133,A133,,51:49.9,0,0,93.8
21,ns=2;s=Channel2.RX3i.A134,A134,,ns=2;s=Channel2.RX3i.A135,A135,,51:49.9,0,12.5,93.8
22,ns=2;s=Channel2.RX3i.A136,A136,,ns=2;s=Channel2.RX3i.A137,A137,,51:49.9,0,0,93.8
23,ns=2;s=Channel2.RX3i.A138,A138,,ns=2;s=Channel2.RX3i.A139,A139,,51:49.9,0,0,93.8
24,ns=2;s=Channel2.RX3i.A14,A14,,ns=2;s=Channel2.RX3i.A140,A140,,51:49.9,0,0,93.8
25,ns=2;s=Channel2.RX3i.A141,A141,,ns=2;s=Channel2.RX3i.A142,A142,,51:49.9,0,0,93.9
1,ns=2;s=Channel2.RX3i.A1,A1,,ns=2;s=Channel2.RX3i.A10,A10,,51:51.1,1.22,11.7,94.2
2,ns=2;s=Channel2.RX3i.A100,A100,,ns=2;s=Channel2.RX3i.A1000,A1000,,51:51.1,1.22,12.5,94.2
3,ns=2;s=Channel2.RX3i.A101,A101,,ns=2;s=Channel2.RX3i.A102,A102,,51:51.1,1.22,0,94.2
4,ns=2;s=Channel2.RX3i.A103,A103,,ns=2;s=Channel2.RX3i.A104,A104,,51:51.1,1.22,0,94.2
5,ns=2;s=Channel2.RX3i.A105,A105,,ns=2;s=Channel2.RX3i.A106,A106,,51:51.1,1.22,14.3,94.2
6,ns=2;s=Channel2.RX3i.A107,A107,,ns=2;s=Channel2.RX3i.A108,A108,,13-02-2025 14:51:51.105,1.22,14.3,94.2
7,ns=2;s=Channel2.RX3i.A109,A109,,ns=2;s=Channel2.RX3i.A11,A11,,51:51.1,1.22,11.8,94.3
8,ns=2;s=Channel2.RX3i.A110,A110,,ns=2;s=Channel2.RX3i.A111,A111,,51:51.1,1.22,0,94.3
9,ns=2;s=Channel2.RX3i.A112,A112,,ns=2;s=Channel2.RX3i.A113,A113,,51:51.1,1.22,0,94.3
10,ns=2;s=Channel2.RX3i.A114,A114,,ns=2;s=Channel2.RX3i.A115,A115,,51:51.1,1.22,14.3,94.3
11,ns=2;s=Channel2.RX3i.A116,A116,,ns=2;s=Channel2.RX3i.A117,A117,,51:51.1,1.22,0,94.4
12,ns=2;s=Channel2.RX3i.A118,A118,,ns=2;s=Channel2.RX3i.A119,A119,,51:51.1,1.22,12.5,94.4
13,ns=2;s=Channel2.RX3i.A12,A12,,ns=2;s=Channel2.RX3i.A120,A120,,51:51.1,1.22,0,94.4
14,ns=2;s=Channel2.RX3i.A121,A121,,ns=2;s=Channel2.RX3i.A122,A122,,51:51.1,1.22,0,94.4
15,ns=2;s=Channel2.RX3i.A123,A123,,ns=2;s=Channel2.RX3i.A124,A124,,51:51.1,1.22,0,94.4
16,ns=2;s=Channel2.RX3i.A125,A125,,ns=2;s=Channel2.RX3i.A126,A126,,51:51.1,1.22,33.3,94.4
17,ns=2;s=Channel2.RX3i.A127,A127,,ns=2;s=Channel2.RX3i.A128,A128,,51:51.1,1.22,0,94.4
18,ns=2;s=Channel2.RX3i.A129,A129,,ns=2;s=Channel2.RX3i.A13,A13,,51:51.1,1.22,0,94.4
19,ns=2;s=Channel2.RX3i.A130,A130,,ns=2;s=Channel2.RX3i.A131,A131,,51:51.1,1.22,0,94.4
20,ns=2;s=Channel2.RX3i.A132,A132,,ns=2;s=Channel2.RX3i.A133,A133,,51:51.1,1.22,0,94.4
21,ns=2;s=Channel2.RX3i.A134,A134,,ns=2;s=Channel2.RX3i.A135,A135,,51:51.1,1.22,0,94.4
22,ns=2;s=Channel2.RX3i.A136,A136,,ns=2;s=Channel2.RX3i.A137,A137,,51:51.1,1.22,0,94.4
23,ns=2;s=Channel2.RX3i.A138,A138,,ns=2;s=Channel2.RX3i.A139,A139,,51:51.1,1.22,12.5,94.4
24,ns=2;s=Channel2.RX3i.A14,A14,,ns=2;s=Channel2.RX3i.A140,A140,,51:51.1,1.22,0,94.4
25,ns=2;s=Channel2.RX3i.A141,A141,,ns=2;s=Channel2.RX3i.A142,A142,,51:51.1,1.22,0,94.4
1,ns=2;s=Channel2.RX3i.A1,A1,,ns=2;s=Channel2.RX3i.A10,A10,,51:52.3,1.237,12.6,94.6
2,ns=2;s=Channel2.RX3i.A100,A100,,ns=2;s=Channel2.RX3i.A1000,A1000,,51:52.3,1.237,0,94.6
3,ns=2;s=Channel2.RX3i.A101,A101,,ns=2;s=Channel2.RX3i.A102,A102,,51:52.3,1.237,0,94.6
4,ns=2;s=Channel2.RX3i.A103,A103,,ns=2;s=Channel2.RX3i.A104,A104,,51:52.3,1.237,12.5,94.6
5,ns=2;s=Channel2.RX3i.A105,A105,,ns=2;s=Channel2.RX3i.A106,A106,,51:52.3,1.237,0,94.6
6,ns=2;s=Channel2.RX3i.A107,A107,,ns=2;s=Channel2.RX3i.A108,A108,,13-02-2025 14:51:52.342,1.237,0,94.6
7,ns=2;s=Channel2.RX3i.A109,A109,,ns=2;s=Channel2.RX3i.A11,A11,,51:52.3,1.237,0,94.6
8,ns=2;s=Channel2.RX3i.A110,A110,,ns=2;s=Channel2.RX3i.A111,A111,,51:52.3,1.237,0,94.6
9,ns=2;s=Channel2.RX3i.A112,A112,,ns=2;s=Channel2.RX3i.A113,A113,,51:52.3,1.237,0,94.6
10,ns=2;s=Channel2.RX3i.A114,A114,,ns=2;s=Channel2.RX3i.A115,A115,,51:52.3,1.237,0,94.6
11,ns=2;s=Channel2.RX3i.A116,A116,,ns=2;s=Channel2.RX3i.A117,A117,,51:52.3,1.237,0,94.6
12,ns=2;s=Channel2.RX3i.A118,A118,,ns=2;s=Channel2.RX3i.A119,A119,,51:52.3,1.237,0,94.6
13,ns=2;s=Channel2.RX3i.A12,A12,,ns=2;s=Channel2.RX3i.A120,A120,,51:52.3,1.237,0,94.6
14,ns=2;s=Channel2.RX3i.A121,A121,,ns=2;s=Channel2.RX3i.A122,A122,,51:52.3,1.237,0,94.6
15,ns=2;s=Channel2.RX3i.A123,A123,,ns=2;s=Channel2.RX3i.A124,A124,,51:52.3,1.237,0,94.6
16,ns=2;s=Channel2.RX3i.A125,A125,,ns=2;s=Channel2.RX3i.A126,A126,,51:52.3,1.237,0,94.6
17,ns=2;s=Channel2.RX3i.A127,A127,,ns=2;s=Channel2.RX3i.A128,A128,,51:52.3,1.237,0,94.6
18,ns=2;s=Channel2.RX3i.A129,A129,,ns=2;s=Channel2.RX3i.A13,A13,,51:52.3,1.237,0,94.6
19,ns=2;s=Channel2.RX3i.A130,A130,,ns=2;s=Channel2.RX3i.A131,A131,,51:52.3,1.237,0,94.6
20,ns=2;s=Channel2.RX3i.A132,A132,,ns=2;s=Channel2.RX3i.A133,A133,,51:52.3,1.237,0,94.6
21,ns=2;s=Channel2.RX3i.A134,A134,,ns=2;s=Channel2.RX3i.A135,A135,,51:52.3,1.237,0,94.6
22,ns=2;s=Channel2.RX3i.A136,A136,,ns=2;s=Channel2.RX3i.A137,A137,,51:52.3,1.237,0,94.6
23,ns=2;s=Channel2.RX3i.A138,A138,,ns=2;s=Channel2.RX3i.A139,A139,,51:52.3,1.237,0,94.6
24,ns=2;s=Channel2.RX3i.A14,A14,,ns=2;s=Channel2.RX3i.A140,A140,,51:52.3,1.237,0,94.6
25,ns=2;s=Channel2.RX3i.A141,A141,,ns=2;s=Channel2.RX3i.A142,A142,,51:52.3,1.237,0,94.6
1,ns=2;s=Channel2.RX3i.A1,A1,,ns=2;s=Channel2.RX3i.A10,A10,,51:53.5,1.18,8.9,94.8
2,ns=2;s=Channel2.RX3i.A100,A100,,ns=2;s=Channel2.RX3i.A1000,A1000,,51:53.5,1.18,0,94.8
3,ns=2;s=Channel2.RX3i.A101,A101,,ns=2;s=Channel2.RX3i.A102,A102,,51:53.5,1.18,0,94.8
4,ns=2;s=Channel2.RX3i.A103,A103,,ns=2;s=Channel2.RX3i.A104,A104,,51:53.5,1.18,14.3,94.8
5,ns=2;s=Channel2.RX3i.A105,A105,,ns=2;s=Channel2.RX3i.A106,A106,,51:53.5,1.18,0,94.8
6,ns=2;s=Channel2.RX3i.A107,A107,,ns=2;s=Channel2.RX3i.A108,A108,,13-02-2025 14:51:53.523,1.18,0,94.8
7,ns=2;s=Channel2.RX3i.A109,A109,,ns=2;s=Channel2.RX3i.A11,A11,,51:53.5,1.18,0,94.8
8,ns=2;s=Channel2.RX3i.A110,A110,,ns=2;s=Channel2.RX3i.A111,A111,,51:53.5,1.18,0,94.8
9,ns=2;s=Channel2.RX3i.A112,A112,,ns=2;s=Channel2.RX3i.A113,A113,,51:53.5,1.18,50,94.8
10,ns=2;s=Channel2.RX3i.A114,A114,,ns=2;s=Channel2.RX3i.A115,A115,,51:53.5,1.18,0,94.8
11,ns=2;s=Channel2.RX3i.A116,A116,,ns=2;s=Channel2.RX3i.A117,A117,,51:53.5,1.18,0,94.8
12,ns=2;s=Channel2.RX3i.A118,A118,,ns=2;s=Channel2.RX3i.A119,A119,,51:53.5,1.18,0,94.8
13,ns=2;s=Channel2.RX3i.A12,A12,,ns=2;s=Channel2.RX3i.A120,A120,,51:53.5,1.18,0,94.8
14,ns=2;s=Channel2.RX3i.A121,A121,,ns=2;s=Channel2.RX3i.A122,A122,,51:53.5,1.18,0,94.8
15,ns=2;s=Channel2.RX3i.A123,A123,,ns=2;s=Channel2.RX3i.A124,A124,,51:53.5,1.18,0,94.8
16,ns=2;s=Channel2.RX3i.A125,A125,,ns=2;s=Channel2.RX3i.A126,A126,,51:53.5,1.18,0,94.8
17,ns=2;s=Channel2.RX3i.A127,A127,,ns=2;s=Channel2.RX3i.A128,A128,,51:53.5,1.18,0,94.8
18,ns=2;s=Channel2.RX3i.A129,A129,,ns=2;s=Channel2.RX3i.A13,A13,,51:53.5,1.18,0,94.8
19,ns=2;s=Channel2.RX3i.A130,A130,,ns=2;s=Channel2.RX3i.A131,A131,,51:53.5,1.18,0,94.8
20,ns=2;s=Channel2.RX3i.A132,A132,,ns=2;s=Channel2.RX3i.A133,A133,,51:53.5,1.18,25,94.8
21,ns=2;s=Channel2.RX3i.A134,A134,,ns=2;s=Channel2.RX3i.A135,A135,,51:53.5,1.18,0,94.8
22,ns=2;s=Channel2.RX3i.A136,A136,,ns=2;s=Channel2.RX3i.A137,A137,,51:53.5,1.18,0,94.8
23,ns=2;s=Channel2.RX3i.A138,A138,,ns=2;s=Channel2.RX3i.A139,A139,,51:53.5,1.18,0,94.8
24,ns=2;s=Channel2.RX3i.A14,A14,,ns=2;s=Channel2.RX3i.A140,A140,,51:53.5,1.18,33.3,94.8
25,ns=2;s=Channel2.RX3i.A141,A141,,ns=2;s=Channel2.RX3i.A142,A142,,51:53.5,1.18,0,94.8
1,ns=2;s=Channel2.RX3i.A1,A1,,ns=2;s=Channel2.RX3i.A10,A10,,51:54.7,1.17,10.9,95.1
2,ns=2;s=Channel2.RX3i.A100,A100,,ns=2;s=Channel2.RX3i.A1000,A1000,,51:54.7,1.17,0,95.1
3,ns=2;s=Channel2.RX3i.A101,A101,,ns=2;s=Channel2.RX3i.A102,A102,,51:54.7,1.17,0,95.1
4,ns=2;s=Channel2.RX3i.A103,A103,,ns=2;s=Channel2.RX3i.A104,A104,,51:54.7,1.17,0,95.1
5,ns=2;s=Channel2.RX3i.A105,A105,,ns=2;s=Channel2.RX3i.A106,A106,,51:54.7,1.17,0,95.1
6,ns=2;s=Channel2.RX3i.A107,A107,,ns=2;s=Channel2.RX3i.A108,A108,,13-02-2025 14:51:54.693,1.17,0,95.1
7,ns=2;s=Channel2.RX3i.A109,A109,,ns=2;s=Channel2.RX3i.A11,A11,,51:54.7,1.17,0,95.1
8,ns=2;s=Channel2.RX3i.A110,A110,,ns=2;s=Channel2.RX3i.A111,A111,,51:54.7,1.17,0,95.1
9,ns=2;s=Channel2.RX3i.A112,A112,,ns=2;s=Channel2.RX3i.A113,A113,,51:54.7,1.17,14.3,95.1
10,ns=2;s=Channel2.RX3i.A114,A114,,ns=2;s=Channel2.RX3i.A115,A115,,51:54.7,1.17,0,95.1
11,ns=2;s=Channel2.RX3i.A116,A116,,ns=2;s=Channel2.RX3i.A117,A117,,51:54.7,1.17,0,95.1
12,ns=2;s=Channel2.RX3i.A118,A118,,ns=2;s=Channel2.RX3i.A119,A119,,51:54.7,1.17,12.5,95.1
13,ns=2;s=Channel2.RX3i.A12,A12,,ns=2;s=Channel2.RX3i.A120,A120,,51:54.7,1.17,0,95.1
14,ns=2;s=Channel2.RX3i.A121,A121,,ns=2;s=Channel2.RX3i.A122,A122,,51:54.7,1.17,0,95.1
15,ns=2;s=Channel2.RX3i.A123,A123,,ns=2;s=Channel2.RX3i.A124,A124,,51:54.7,1.17,100,95.1
16,ns=2;s=Channel2.RX3i.A125,A125,,ns=2;s=Channel2.RX3i.A126,A126,,51:54.7,1.17,0,95.1
17,ns=2;s=Channel2.RX3i.A127,A127,,ns=2;s=Channel2.RX3i.A128,A128,,51:54.7,1.17,100,95.1
18,ns=2;s=Channel2.RX3i.A129,A129,,ns=2;s=Channel2.RX3i.A13,A13,,51:54.7,1.17,12.5,95.1
19,ns=2;s=Channel2.RX3i.A130,A130,,ns=2;s=Channel2.RX3i.A131,A131,,51:54.7,1.17,0,95.1
20,ns=2;s=Channel2.RX3i.A132,A132,,ns=2;s=Channel2.RX3i.A133,A133,,51:54.7,1.17,0,95.1
21,ns=2;s=Channel2.RX3i.A134,A134,,ns=2;s=Channel2.RX3i.A135,A135,,51:54.7,1.17,0,95.1
22,ns=2;s=Channel2.RX3i.A136,A136,,ns=2;s=Channel2.RX3i.A137,A137,,51:54.7,1.17,0,95.1
23,ns=2;s=Channel2.RX3i.A138,A138,,ns=2;s=Channel2.RX3i.A139,A139,,51:54.7,1.17,0,95.1
24,ns=2;s=Channel2.RX3i.A14,A14,,ns=2;s=Channel2.RX3i.A140,A140,,51:54.7,1.17,0,95.1
25,ns=2;s=Channel2.RX3i.A141,A141,,ns=2;s=Channel2.RX3i.A142,A142,,51:54.7,1.17,0,95.1
1,ns=2;s=Channel2.RX3i.A1,A1,,ns=2;s=Channel2.RX3i.A10,A10,,51:55.9,1.203,9.3,94.9
2,ns=2;s=Channel2.RX3i.A100,A100,,ns=2;s=Channel2.RX3i.A1000,A1000,,51:55.9,1.203,12.5,94.9
3,ns=2;s=Channel2.RX3i.A101,A101,,ns=2;s=Channel2.RX3i.A102,A102,,51:55.9,1.203,0,94.9
4,ns=2;s=Channel2.RX3i.A103,A103,,ns=2;s=Channel2.RX3i.A104,A104,,51:55.9,1.203,62.5,94.9
5,ns=2;s=Channel2.RX3i.A105,A105,,ns=2;s=Channel2.RX3i.A106,A106,,51:55.9,1.203,0,94.9
6,ns=2;s=Channel2.RX3i.A107,A107,,ns=2;s=Channel2.RX3i.A108,A108,,13-02-2025 14:51:55.896,1.203,12.5,94.9
7,ns=2;s=Channel2.RX3i.A109,A109,,ns=2;s=Channel2.RX3i.A11,A11,,51:55.9,1.203,100,94.9
8,ns=2;s=Channel2.RX3i.A110,A110,,ns=2;s=Channel2.RX3i.A111,A111,,51:55.9,1.203,0,94.9
9,ns=2;s=Channel2.RX3i.A112,A112,,ns=2;s=Channel2.RX3i.A113,A113,,51:55.9,1.203,33.3,94.9
10,ns=2;s=Channel2.RX3i.A114,A114,,ns=2;s=Channel2.RX3i.A115,A115,,51:55.9,1.203,0,94.9
11,ns=2;s=Channel2.RX3i.A116,A116,,ns=2;s=Channel2.RX3i.A117,A117,,51:55.9,1.203,0,94.9
12,ns=2;s=Channel2.RX3i.A118,A118,,ns=2;s=Channel2.RX3i.A119,A119,,51:55.9,1.203,28.6,94.9
13,ns=2;s=Channel2.RX3i.A12,A12,,ns=2;s=Channel2.RX3i.A120,A120,,51:55.9,1.203,0,94.9
14,ns=2;s=Channel2.RX3i.A121,A121,,ns=2;s=Channel2.RX3i.A122,A122,,51:55.9,1.203,0,94.8
15,ns=2;s=Channel2.RX3i.A123,A123,,ns=2;s=Channel2.RX3i.A124,A124,,51:55.9,1.203,0,94.8
16,ns=2;s=Channel2.RX3i.A125,A125,,ns=2;s=Channel2.RX3i.A126,A126,,51:55.9,1.203,0,94.8
17,ns=2;s=Channel2.RX3i.A127,A127,,ns=2;s=Channel2.RX3i.A128,A128,,51:55.9,1.203,0,94.8
18,ns=2;s=Channel2.RX3i.A129,A129,,ns=2;s=Channel2.RX3i.A13,A13,,51:55.9,1.203,0,94.8
19,ns=2;s=Channel2.RX3i.A130,A130,,ns=2;s=Channel2.RX3i.A131,A131,,51:55.9,1.203,0,94.8
20,ns=2;s=Channel2.RX3i.A132,A132,,ns=2;s=Channel2.RX3i.A133,A133,,51:55.9,1.203,0,94.8
21,ns=2;s=Channel2.RX3i.A134,A134,,ns=2;s=Channel2.RX3i.A135,A135,,51:55.9,1.203,0,94.8
22,ns=2;s=Channel2.RX3i.A136,A136,,ns=2;s=Channel2.RX3i.A137,A137,,51:55.9,1.203,0,94.8
23,ns=2;s=Channel2.RX3i.A138,A138,,ns=2;s=Channel2.RX3i.A139,A139,,51:55.9,1.203,0,94.8
24,ns=2;s=Channel2.RX3i.A14,A14,,ns=2;s=Channel2.RX3i.A140,A140,,51:55.9,1.203,0,94.8
25,ns=2;s=Channel2.RX3i.A141,A141,,ns=2;s=Channel2.RX3i.A142,A142,,51:55.9,1.203,0,94.8
1,ns=2;s=Channel2.RX3i.A1,A1,,ns=2;s=Channel2.RX3i.A10,A10,,51:57.2,1.287,14,95.1
2,ns=2;s=Channel2.RX3i.A100,A100,,ns=2;s=Channel2.RX3i.A1000,A1000,,51:57.2,1.287,0,95.1
3,ns=2;s=Channel2.RX3i.A101,A101,,ns=2;s=Channel2.RX3i.A102,A102,,51:57.2,1.287,0,95.1
4,ns=2;s=Channel2.RX3i.A103,A103,,ns=2;s=Channel2.RX3i.A104,A104,,51:57.2,1.287,0,95.1
5,ns=2;s=Channel2.RX3i.A105,A105,,ns=2;s=Channel2.RX3i.A106,A106,,51:57.2,1.287,20,95.1
6,ns=2;s=Channel2.RX3i.A107,A107,,ns=2;s=Channel2.RX3i.A108,A108,,13-02-2025 14:51:57.183,1.287,0,95.1
7,ns=2;s=Channel2.RX3i.A109,A109,,ns=2;s=Channel2.RX3i.A11,A11,,51:57.2,1.287,100,95.1
8,ns=2;s=Channel2.RX3i.A110,A110,,ns=2;s=Channel2.RX3i.A111,A111,,51:57.2,1.287,0,95
9,ns=2;s=Channel2.RX3i.A112,A112,,ns=2;s=Channel2.RX3i.A113,A113,,51:57.2,1.287,0,95
10,ns=2;s=Channel2.RX3i.A114,A114,,ns=2;s=Channel2.RX3i.A115,A115,,51:57.2,1.287,0,95
11,ns=2;s=Channel2.RX3i.A116,A116,,ns=2;s=Channel2.RX3i.A117,A117,,51:57.2,1.287,14.3,95
12,ns=2;s=Channel2.RX3i.A118,A118,,ns=2;s=Channel2.RX3i.A119,A119,,51:57.2,1.287,0,95
13,ns=2;s=Channel2.RX3i.A12,A12,,ns=2;s=Channel2.RX3i.A120,A120,,51:57.2,1.287,71.4,95.1
14,ns=2;s=Channel2.RX3i.A121,A121,,ns=2;s=Channel2.RX3i.A122,A122,,51:57.2,1.287,55.6,95.1
15,ns=2;s=Channel2.RX3i.A123,A123,,ns=2;s=Channel2.RX3i.A124,A124,,51:57.2,1.287,0,95.1
16,ns=2;s=Channel2.RX3i.A125,A125,,ns=2;s=Channel2.RX3i.A126,A126,,51:57.2,1.287,42.9,95.2
17,ns=2;s=Channel2.RX3i.A127,A127,,ns=2;s=Channel2.RX3i.A128,A128,,51:57.2,1.287,0,95.2
18,ns=2;s=Channel2.RX3i.A129,A129,,ns=2;s=Channel2.RX3i.A13,A13,,51:57.2,1.287,0,95.2
19,ns=2;s=Channel2.RX3i.A130,A130,,ns=2;s=Channel2.RX3i.A131,A131,,51:57.2,1.287,0,95.2
20,ns=2;s=Channel2.RX3i.A132,A132,,ns=2;s=Channel2.RX3i.A133,A133,,51:57.2,1.287,0,95.2
21,ns=2;s=Channel2.RX3i.A134,A134,,ns=2;s=Channel2.RX3i.A135,A135,,51:57.2,1.287,0,95.2
22,ns=2;s=Channel2.RX3i.A136,A136,,ns=2;s=Channel2.RX3i.A137,A137,,51:57.2,1.287,0,95.2
23,ns=2;s=Channel2.RX3i.A138,A138,,ns=2;s=Channel2.RX3i.A139,A139,,51:57.2,1.287,0,95.2
24,ns=2;s=Channel2.RX3i.A14,A14,,ns=2;s=Channel2.RX3i.A140,A140,,51:57.2,1.287,50,95.2
25,ns=2;s=Channel2.RX3i.A141,A141,,ns=2;s=Channel2.RX3i.A142,A142,,51:57.2,1.287,0,95.2
1,ns=2;s=Channel2.RX3i.A1,A1,,ns=2;s=Channel2.RX3i.A10,A10,,51:59.1,1.929,7.1,95
2,ns=2;s=Channel2.RX3i.A100,A100,,ns=2;s=Channel2.RX3i.A1000,A1000,,51:59.1,1.929,0,95
3,ns=2;s=Channel2.RX3i.A101,A101,,ns=2;s=Channel2.RX3i.A102,A102,,51:59.1,1.929,11.1,95
4,ns=2;s=Channel2.RX3i.A103,A103,,ns=2;s=Channel2.RX3i.A104,A104,,51:59.1,1.929,0,95
5,ns=2;s=Channel2.RX3i.A105,A105,,ns=2;s=Channel2.RX3i.A106,A106,,51:59.1,1.929,0,95
6,ns=2;s=Channel2.RX3i.A107,A107,,ns=2;s=Channel2.RX3i.A108,A108,,13-02-2025 14:51:59.112,1.929,0,95
7,ns=2;s=Channel2.RX3i.A109,A109,,ns=2;s=Channel2.RX3i.A11,A11,,51:59.1,1.929,0,95
8,ns=2;s=Channel2.RX3i.A110,A110,,ns=2;s=Channel2.RX3i.A111,A111,,51:59.1,1.929,0,95
9,ns=2;s=Channel2.RX3i.A112,A112,,ns=2;s=Channel2.RX3i.A113,A113,,51:59.1,1.929,0,95
10,ns=2;s=Channel2.RX3i.A114,A114,,ns=2;s=Channel2.RX3i.A115,A115,,51:59.1,1.929,0,95
11,ns=2;s=Channel2.RX3i.A116,A116,,ns=2;s=Channel2.RX3i.A117,A117,,51:59.1,1.929,0,95
12,ns=2;s=Channel2.RX3i.A118,A118,,ns=2;s=Channel2.RX3i.A119,A119,,51:59.1,1.929,0,95
13,ns=2;s=Channel2.RX3i.A12,A12,,ns=2;s=Channel2.RX3i.A120,A120,,51:59.1,1.929,0,95
14,ns=2;s=Channel2.RX3i.A121,A121,,ns=2;s=Channel2.RX3i.A122,A122,,51:59.1,1.929,11.1,95
15,ns=2;s=Channel2.RX3i.A123,A123,,ns=2;s=Channel2.RX3i.A124,A124,,51:59.1,1.929,0,95
16,ns=2;s=Channel2.RX3i.A125,A125,,ns=2;s=Channel2.RX3i.A126,A126,,51:59.1,1.929,0,95
17,ns=2;s=Channel2.RX3i.A127,A127,,ns=2;s=Channel2.RX3i.A128,A128,,51:59.1,1.929,28.6,95
18,ns=2;s=Channel2.RX3i.A129,A129,,ns=2;s=Channel2.RX3i.A13,A13,,51:59.1,1.929,0,95
19,ns=2;s=Channel2.RX3i.A130,A130,,ns=2;s=Channel2.RX3i.A131,A131,,51:59.1,1.929,25,95
20,ns=2;s=Channel2.RX3i.A132,A132,,ns=2;s=Channel2.RX3i.A133,A133,,51:59.1,1.929,0,95
21,ns=2;s=Channel2.RX3i.A134,A134,,ns=2;s=Channel2.RX3i.A135,A135,,51:59.1,1.929,14.3,95
22,ns=2;s=Channel2.RX3i.A136,A136,,ns=2;s=Channel2.RX3i.A137,A137,,51:59.1,1.929,0,95
23,ns=2;s=Channel2.RX3i.A138,A138,,ns=2;s=Channel2.RX3i.A139,A139,,51:59.1,1.929,0,95
24,ns=2;s=Channel2.RX3i.A14,A14,,ns=2;s=Channel2.RX3i.A140,A140,,51:59.1,1.929,0,95
25,ns=2;s=Channel2.RX3i.A141,A141,,ns=2;s=Channel2.RX3i.A142,A142,,51:59.1,1.929,33.3,95
1,ns=2;s=Channel2.RX3i.A1,A1,,ns=2;s=Channel2.RX3i.A10,A10,,52:00.3,1.215,9.6,95.1
2,ns=2;s=Channel2.RX3i.A100,A100,,ns=2;s=Channel2.RX3i.A1000,A1000,,52:00.3,1.215,0,95.1
3,ns=2;s=Channel2.RX3i.A101,A101,,ns=2;s=Channel2.RX3i.A102,A102,,52:00.3,1.215,0,95.1
4,ns=2;s=Channel2.RX3i.A103,A103,,ns=2;s=Channel2.RX3i.A104,A104,,52:00.3,1.215,0,95.1
5,ns=2;s=Channel2.RX3i.A105,A105,,ns=2;s=Channel2.RX3i.A106,A106,,52:00.3,1.215,0,95.1
6,ns=2;s=Channel2.RX3i.A107,A107,,ns=2;s=Channel2.RX3i.A108,A108,,13-02-2025 14:52:00.327,1.215,0,95.1
7,ns=2;s=Channel2.RX3i.A109,A109,,ns=2;s=Channel2.RX3i.A11,A11,,52:00.3,1.215,0,95.1
8,ns=2;s=Channel2.RX3i.A110,A110,,ns=2;s=Channel2.RX3i.A111,A111,,52:00.3,1.215,0,95.1
9,ns=2;s=Channel2.RX3i.A112,A112,,ns=2;s=Channel2.RX3i.A113,A113,,52:00.3,1.215,12.5,95.1
10,ns=2;s=Channel2.RX3i.A114,A114,,ns=2;s=Channel2.RX3i.A115,A115,,52:00.3,1.215,0,95.1
11,ns=2;s=Channel2.RX3i.A116,A116,,ns=2;s=Channel2.RX3i.A117,A117,,52:00.3,1.215,0,95.1
12,ns=2;s=Channel2.RX3i.A118,A118,,ns=2;s=Channel2.RX3i.A119,A119,,52:00.3,1.215,14.3,95.1
13,ns=2;s=Channel2.RX3i.A12,A12,,ns=2;s=Channel2.RX3i.A120,A120,,52:00.3,1.215,0,95.1
14,ns=2;s=Channel2.RX3i.A121,A121,,ns=2;s=Channel2.RX3i.A122,A122,,52:00.3,1.215,0,95.1
15,ns=2;s=Channel2.RX3i.A123,A123,,ns=2;s=Channel2.RX3i.A124,A124,,52:00.3,1.215,16.7,95.1
16,ns=2;s=Channel2.RX3i.A125,A125,,ns=2;s=Channel2.RX3i.A126,A126,,52:00.3,1.215,0,95.1
17,ns=2;s=Channel2.RX3i.A127,A127,,ns=2;s=Channel2.RX3i.A128,A128,,52:00.3,1.215,0,95.1
18,ns=2;s=Channel2.RX3i.A129,A129,,ns=2;s=Channel2.RX3i.A13,A13,,52:00.3,1.215,0,95.1
19,ns=2;s=Channel2.RX3i.A130,A130,,ns=2;s=Channel2.RX3i.A131,A131,,52:00.3,1.215,33.3,95.1
20,ns=2;s=Channel2.RX3i.A132,A132,,ns=2;s=Channel2.RX3i.A133,A133,,52:00.3,1.215,0,95.1
21,ns=2;s=Channel2.RX3i.A134,A134,,ns=2;s=Channel2.RX3i.A135,A135,,52:00.3,1.215,0,95.1
22,ns=2;s=Channel2.RX3i.A136,A136,,ns=2;s=Channel2.RX3i.A137,A137,,52:00.3,1.215,0,95.1
23,ns=2;s=Channel2.RX3i.A138,A138,,ns=2;s=Channel2.RX3i.A139,A139,,52:00.3,1.215,0,95.1
24,ns=2;s=Channel2.RX3i.A14,A14,,ns=2;s=Channel2.RX3i.A140,A140,,52:00.3,1.215,0,95.1
25,ns=2;s=Channel2.RX3i.A141,A141,,ns=2;s=Channel2.RX3i.A142,A142,,52:00.3,1.215,0,95.1
1,ns=2;s=Channel2.RX3i.A1,A1,,ns=2;s=Channel2.RX3i.A10,A10,,52:01.5,1.212,9.3,94.7
2,ns=2;s=Channel2.RX3i.A100,A100,,ns=2;s=Channel2.RX3i.A1000,A1000,,52:01.5,1.212,0,94.7
3,ns=2;s=Channel2.RX3i.A101,A101,,ns=2;s=Channel2.RX3i.A102,A102,,52:01.5,1.212,0,94.7
4,ns=2;s=Channel2.RX3i.A103,A103,,ns=2;s=Channel2.RX3i.A104,A104,,52:01.5,1.212,12.5,94.7
5,ns=2;s=Channel2.RX3i.A105,A105,,ns=2;s=Channel2.RX3i.A106,A106,,52:01.5,1.212,0,94.7
6,ns=2;s=Channel2.RX3i.A107,A107,,ns=2;s=Channel2.RX3i.A108,A108,,13-02-2025 14:52:01.539,1.212,0,94.6
7,ns=2;s=Channel2.RX3i.A109,A109,,ns=2;s=Channel2.RX3i.A11,A11,,52:01.5,1.212,0,94.6
8,ns=2;s=Channel2.RX3i.A110,A110,,ns=2;s=Channel2.RX3i.A111,A111,,52:01.5,1.212,0,94.6
9,ns=2;s=Channel2.RX3i.A112,A112,,ns=2;s=Channel2.RX3i.A113,A113,,52:01.5,1.212,0,94.7
10,ns=2;s=Channel2.RX3i.A114,A114,,ns=2;s=Channel2.RX3i.A115,A115,,52:01.5,1.212,0,94.7
11,ns=2;s=Channel2.RX3i.A116,A116,,ns=2;s=Channel2.RX3i.A117,A117,,52:01.5,1.212,0,94.7
12,ns=2;s=Channel2.RX3i.A118,A118,,ns=2;s=Channel2.RX3i.A119,A119,,52:01.5,1.212,0,94.6
13,ns=2;s=Channel2.RX3i.A12,A12,,ns=2;s=Channel2.RX3i.A120,A120,,52:01.5,1.212,0,94.6
14,ns=2;s=Channel2.RX3i.A121,A121,,ns=2;s=Channel2.RX3i.A122,A122,,52:01.5,1.212,0,94.6
15,ns=2;s=Channel2.RX3i.A123,A123,,ns=2;s=Channel2.RX3i.A124,A124,,52:01.5,1.212,0,94.6
16,ns=2;s=Channel2.RX3i.A125,A125,,ns=2;s=Channel2.RX3i.A126,A126,,52:01.5,1.212,0,94.6
17,ns=2;s=Channel2.RX3i.A127,A127,,ns=2;s=Channel2.RX3i.A128,A128,,52:01.5,1.212,0,94.6
18,ns=2;s=Channel2.RX3i.A129,A129,,ns=2;s=Channel2.RX3i.A13,A13,,52:01.5,1.212,0,94.6
19,ns=2;s=Channel2.RX3i.A130,A130,,ns=2;s=Channel2.RX3i.A131,A131,,52:01.5,1.212,0,94.6
20,ns=2;s=Channel2.RX3i.A132,A132,,ns=2;s=Channel2.RX3i.A133,A133,,52:01.5,1.212,25,94.6
21,ns=2;s=Channel2.RX3i.A134,A134,,ns=2;s=Channel2.RX3i.A135,A135,,52:01.5,1.212,0,94.6
22,ns=2;s=Channel2.RX3i.A136,A136,,ns=2;s=Channel2.RX3i.A137,A137,,52:01.5,1.212,0,94.6
23,ns=2;s=Channel2.RX3i.A138,A138,,ns=2;s=Channel2.RX3i.A139,A139,,52:01.5,1.212,0,94.6
24,ns=2;s=Channel2.RX3i.A14,A14,,ns=2;s=Channel2.RX3i.A140,A140,,52:01.5,1.212,0,94.6
25,ns=2;s=Channel2.RX3i.A141,A141,,ns=2;s=Channel2.RX3i.A142,A142,,52:01.5,1.212,0,94.6
1,ns=2;s=Channel2.RX3i.A1,A1,,ns=2;s=Channel2.RX3i.A10,A10,,52:02.8,1.26,14.3,94.8
2,ns=2;s=Channel2.RX3i.A100,A100,,ns=2;s=Channel2.RX3i.A1000,A1000,,52:02.8,1.26,33.3,94.8
3,ns=2;s=Channel2.RX3i.A101,A101,,ns=2;s=Channel2.RX3i.A102,A102,,52:02.8,1.26,0,94.8
4,ns=2;s=Channel2.RX3i.A103,A103,,ns=2;s=Channel2.RX3i.A104,A104,,52:02.8,1.26,0,94.8
5,ns=2;s=Channel2.RX3i.A105,A105,,ns=2;s=Channel2.RX3i.A106,A106,,52:02.8,1.26,100,94.8
6,ns=2;s=Channel2.RX3i.A107,A107,,ns=2;s=Channel2.RX3i.A108,A108,,13-02-2025 14:52:02.799,1.26,14.3,94.8
7,ns=2;s=Channel2.RX3i.A109,A109,,ns=2;s=Channel2.RX3i.A11,A11,,52:02.8,1.26,0,94.8
8,ns=2;s=Channel2.RX3i.A110,A110,,ns=2;s=Channel2.RX3i.A111,A111,,52:02.8,1.26,0,94.8
9,ns=2;s=Channel2.RX3i.A112,A112,,ns=2;s=Channel2.RX3i.A113,A113,,52:02.8,1.26,0,94.8
10,ns=2;s=Channel2.RX3i.A114,A114,,ns=2;s=Channel2.RX3i.A115,A115,,52:02.8,1.26,0,94.8
11,ns=2;s=Channel2.RX3i.A116,A116,,ns=2;s=Channel2.RX3i.A117,A117,,52:02.8,1.26,0,94.8
12,ns=2;s=Channel2.RX3i.A118,A118,,ns=2;s=Channel2.RX3i.A119,A119,,52:02.8,1.26,0,94.8
13,ns=2;s=Channel2.RX3i.A12,A12,,ns=2;s=Channel2.RX3i.A120,A120,,52:02.8,1.26,0,94.8
14,ns=2;s=Channel2.RX3i.A121,A121,,ns=2;s=Channel2.RX3i.A122,A122,,52:02.8,1.26,33.3,94.8
15,ns=2;s=Channel2.RX3i.A123,A123,,ns=2;s=Channel2.RX3i.A124,A124,,52:02.8,1.26,16.7,94.8
16,ns=2;s=Channel2.RX3i.A125,A125,,ns=2;s=Channel2.RX3i.A126,A126,,52:02.8,1.26,0,94.8
17,ns=2;s=Channel2.RX3i.A127,A127,,ns=2;s=Channel2.RX3i.A128,A128,,52:02.8,1.26,0,94.8
18,ns=2;s=Channel2.RX3i.A129,A129,,ns=2;s=Channel2.RX3i.A13,A13,,52:02.8,1.26,0,94.8
19,ns=2;s=Channel2.RX3i.A130,A130,,ns=2;s=Channel2.RX3i.A131,A131,,52:02.8,1.26,0,94.8
20,ns=2;s=Channel2.RX3i.A132,A132,,ns=2;s=Channel2.RX3i.A133,A133,,52:02.8,1.26,0,94.8
21,ns=2;s=Channel2.RX3i.A134,A134,,ns=2;s=Channel2.RX3i.A135,A135,,52:02.8,1.26,0,94.8
22,ns=2;s=Channel2.RX3i.A136,A136,,ns=2;s=Channel2.RX3i.A137,A137,,52:02.8,1.26,33.3,94.8
23,ns=2;s=Channel2.RX3i.A138,A138,,ns=2;s=Channel2.RX3i.A139,A139,,52:02.8,1.26,0,94.8
24,ns=2;s=Channel2.RX3i.A14,A14,,ns=2;s=Channel2.RX3i.A140,A140,,52:02.8,1.26,33.3,94.8
25,ns=2;s=Channel2.RX3i.A141,A141,,ns=2;s=Channel2.RX3i.A142,A142,,52:02.8,1.26,0,94.8
1,ns=2;s=Channel2.RX3i.A1,A1,,ns=2;s=Channel2.RX3i.A10,A10,,52:04.0,1.232,9.8,94.7
2,ns=2;s=Channel2.RX3i.A100,A100,,ns=2;s=Channel2.RX3i.A1000,A1000,,52:04.0,1.232,0,94.8
3,ns=2;s=Channel2.RX3i.A101,A101,,ns=2;s=Channel2.RX3i.A102,A102,,52:04.0,1.232,12.5,94.8
4,ns=2;s=Channel2.RX3i.A103,A103,,ns=2;s=Channel2.RX3i.A104,A104,,52:04.0,1.232,25,94.8
5,ns=2;s=Channel2.RX3i.A105,A105,,ns=2;s=Channel2.RX3i.A106,A106,,52:04.0,1.232,10,94.8
6,ns=2;s=Channel2.RX3i.A107,A107,,ns=2;s=Channel2.RX3i.A108,A108,,13-02-2025 14:52:04.030,1.232,0,94.8
7,ns=2;s=Channel2.RX3i.A109,A109,,ns=2;s=Channel2.RX3i.A11,A11,,52:04.0,1.232,0,94.8
8,ns=2;s=Channel2.RX3i.A110,A110,,ns=2;s=Channel2.RX3i.A111,A111,,52:04.0,1.232,0,94.8
9,ns=2;s=Channel2.RX3i.A112,A112,,ns=2;s=Channel2.RX3i.A113,A113,,52:04.0,1.232,0,94.8
10,ns=2;s=Channel2.RX3i.A114,A114,,ns=2;s=Channel2.RX3i.A115,A115,,52:04.0,1.232,14.3,94.8
11,ns=2;s=Channel2.RX3i.A116,A116,,ns=2;s=Channel2.RX3i.A117,A117,,52:04.0,1.232,0,94.8
12,ns=2;s=Channel2.RX3i.A118,A118,,ns=2;s=Channel2.RX3i.A119,A119,,52:04.0,1.232,0,94.8
13,ns=2;s=Channel2.RX3i.A12,A12,,ns=2;s=Channel2.RX3i.A120,A120,,52:04.0,1.232,0,94.8
14,ns=2;s=Channel2.RX3i.A121,A121,,ns=2;s=Channel2.RX3i.A122,A122,,52:04.0,1.232,0,94.8
15,ns=2;s=Channel2.RX3i.A123,A123,,ns=2;s=Channel2.RX3i.A124,A124,,52:04.0,1.232,0,94.8
16,ns=2;s=Channel2.RX3i.A125,A125,,ns=2;s=Channel2.RX3i.A126,A126,,52:04.0,1.232,0,94.8
17,ns=2;s=Channel2.RX3i.A127,A127,,ns=2;s=Channel2.RX3i.A128,A128,,52:04.0,1.232,0,94.8
18,ns=2;s=Channel2.RX3i.A129,A129,,ns=2;s=Channel2.RX3i.A13,A13,,52:04.0,1.232,0,94.8
19,ns=2;s=Channel2.RX3i.A130,A130,,ns=2;s=Channel2.RX3i.A131,A131,,52:04.0,1.232,0,94.8
20,ns=2;s=Channel2.RX3i.A132,A132,,ns=2;s=Channel2.RX3i.A133,A133,,52:04.0,1.232,0,94.8
21,ns=2;s=Channel2.RX3i.A134,A134,,ns=2;s=Channel2.RX3i.A135,A135,,52:04.0,1.232,20,94.8
22,ns=2;s=Channel2.RX3i.A136,A136,,ns=2;s=Channel2.RX3i.A137,A137,,52:04.0,1.232,0,94.8
23,ns=2;s=Channel2.RX3i.A138,A138,,ns=2;s=Channel2.RX3i.A139,A139,,52:04.0,1.232,0,94.8
24,ns=2;s=Channel2.RX3i.A14,A14,,ns=2;s=Channel2.RX3i.A140,A140,,52:04.0,1.232,0,94.8
25,ns=2;s=Channel2.RX3i.A141,A141,,ns=2;s=Channel2.RX3i.A142,A142,,52:04.0,1.232,0,94.8
1,ns=2;s=Channel2.RX3i.A1,A1,,ns=2;s=Channel2.RX3i.A10,A10,,52:05.3,1.226,14.2,95
2,ns=2;s=Channel2.RX3i.A100,A100,,ns=2;s=Channel2.RX3i.A1000,A1000,,52:05.3,1.226,0,95
3,ns=2;s=Channel2.RX3i.A101,A101,,ns=2;s=Channel2.RX3i.A102,A102,,52:05.3,1.226,0,95
4,ns=2;s=Channel2.RX3i.A103,A103,,ns=2;s=Channel2.RX3i.A104,A104,,52:05.3,1.226,25,95
5,ns=2;s=Channel2.RX3i.A105,A105,,ns=2;s=Channel2.RX3i.A106,A106,,52:05.3,1.226,25,95
6,ns=2;s=Channel2.RX3i.A107,A107,,ns=2;s=Channel2.RX3i.A108,A108,,13-02-2025 14:52:05.256,1.226,0,95
7,ns=2;s=Channel2.RX3i.A109,A109,,ns=2;s=Channel2.RX3i.A11,A11,,52:05.3,1.226,0,95
8,ns=2;s=Channel2.RX3i.A110,A110,,ns=2;s=Channel2.RX3i.A111,A111,,52:05.3,1.226,16.7,95
9,ns=2;s=Channel2.RX3i.A112,A112,,ns=2;s=Channel2.RX3i.A113,A113,,52:05.3,1.226,0,95
10,ns=2;s=Channel2.RX3i.A114,A114,,ns=2;s=Channel2.RX3i.A115,A115,,52:05.3,1.226,0,95
11,ns=2;s=Channel2.RX3i.A116,A116,,ns=2;s=Channel2.RX3i.A117,A117,,52:05.3,1.226,0,95
12,ns=2;s=Channel2.RX3i.A118,A118,,ns=2;s=Channel2.RX3i.A119,A119,,52:05.3,1.226,16.7,95
13,ns=2;s=Channel2.RX3i.A12,A12,,ns=2;s=Channel2.RX3i.A120,A120,,52:05.3,1.226,0,95
14,ns=2;s=Channel2.RX3i.A121,A121,,ns=2;s=Channel2.RX3i.A122,A122,,52:05.3,1.226,0,95
15,ns=2;s=Channel2.RX3i.A123,A123,,ns=2;s=Channel2.RX3i.A124,A124,,52:05.3,1.226,0,95
16,ns=2;s=Channel2.RX3i.A125,A125,,ns=2;s=Channel2.RX3i.A126,A126,,52:05.3,1.226,0,95
17,ns=2;s=Channel2.RX3i.A127,A127,,ns=2;s=Channel2.RX3i.A128,A128,,52:05.3,1.226,0,95
18,ns=2;s=Channel2.RX3i.A129,A129,,ns=2;s=Channel2.RX3i.A13,A13,,52:05.3,1.226,0,95
19,ns=2;s=Channel2.RX3i.A130,A130,,ns=2;s=Channel2.RX3i.A131,A131,,52:05.3,1.226,0,95
20,ns=2;s=Channel2.RX3i.A132,A132,,ns=2;s=Channel2.RX3i.A133,A133,,52:05.3,1.226,0,95
21,ns=2;s=Channel2.RX3i.A134,A134,,ns=2;s=Channel2.RX3i.A135,A135,,52:05.3,1.226,0,95
22,ns=2;s=Channel2.RX3i.A136,A136,,ns=2;s=Channel2.RX3i.A137,A137,,52:05.3,1.226,0,95
23,ns=2;s=Channel2.RX3i.A138,A138,,ns=2;s=Channel2.RX3i.A139,A139,,52:05.3,1.226,0,95
24,ns=2;s=Channel2.RX3i.A14,A14,,ns=2;s=Channel2.RX3i.A140,A140,,52:05.3,1.226,12.5,95
25,ns=2;s=Channel2.RX3i.A141,A141,,ns=2;s=Channel2.RX3i.A142,A142,,52:05.3,1.226,0,95
1,ns=2;s=Channel2.RX3i.A1,A1,,ns=2;s=Channel2.RX3i.A10,A10,,52:06.5,1.288,8,95
2,ns=2;s=Channel2.RX3i.A100,A100,,ns=2;s=Channel2.RX3i.A1000,A1000,,52:06.5,1.288,0,95
3,ns=2;s=Channel2.RX3i.A101,A101,,ns=2;s=Channel2.RX3i.A102,A102,,52:06.5,1.288,0,95
4,ns=2;s=Channel2.RX3i.A103,A103,,ns=2;s=Channel2.RX3i.A104,A104,,52:06.5,1.288,0,95
5,ns=2;s=Channel2.RX3i.A105,A105,,ns=2;s=Channel2.RX3i.A106,A106,,52:06.5,1.288,0,95
6,ns=2;s=Channel2.RX3i.A107,A107,,ns=2;s=Channel2.RX3i.A108,A108,,13-02-2025 14:52:06.545,1.288,0,95
7,ns=2;s=Channel2.RX3i.A109,A109,,ns=2;s=Channel2.RX3i.A11,A11,,52:06.5,1.288,0,95
8,ns=2;s=Channel2.RX3i.A110,A110,,ns=2;s=Channel2.RX3i.A111,A111,,52:06.5,1.288,0,95
9,ns=2;s=Channel2.RX3i.A112,A112,,ns=2;s=Channel2.RX3i.A113,A113,,52:06.5,1.288,0,95
10,ns=2;s=Channel2.RX3i.A114,A114,,ns=2;s=Channel2.RX3i.A115,A115,,52:06.5,1.288,0,95
11,ns=2;s=Channel2.RX3i.A116,A116,,ns=2;s=Channel2.RX3i.A117,A117,,52:06.5,1.288,0,95
12,ns=2;s=Channel2.RX3i.A118,A118,,ns=2;s=Channel2.RX3i.A119,A119,,52:06.5,1.288,12.5,95
13,ns=2;s=Channel2.RX3i.A12,A12,,ns=2;s=Channel2.RX3i.A120,A120,,52:06.5,1.288,0,95
14,ns=2;s=Channel2.RX3i.A121,A121,,ns=2;s=Channel2.RX3i.A122,A122,,52:06.5,1.288,0,95
15,ns=2;s=Channel2.RX3i.A123,A123,,ns=2;s=Channel2.RX3i.A124,A124,,52:06.5,1.288,12.5,95
16,ns=2;s=Channel2.RX3i.A125,A125,,ns=2;s=Channel2.RX3i.A126,A126,,52:06.5,1.288,0,95
17,ns=2;s=Channel2.RX3i.A127,A127,,ns=2;s=Channel2.RX3i.A128,A128,,52:06.5,1.288,0,95
18,ns=2;s=Channel2.RX3i.A129,A129,,ns=2;s=Channel2.RX3i.A13,A13,,52:06.5,1.288,14.3,95
19,ns=2;s=Channel2.RX3i.A130,A130,,ns=2;s=Channel2.RX3i.A131,A131,,52:06.5,1.288,0,95
20,ns=2;s=Channel2.RX3i.A132,A132,,ns=2;s=Channel2.RX3i.A133,A133,,52:06.5,1.288,0,95
21,ns=2;s=Channel2.RX3i.A134,A134,,ns=2;s=Channel2.RX3i.A135,A135,,52:06.5,1.288,16.7,95
22,ns=2;s=Channel2.RX3i.A136,A136,,ns=2;s=Channel2.RX3i.A137,A137,,52:06.5,1.288,0,95
23,ns=2;s=Channel2.RX3i.A138,A138,,ns=2;s=Channel2.RX3i.A139,A139,,52:06.5,1.288,0,95
24,ns=2;s=Channel2.RX3i.A14,A14,,ns=2;s=Channel2.RX3i.A140,A140,,52:06.5,1.288,0,95
25,ns=2;s=Channel2.RX3i.A141,A141,,ns=2;s=Channel2.RX3i.A142,A142,,52:06.5,1.288,0,95
1,ns=2;s=Channel2.RX3i.A1,A1,,ns=2;s=Channel2.RX3i.A10,A10,,52:07.8,1.224,6.8,95.1
2,ns=2;s=Channel2.RX3i.A100,A100,,ns=2;s=Channel2.RX3i.A1000,A1000,,52:07.8,1.224,0,95.1
3,ns=2;s=Channel2.RX3i.A101,A101,,ns=2;s=Channel2.RX3i.A102,A102,,52:07.8,1.224,100,95.1
4,ns=2;s=Channel2.RX3i.A103,A103,,ns=2;s=Channel2.RX3i.A104,A104,,52:07.8,1.224,0,95.1
5,ns=2;s=Channel2.RX3i.A105,A105,,ns=2;s=Channel2.RX3i.A106,A106,,52:07.8,1.224,0,95.1
6,ns=2;s=Channel2.RX3i.A107,A107,,ns=2;s=Channel2.RX3i.A108,A108,,13-02-2025 14:52:07.768,1.224,0,95.1
7,ns=2;s=Channel2.RX3i.A109,A109,,ns=2;s=Channel2.RX3i.A11,A11,,52:07.8,1.224,0,95.1
8,ns=2;s=Channel2.RX3i.A110,A110,,ns=2;s=Channel2.RX3i.A111,A111,,52:07.8,1.224,0,95.1
9,ns=2;s=Channel2.RX3i.A112,A112,,ns=2;s=Channel2.RX3i.A113,A113,,52:07.8,1.224,20,95.1
10,ns=2;s=Channel2.RX3i.A114,A114,,ns=2;s=Channel2.RX3i.A115,A115,,52:07.8,1.224,0,95.1
11,ns=2;s=Channel2.RX3i.A116,A116,,ns=2;s=Channel2.RX3i.A117,A117,,52:07.8,1.224,0,95.1
12,ns=2;s=Channel2.RX3i.A118,A118,,ns=2;s=Channel2.RX3i.A119,A119,,52:07.8,1.224,0,95.1
13,ns=2;s=Channel2.RX3i.A12,A12,,ns=2;s=Channel2.RX3i.A120,A120,,52:07.8,1.224,14.3,95.1
14,ns=2;s=Channel2.RX3i.A121,A121,,ns=2;s=Channel2.RX3i.A122,A122,,52:07.8,1.224,0,95.1
15,ns=2;s=Channel2.RX3i.A123,A123,,ns=2;s=Channel2.RX3i.A124,A124,,52:07.8,1.224,0,95.1
16,ns=2;s=Channel2.RX3i.A125,A125,,ns=2;s=Channel2.RX3i.A126,A126,,52:07.8,1.224,0,95.1
17,ns=2;s=Channel2.RX3i.A127,A127,,ns=2;s=Channel2.RX3i.A128,A128,,52:07.8,1.224,0,95.1
18,ns=2;s=Channel2.RX3i.A129,A129,,ns=2;s=Channel2.RX3i.A13,A13,,52:07.8,1.224,0,95.1
19,ns=2;s=Channel2.RX3i.A130,A130,,ns=2;s=Channel2.RX3i.A131,A131,,52:07.8,1.224,0,95.1
20,ns=2;s=Channel2.RX3i.A132,A132,,ns=2;s=Channel2.RX3i.A133,A133,,52:07.8,1.224,0,95.1
21,ns=2;s=Channel2.RX3i.A134,A134,,ns=2;s=Channel2.RX3i.A135,A135,,52:07.8,1.224,0,95.1
22,ns=2;s=Channel2.RX3i.A136,A136,,ns=2;s=Channel2.RX3i.A137,A137,,52:07.8,1.224,0,95.1
23,ns=2;s=Channel2.RX3i.A138,A138,,ns=2;s=Channel2.RX3i.A139,A139,,52:07.8,1.224,0,95.1
24,ns=2;s=Channel2.RX3i.A14,A14,,ns=2;s=Channel2.RX3i.A140,A140,,52:07.8,1.224,0,95.1
25,ns=2;s=Channel2.RX3i.A141,A141,,ns=2;s=Channel2.RX3i.A142,A142,,52:07.8,1.224,0,95.1
1,ns=2;s=Channel2.RX3i.A1,A1,,ns=2;s=Channel2.RX3i.A10,A10,,52:09.0,1.189,14.9,94.9
2,ns=2;s=Channel2.RX3i.A100,A100,,ns=2;s=Channel2.RX3i.A1000,A1000,,52:09.0,1.189,0,94.9
3,ns=2;s=Channel2.RX3i.A101,A101,,ns=2;s=Channel2.RX3i.A102,A102,,52:09.0,1.189,0,94.9
4,ns=2;s=Channel2.RX3i.A103,A103,,ns=2;s=Channel2.RX3i.A104,A104,,52:09.0,1.189,12.5,94.9
5,ns=2;s=Channel2.RX3i.A105,A105,,ns=2;s=Channel2.RX3i.A106,A106,,52:09.0,1.189,0,94.9
6,ns=2;s=Channel2.RX3i.A107,A107,,ns=2;s=Channel2.RX3i.A108,A108,,13-02-2025 14:52:08.957,1.189,14.3,94.9
7,ns=2;s=Channel2.RX3i.A109,A109,,ns=2;s=Channel2.RX3i.A11,A11,,52:09.0,1.189,0,94.9
8,ns=2;s=Channel2.RX3i.A110,A110,,ns=2;s=Channel2.RX3i.A111,A111,,52:09.0,1.189,0,94.9
9,ns=2;s=Channel2.RX3i.A112,A112,,ns=2;s=Channel2.RX3i.A113,A113,,52:09.0,1.189,0,94.9
10,ns=2;s=Channel2.RX3i.A114,A114,,ns=2;s=Channel2.RX3i.A115,A115,,52:09.0,1.189,0,94.9
11,ns=2;s=Channel2.RX3i.A116,A116,,ns=2;s=Channel2.RX3i.A117,A117,,52:09.0,1.189,0,94.9
12,ns=2;s=Channel2.RX3i.A118,A118,,ns=2;s=Channel2.RX3i.A119,A119,,52:09.0,1.189,0,94.9
13,ns=2;s=Channel2.RX3i.A12,A12,,ns=2;s=Channel2.RX3i.A120,A120,,52:09.0,1.189,0,94.9
14,ns=2;s=Channel2.RX3i.A121,A121,,ns=2;s=Channel2.RX3i.A122,A122,,52:09.0,1.189,0,94.9
15,ns=2;s=Channel2.RX3i.A123,A123,,ns=2;s=Channel2.RX3i.A124,A124,,52:09.0,1.189,0,94.9
16,ns=2;s=Channel2.RX3i.A125,A125,,ns=2;s=Channel2.RX3i.A126,A126,,52:09.0,1.189,0,94.9
17,ns=2;s=Channel2.RX3i.A127,A127,,ns=2;s=Channel2.RX3i.A128,A128,,52:09.0,1.189,0,94.9
18,ns=2;s=Channel2.RX3i.A129,A129,,ns=2;s=Channel2.RX3i.A13,A13,,52:09.0,1.189,0,94.9
19,ns=2;s=Channel2.RX3i.A130,A130,,ns=2;s=Channel2.RX3i.A131,A131,,52:09.0,1.189,0,94.9
20,ns=2;s=Channel2.RX3i.A132,A132,,ns=2;s=Channel2.RX3i.A133,A133,,52:09.0,1.189,0,94.9
21,ns=2;s=Channel2.RX3i.A134,A134,,ns=2;s=Channel2.RX3i.A135,A135,,52:09.0,1.189,0,94.9
22,ns=2;s=Channel2.RX3i.A136,A136,,ns=2;s=Channel2.RX3i.A137,A137,,52:09.0,1.189,0,94.9
23,ns=2;s=Channel2.RX3i.A138,A138,,ns=2;s=Channel2.RX3i.A139,A139,,52:09.0,1.189,0,94.9
24,ns=2;s=Channel2.RX3i.A14,A14,,ns=2;s=Channel2.RX3i.A140,A140,,52:09.0,1.189,0,94.9
25,ns=2;s=Channel2.RX3i.A141,A141,,ns=2;s=Channel2.RX3i.A142,A142,,52:09.0,1.189,0,94.9
1,ns=2;s=Channel2.RX3i.A1,A1,,ns=2;s=Channel2.RX3i.A10,A10,,52:10.3,1.351,7.2,95.2
2,ns=2;s=Channel2.RX3i.A100,A100,,ns=2;s=Channel2.RX3i.A1000,A1000,,52:10.3,1.351,0,95.2
3,ns=2;s=Channel2.RX3i.A101,A101,,ns=2;s=Channel2.RX3i.A102,A102,,52:10.3,1.351,0,95.2
4,ns=2;s=Channel2.RX3i.A103,A103,,ns=2;s=Channel2.RX3i.A104,A104,,52:10.3,1.351,20,95.2
5,ns=2;s=Channel2.RX3i.A105,A105,,ns=2;s=Channel2.RX3i.A106,A106,,52:10.3,1.351,0,95.2
6,ns=2;s=Channel2.RX3i.A107,A107,,ns=2;s=Channel2.RX3i.A108,A108,,13-02-2025 14:52:10.308,1.351,0,95.2
7,ns=2;s=Channel2.RX3i.A109,A109,,ns=2;s=Channel2.RX3i.A11,A11,,52:10.3,1.351,0,95.2
8,ns=2;s=Channel2.RX3i.A110,A110,,ns=2;s=Channel2.RX3i.A111,A111,,52:10.3,1.351,0,95.2
9,ns=2;s=Channel2.RX3i.A112,A112,,ns=2;s=Channel2.RX3i.A113,A113,,52:10.3,1.351,0,95.2
10,ns=2;s=Channel2.RX3i.A114,A114,,ns=2;s=Channel2.RX3i.A115,A115,,52:10.3,1.351,0,95.2
11,ns=2;s=Channel2.RX3i.A116,A116,,ns=2;s=Channel2.RX3i.A117,A117,,52:10.3,1.351,0,95.2
12,ns=2;s=Channel2.RX3i.A118,A118,,ns=2;s=Channel2.RX3i.A119,A119,,52:10.3,1.351,0,95.2
13,ns=2;s=Channel2.RX3i.A12,A12,,ns=2;s=Channel2.RX3i.A120,A120,,52:10.3,1.351,0,95.2
14,ns=2;s=Channel2.RX3i.A121,A121,,ns=2;s=Channel2.RX3i.A122,A122,,52:10.3,1.351,12.5,95.2
15,ns=2;s=Channel2.RX3i.A123,A123,,ns=2;s=Channel2.RX3i.A124,A124,,52:10.3,1.351,14.3,95.2
16,ns=2;s=Channel2.RX3i.A125,A125,,ns=2;s=Channel2.RX3i.A126,A126,,52:10.3,1.351,0,95.2
17,ns=2;s=Channel2.RX3i.A127,A127,,ns=2;s=Channel2.RX3i.A128,A128,,52:10.3,1.351,0,95.2
18,ns=2;s=Channel2.RX3i.A129,A129,,ns=2;s=Channel2.RX3i.A13,A13,,52:10.3,1.351,0,95.2
19,ns=2;s=Channel2.RX3i.A130,A130,,ns=2;s=Channel2.RX3i.A131,A131,,52:10.3,1.351,0,95.2
20,ns=2;s=Channel2.RX3i.A132,A132,,ns=2;s=Channel2.RX3i.A133,A133,,52:10.3,1.351,25,95.2
21,ns=2;s=Channel2.RX3i.A134,A134,,ns=2;s=Channel2.RX3i.A135,A135,,52:10.3,1.351,0,95.2
22,ns=2;s=Channel2.RX3i.A136,A136,,ns=2;s=Channel2.RX3i.A137,A137,,52:10.3,1.351,0,95.2
23,ns=2;s=Channel2.RX3i.A138,A138,,ns=2;s=Channel2.RX3i.A139,A139,,52:10.3,1.351,0,95.2
24,ns=2;s=Channel2.RX3i.A14,A14,,ns=2;s=Channel2.RX3i.A140,A140,,52:10.3,1.351,0,95.2
25,ns=2;s=Channel2.RX3i.A141,A141,,ns=2;s=Channel2.RX3i.A142,A142,,52:10.3,1.351,12.5,95.2
1,ns=2;s=Channel2.RX3i.A1,A1,,ns=2;s=Channel2.RX3i.A10,A10,,52:11.6,1.248,13.5,95.3
2,ns=2;s=Channel2.RX3i.A100,A100,,ns=2;s=Channel2.RX3i.A1000,A1000,,52:11.6,1.248,0,95.3
3,ns=2;s=Channel2.RX3i.A101,A101,,ns=2;s=Channel2.RX3i.A102,A102,,52:11.6,1.248,0,95.3
4,ns=2;s=Channel2.RX3i.A103,A103,,ns=2;s=Channel2.RX3i.A104,A104,,52:11.6,1.248,100,95.3
5,ns=2;s=Channel2.RX3i.A105,A105,,ns=2;s=Channel2.RX3i.A106,A106,,52:11.6,1.248,25,95.3
6,ns=2;s=Channel2.RX3i.A107,A107,,ns=2;s=Channel2.RX3i.A108,A108,,13-02-2025 14:52:11.556,1.248,0,95.3
7,ns=2;s=Channel2.RX3i.A109,A109,,ns=2;s=Channel2.RX3i.A11,A11,,52:11.6,1.248,0,95.3
8,ns=2;s=Channel2.RX3i.A110,A110,,ns=2;s=Channel2.RX3i.A111,A111,,52:11.6,1.248,16.7,95.3
9,ns=2;s=Channel2.RX3i.A112,A112,,ns=2;s=Channel2.RX3i.A113,A113,,52:11.6,1.248,0,95.3
10,ns=2;s=Channel2.RX3i.A114,A114,,ns=2;s=Channel2.RX3i.A115,A115,,52:11.6,1.248,0,95.3
11,ns=2;s=Channel2.RX3i.A116,A116,,ns=2;s=Channel2.RX3i.A117,A117,,52:11.6,1.248,0,95.3
12,ns=2;s=Channel2.RX3i.A118,A118,,ns=2;s=Channel2.RX3i.A119,A119,,52:11.6,1.248,0,95.3
13,ns=2;s=Channel2.RX3i.A12,A12,,ns=2;s=Channel2.RX3i.A120,A120,,52:11.6,1.248,0,95.3
14,ns=2;s=Channel2.RX3i.A121,A121,,ns=2;s=Channel2.RX3i.A122,A122,,52:11.6,1.248,0,95.3
15,ns=2;s=Channel2.RX3i.A123,A123,,ns=2;s=Channel2.RX3i.A124,A124,,52:11.6,1.248,0,95.3
16,ns=2;s=Channel2.RX3i.A125,A125,,ns=2;s=Channel2.RX3i.A126,A126,,52:11.6,1.248,66.7,95.2
17,ns=2;s=Channel2.RX3i.A127,A127,,ns=2;s=Channel2.RX3i.A128,A128,,52:11.6,1.248,100,95.3
18,ns=2;s=Channel2.RX3i.A129,A129,,ns=2;s=Channel2.RX3i.A13,A13,,52:11.6,1.248,0,95.3
19,ns=2;s=Channel2.RX3i.A130,A130,,ns=2;s=Channel2.RX3i.A131,A131,,52:11.6,1.248,0,95.3
20,ns=2;s=Channel2.RX3i.A132,A132,,ns=2;s=Channel2.RX3i.A133,A133,,52:11.6,1.248,0,95.3
21,ns=2;s=Channel2.RX3i.A134,A134,,ns=2;s=Channel2.RX3i.A135,A135,,52:11.6,1.248,0,95.3
22,ns=2;s=Channel2.RX3i.A136,A136,,ns=2;s=Channel2.RX3i.A137,A137,,52:11.6,1.248,0,95.3
23,ns=2;s=Channel2.RX3i.A138,A138,,ns=2;s=Channel2.RX3i.A139,A139,,52:11.6,1.248,20,95.3
24,ns=2;s=Channel2.RX3i.A14,A14,,ns=2;s=Channel2.RX3i.A140,A140,,52:11.6,1.248,0,95.3
25,ns=2;s=Channel2.RX3i.A141,A141,,ns=2;s=Channel2.RX3i.A142,A142,,52:11.6,1.248,0,95.3
1,ns=2;s=Channel2.RX3i.A1,A1,,ns=2;s=Channel2.RX3i.A10,A10,,53:21.7,0,0,96.6
2,ns=2;s=Channel2.RX3i.A100,A100,,ns=2;s=Channel2.RX3i.A1000,A1000,,53:21.7,0,0,96.6
3,ns=2;s=Channel2.RX3i.A101,A101,,ns=2;s=Channel2.RX3i.A102,A102,,53:21.7,0,0,96.6
4,ns=2;s=Channel2.RX3i.A103,A103,,ns=2;s=Channel2.RX3i.A104,A104,,53:21.7,0,0,96.6
5,ns=2;s=Channel2.RX3i.A105,A105,,ns=2;s=Channel2.RX3i.A106,A106,,53:21.7,0,12.5,96.6
6,ns=2;s=Channel2.RX3i.A107,A107,,ns=2;s=Channel2.RX3i.A108,A108,,13-02-2025 14:53:21.721,0,0,96.6
7,ns=2;s=Channel2.RX3i.A109,A109,,ns=2;s=Channel2.RX3i.A11,A11,,53:21.7,0,0,96.6
8,ns=2;s=Channel2.RX3i.A110,A110,,ns=2;s=Channel2.RX3i.A111,A111,,53:21.7,0,12.5,96.6
9,ns=2;s=Channel2.RX3i.A112,A112,,ns=2;s=Channel2.RX3i.A113,A113,,53:21.7,0,0,96.6
10,ns=2;s=Channel2.RX3i.A114,A114,,ns=2;s=Channel2.RX3i.A115,A115,,53:21.7,0,0,96.6
11,ns=2;s=Channel2.RX3i.A116,A116,,ns=2;s=Channel2.RX3i.A117,A117,,53:21.7,0,0,96.6
12,ns=2;s=Channel2.RX3i.A118,A118,,ns=2;s=Channel2.RX3i.A119,A119,,53:21.7,0,0,96.6
13,ns=2;s=Channel2.RX3i.A12,A12,,ns=2;s=Channel2.RX3i.A120,A120,,53:21.7,0,12.5,96.6
14,ns=2;s=Channel2.RX3i.A121,A121,,ns=2;s=Channel2.RX3i.A122,A122,,53:21.7,0,0,96.6
15,ns=2;s=Channel2.RX3i.A123,A123,,ns=2;s=Channel2.RX3i.A124,A124,,53:21.7,0,0,96.6
16,ns=2;s=Channel2.RX3i.A125,A125,,ns=2;s=Channel2.RX3i.A126,A126,,53:21.7,0,0,96.6
17,ns=2;s=Channel2.RX3i.A127,A127,,ns=2;s=Channel2.RX3i.A128,A128,,53:21.7,0,0,96.6
18,ns=2;s=Channel2.RX3i.A129,A129,,ns=2;s=Channel2.RX3i.A13,A13,,53:21.7,0,0,96.6
19,ns=2;s=Channel2.RX3i.A130,A130,,ns=2;s=Channel2.RX3i.A131,A131,,53:21.7,0,0,96.6
20,ns=2;s=Channel2.RX3i.A132,A132,,ns=2;s=Channel2.RX3i.A133,A133,,53:21.7,0,0,96.6
21,ns=2;s=Channel2.RX3i.A134,A134,,ns=2;s=Channel2.RX3i.A135,A135,,53:21.7,0,0,96.6
22,ns=2;s=Channel2.RX3i.A136,A136,,ns=2;s=Channel2.RX3i.A137,A137,,53:21.7,0,0,96.6
23,ns=2;s=Channel2.RX3i.A138,A138,,ns=2;s=Channel2.RX3i.A139,A139,,53:21.7,0,0,96.6
24,ns=2;s=Channel2.RX3i.A14,A14,,ns=2;s=Channel2.RX3i.A140,A140,,53:21.7,0,14.3,96.6
25,ns=2;s=Channel2.RX3i.A141,A141,,ns=2;s=Channel2.RX3i.A142,A142,,53:21.7,0,0,96.6
1,ns=2;s=Channel2.RX3i.A1,A1,,ns=2;s=Channel2.RX3i.A10,A10,,53:22.9,0,0,96.8
2,ns=2;s=Channel2.RX3i.A100,A100,,ns=2;s=Channel2.RX3i.A1000,A1000,,53:22.9,0,0,97
3,ns=2;s=Channel2.RX3i.A101,A101,,ns=2;s=Channel2.RX3i.A102,A102,,53:22.9,0,6.7,97
4,ns=2;s=Channel2.RX3i.A103,A103,,ns=2;s=Channel2.RX3i.A104,A104,,53:22.9,0,0,97
5,ns=2;s=Channel2.RX3i.A105,A105,,ns=2;s=Channel2.RX3i.A106,A106,,53:22.9,0,0,97
6,ns=2;s=Channel2.RX3i.A107,A107,,ns=2;s=Channel2.RX3i.A108,A108,,13-02-2025 14:53:22.858,0,0,97
7,ns=2;s=Channel2.RX3i.A109,A109,,ns=2;s=Channel2.RX3i.A11,A11,,53:22.9,0,0,97
8,ns=2;s=Channel2.RX3i.A110,A110,,ns=2;s=Channel2.RX3i.A111,A111,,53:22.9,0,0,97
9,ns=2;s=Channel2.RX3i.A112,A112,,ns=2;s=Channel2.RX3i.A113,A113,,53:22.9,0,0,97
10,ns=2;s=Channel2.RX3i.A114,A114,,ns=2;s=Channel2.RX3i.A115,A115,,53:22.9,0,28.6,97.1
11,ns=2;s=Channel2.RX3i.A116,A116,,ns=2;s=Channel2.RX3i.A117,A117,,53:22.9,0,0,97.1
12,ns=2;s=Channel2.RX3i.A118,A118,,ns=2;s=Channel2.RX3i.A119,A119,,53:22.9,0,0,97.1
13,ns=2;s=Channel2.RX3i.A12,A12,,ns=2;s=Channel2.RX3i.A120,A120,,53:22.9,0,28.6,97.1
14,ns=2;s=Channel2.RX3i.A121,A121,,ns=2;s=Channel2.RX3i.A122,A122,,53:22.9,0,75,97.1
15,ns=2;s=Channel2.RX3i.A123,A123,,ns=2;s=Channel2.RX3i.A124,A124,,53:22.9,0,0,97.1
16,ns=2;s=Channel2.RX3i.A125,A125,,ns=2;s=Channel2.RX3i.A126,A126,,53:22.9,0,50,97.1
17,ns=2;s=Channel2.RX3i.A127,A127,,ns=2;s=Channel2.RX3i.A128,A128,,53:22.9,0,25,97.1
18,ns=2;s=Channel2.RX3i.A129,A129,,ns=2;s=Channel2.RX3i.A13,A13,,53:22.9,0,100,97.2
19,ns=2;s=Channel2.RX3i.A130,A130,,ns=2;s=Channel2.RX3i.A131,A131,,53:22.9,0,100,97.2
20,ns=2;s=Channel2.RX3i.A132,A132,,ns=2;s=Channel2.RX3i.A133,A133,,53:22.9,0,81.2,97.3
21,ns=2;s=Channel2.RX3i.A134,A134,,ns=2;s=Channel2.RX3i.A135,A135,,53:22.9,0,100,97.3
22,ns=2;s=Channel2.RX3i.A136,A136,,ns=2;s=Channel2.RX3i.A137,A137,,53:22.9,0,60,97.3
23,ns=2;s=Channel2.RX3i.A138,A138,,ns=2;s=Channel2.RX3i.A139,A139,,53:22.9,0,42.9,97.3
24,ns=2;s=Channel2.RX3i.A14,A14,,ns=2;s=Channel2.RX3i.A140,A140,,53:22.9,0,33.3,97.3
25,ns=2;s=Channel2.RX3i.A141,A141,,ns=2;s=Channel2.RX3i.A142,A142,,53:22.9,0,0,97.3
1,ns=2;s=Channel2.RX3i.A1,A1,,ns=2;s=Channel2.RX3i.A10,A10,,53:23.1,1.345,24.9,97.3
2,ns=2;s=Channel2.RX3i.A100,A100,,ns=2;s=Channel2.RX3i.A1000,A1000,,53:23.1,1.345,100,97.3
3,ns=2;s=Channel2.RX3i.A101,A101,,ns=2;s=Channel2.RX3i.A102,A102,,53:23.1,1.345,66.7,97.3
4,ns=2;s=Channel2.RX3i.A103,A103,,ns=2;s=Channel2.RX3i.A104,A104,,53:23.1,1.345,50,97.3
5,ns=2;s=Channel2.RX3i.A105,A105,,ns=2;s=Channel2.RX3i.A106,A106,,53:23.1,1.345,28.6,97.3
6,ns=2;s=Channel2.RX3i.A107,A107,,ns=2;s=Channel2.RX3i.A108,A108,,13-02-2025 14:53:23.066,1.345,0,97.3
7,ns=2;s=Channel2.RX3i.A109,A109,,ns=2;s=Channel2.RX3i.A11,A11,,53:23.1,1.345,25,97.3
8,ns=2;s=Channel2.RX3i.A110,A110,,ns=2;s=Channel2.RX3i.A111,A111,,53:23.1,1.345,37.5,97.3
9,ns=2;s=Channel2.RX3i.A112,A112,,ns=2;s=Channel2.RX3i.A113,A113,,53:23.1,1.345,33.3,97.3
10,ns=2;s=Channel2.RX3i.A114,A114,,ns=2;s=Channel2.RX3i.A115,A115,,53:23.1,1.345,0,97.3
11,ns=2;s=Channel2.RX3i.A116,A116,,ns=2;s=Channel2.RX3i.A117,A117,,53:23.1,1.345,0,97.3
12,ns=2;s=Channel2.RX3i.A118,A118,,ns=2;s=Channel2.RX3i.A119,A119,,53:23.1,1.345,0,97.3
13,ns=2;s=Channel2.RX3i.A12,A12,,ns=2;s=Channel2.RX3i.A120,A120,,53:23.1,1.345,0,97.3
14,ns=2;s=Channel2.RX3i.A121,A121,,ns=2;s=Channel2.RX3i.A122,A122,,53:23.1,1.345,100,97.3
15,ns=2;s=Channel2.RX3i.A123,A123,,ns=2;s=Channel2.RX3i.A124,A124,,53:23.1,1.345,42.9,97.3
16,ns=2;s=Channel2.RX3i.A125,A125,,ns=2;s=Channel2.RX3i.A126,A126,,53:23.1,1.345,0,97.3
17,ns=2;s=Channel2.RX3i.A127,A127,,ns=2;s=Channel2.RX3i.A128,A128,,53:23.1,1.345,0,97.3
18,ns=2;s=Channel2.RX3i.A129,A129,,ns=2;s=Channel2.RX3i.A13,A13,,53:23.1,1.345,0,97.3
19,ns=2;s=Channel2.RX3i.A130,A130,,ns=2;s=Channel2.RX3i.A131,A131,,53:23.1,1.345,0,97.3
20,ns=2;s=Channel2.RX3i.A132,A132,,ns=2;s=Channel2.RX3i.A133,A133,,53:23.1,1.345,0,97.3
21,ns=2;s=Channel2.RX3i.A134,A134,,ns=2;s=Channel2.RX3i.A135,A135,,53:23.1,1.345,0,97.3
22,ns=2;s=Channel2.RX3i.A136,A136,,ns=2;s=Channel2.RX3i.A137,A137,,53:23.1,1.345,0,97.3
23,ns=2;s=Channel2.RX3i.A138,A138,,ns=2;s=Channel2.RX3i.A139,A139,,53:23.1,1.345,100,97.3
24,ns=2;s=Channel2.RX3i.A14,A14,,ns=2;s=Channel2.RX3i.A140,A140,,53:23.1,1.345,0,97.3
25,ns=2;s=Channel2.RX3i.A141,A141,,ns=2;s=Channel2.RX3i.A142,A142,,53:23.1,1.345,0,97.3
1,ns=2;s=Channel2.RX3i.A1,A1,,ns=2;s=Channel2.RX3i.A10,A10,,53:24.7,1.803,28.6,97.4
2,ns=2;s=Channel2.RX3i.A100,A100,,ns=2;s=Channel2.RX3i.A1000,A1000,,53:24.7,1.803,0,97.4
3,ns=2;s=Channel2.RX3i.A101,A101,,ns=2;s=Channel2.RX3i.A102,A102,,53:24.7,1.803,0,97.4
4,ns=2;s=Channel2.RX3i.A103,A103,,ns=2;s=Channel2.RX3i.A104,A104,,53:24.7,1.803,0,97.4
5,ns=2;s=Channel2.RX3i.A105,A105,,ns=2;s=Channel2.RX3i.A106,A106,,53:24.7,1.803,0,97.4
6,ns=2;s=Channel2.RX3i.A107,A107,,ns=2;s=Channel2.RX3i.A108,A108,,13-02-2025 14:53:24.661,1.803,0,97.4
7,ns=2;s=Channel2.RX3i.A109,A109,,ns=2;s=Channel2.RX3i.A11,A11,,53:24.7,1.803,66.7,97.4
8,ns=2;s=Channel2.RX3i.A110,A110,,ns=2;s=Channel2.RX3i.A111,A111,,53:24.7,1.803,100,97.4
9,ns=2;s=Channel2.RX3i.A112,A112,,ns=2;s=Channel2.RX3i.A113,A113,,53:24.7,1.803,57.1,97.4
10,ns=2;s=Channel2.RX3i.A114,A114,,ns=2;s=Channel2.RX3i.A115,A115,,53:24.7,1.803,70.6,97.4
11,ns=2;s=Channel2.RX3i.A116,A116,,ns=2;s=Channel2.RX3i.A117,A117,,53:24.7,1.803,0,97.4
12,ns=2;s=Channel2.RX3i.A118,A118,,ns=2;s=Channel2.RX3i.A119,A119,,53:24.7,1.803,25,97.4
13,ns=2;s=Channel2.RX3i.A12,A12,,ns=2;s=Channel2.RX3i.A120,A120,,53:24.7,1.803,100,97.2
14,ns=2;s=Channel2.RX3i.A121,A121,,ns=2;s=Channel2.RX3i.A122,A122,,53:24.7,1.803,42.9,97.2
15,ns=2;s=Channel2.RX3i.A123,A123,,ns=2;s=Channel2.RX3i.A124,A124,,53:24.7,1.803,100,97.3
16,ns=2;s=Channel2.RX3i.A125,A125,,ns=2;s=Channel2.RX3i.A126,A126,,53:24.7,1.803,25,97.3
17,ns=2;s=Channel2.RX3i.A127,A127,,ns=2;s=Channel2.RX3i.A128,A128,,53:24.7,1.803,20,97.4
18,ns=2;s=Channel2.RX3i.A129,A129,,ns=2;s=Channel2.RX3i.A13,A13,,53:24.7,1.803,66.7,97.4
19,ns=2;s=Channel2.RX3i.A130,A130,,ns=2;s=Channel2.RX3i.A131,A131,,53:24.7,1.803,0,97.4
20,ns=2;s=Channel2.RX3i.A132,A132,,ns=2;s=Channel2.RX3i.A133,A133,,53:24.7,1.803,33.3,97.4
21,ns=2;s=Channel2.RX3i.A134,A134,,ns=2;s=Channel2.RX3i.A135,A135,,53:24.7,1.803,0,97.4
22,ns=2;s=Channel2.RX3i.A136,A136,,ns=2;s=Channel2.RX3i.A137,A137,,53:24.7,1.803,50,97.4
23,ns=2;s=Channel2.RX3i.A138,A138,,ns=2;s=Channel2.RX3i.A139,A139,,53:24.7,1.803,100,97.4
24,ns=2;s=Channel2.RX3i.A14,A14,,ns=2;s=Channel2.RX3i.A140,A140,,53:24.7,1.803,57.1,97.4
25,ns=2;s=Channel2.RX3i.A141,A141,,ns=2;s=Channel2.RX3i.A142,A142,,53:24.7,1.803,100,97.4
1,ns=2;s=Channel2.RX3i.A1,A1,,ns=2;s=Channel2.RX3i.A10,A10,,53:24.8,1.701,30.8,97.4
2,ns=2;s=Channel2.RX3i.A100,A100,,ns=2;s=Channel2.RX3i.A1000,A1000,,53:24.8,1.701,100,97.2
3,ns=2;s=Channel2.RX3i.A101,A101,,ns=2;s=Channel2.RX3i.A102,A102,,53:24.8,1.701,42.9,97.2
4,ns=2;s=Channel2.RX3i.A103,A103,,ns=2;s=Channel2.RX3i.A104,A104,,53:24.8,1.701,100,97.3
5,ns=2;s=Channel2.RX3i.A105,A105,,ns=2;s=Channel2.RX3i.A106,A106,,53:24.8,1.701,25,97.3
6,ns=2;s=Channel2.RX3i.A107,A107,,ns=2;s=Channel2.RX3i.A108,A108,,13-02-2025 14:53:24.767,1.701,20,97.4
7,ns=2;s=Channel2.RX3i.A109,A109,,ns=2;s=Channel2.RX3i.A11,A11,,53:24.8,1.701,66.7,97.4
8,ns=2;s=Channel2.RX3i.A110,A110,,ns=2;s=Channel2.RX3i.A111,A111,,53:24.8,1.701,0,97.4
9,ns=2;s=Channel2.RX3i.A112,A112,,ns=2;s=Channel2.RX3i.A113,A113,,53:24.8,1.701,33.3,97.4
10,ns=2;s=Channel2.RX3i.A114,A114,,ns=2;s=Channel2.RX3i.A115,A115,,53:24.8,1.701,0,97.4
11,ns=2;s=Channel2.RX3i.A116,A116,,ns=2;s=Channel2.RX3i.A117,A117,,53:24.8,1.701,50,97.4
12,ns=2;s=Channel2.RX3i.A118,A118,,ns=2;s=Channel2.RX3i.A119,A119,,53:24.8,1.701,100,97.4
13,ns=2;s=Channel2.RX3i.A12,A12,,ns=2;s=Channel2.RX3i.A120,A120,,53:24.8,1.701,57.1,97.4
14,ns=2;s=Channel2.RX3i.A121,A121,,ns=2;s=Channel2.RX3i.A122,A122,,53:24.8,1.701,100,97.4
15,ns=2;s=Channel2.RX3i.A123,A123,,ns=2;s=Channel2.RX3i.A124,A124,,53:24.8,1.701,100,97.4
16,ns=2;s=Channel2.RX3i.A125,A125,,ns=2;s=Channel2.RX3i.A126,A126,,53:24.8,1.701,100,97.4
17,ns=2;s=Channel2.RX3i.A127,A127,,ns=2;s=Channel2.RX3i.A128,A128,,53:24.8,1.701,66.7,97.3
18,ns=2;s=Channel2.RX3i.A129,A129,,ns=2;s=Channel2.RX3i.A13,A13,,53:24.8,1.701,20,97.3
19,ns=2;s=Channel2.RX3i.A130,A130,,ns=2;s=Channel2.RX3i.A131,A131,,53:24.8,1.701,50,97.3
20,ns=2;s=Channel2.RX3i.A132,A132,,ns=2;s=Channel2.RX3i.A133,A133,,53:24.8,1.701,0,97.3
21,ns=2;s=Channel2.RX3i.A134,A134,,ns=2;s=Channel2.RX3i.A135,A135,,53:24.8,1.701,20,97.3
22,ns=2;s=Channel2.RX3i.A136,A136,,ns=2;s=Channel2.RX3i.A137,A137,,53:24.8,1.701,25,97.3
23,ns=2;s=Channel2.RX3i.A138,A138,,ns=2;s=Channel2.RX3i.A139,A139,,53:24.8,1.701,0,97.3
24,ns=2;s=Channel2.RX3i.A14,A14,,ns=2;s=Channel2.RX3i.A140,A140,,53:24.8,1.701,16.7,97.3
25,ns=2;s=Channel2.RX3i.A141,A141,,ns=2;s=Channel2.RX3i.A142,A142,,53:24.8,1.701,100,97.3
1,ns=2;s=Channel2.RX3i.A1,A1,,ns=2;s=Channel2.RX3i.A10,A10,,53:26.3,1.506,13.8,97.3
2,ns=2;s=Channel2.RX3i.A100,A100,,ns=2;s=Channel2.RX3i.A1000,A1000,,53:26.3,1.506,12.5,97.3
3,ns=2;s=Channel2.RX3i.A101,A101,,ns=2;s=Channel2.RX3i.A102,A102,,53:26.3,1.506,0,97.3
4,ns=2;s=Channel2.RX3i.A103,A103,,ns=2;s=Channel2.RX3i.A104,A104,,53:26.3,1.506,0,97.3
5,ns=2;s=Channel2.RX3i.A105,A105,,ns=2;s=Channel2.RX3i.A106,A106,,53:26.3,1.506,0,97.3
6,ns=2;s=Channel2.RX3i.A107,A107,,ns=2;s=Channel2.RX3i.A108,A108,,13-02-2025 14:53:26.273,1.506,0,97.3
7,ns=2;s=Channel2.RX3i.A109,A109,,ns=2;s=Channel2.RX3i.A11,A11,,53:26.3,1.506,0,97.3
8,ns=2;s=Channel2.RX3i.A110,A110,,ns=2;s=Channel2.RX3i.A111,A111,,53:26.3,1.506,16.7,97.3
9,ns=2;s=Channel2.RX3i.A112,A112,,ns=2;s=Channel2.RX3i.A113,A113,,53:26.3,1.506,0,97.3
10,ns=2;s=Channel2.RX3i.A114,A114,,ns=2;s=Channel2.RX3i.A115,A115,,53:26.3,1.506,14.3,97.3
11,ns=2;s=Channel2.RX3i.A116,A116,,ns=2;s=Channel2.RX3i.A117,A117,,53:26.3,1.506,0,97.3
12,ns=2;s=Channel2.RX3i.A118,A118,,ns=2;s=Channel2.RX3i.A119,A119,,53:26.3,1.506,0,97.3
13,ns=2;s=Channel2.RX3i.A12,A12,,ns=2;s=Channel2.RX3i.A120,A120,,53:26.3,1.506,14.3,97.3
14,ns=2;s=Channel2.RX3i.A121,A121,,ns=2;s=Channel2.RX3i.A122,A122,,53:26.3,1.506,0,97.3
15,ns=2;s=Channel2.RX3i.A123,A123,,ns=2;s=Channel2.RX3i.A124,A124,,53:26.3,1.506,0,97.3
16,ns=2;s=Channel2.RX3i.A125,A125,,ns=2;s=Channel2.RX3i.A126,A126,,53:26.3,1.506,0,97.3
17,ns=2;s=Channel2.RX3i.A127,A127,,ns=2;s=Channel2.RX3i.A128,A128,,53:26.3,1.506,0,97.3
18,ns=2;s=Channel2.RX3i.A129,A129,,ns=2;s=Channel2.RX3i.A13,A13,,53:26.3,1.506,0,97.3
19,ns=2;s=Channel2.RX3i.A130,A130,,ns=2;s=Channel2.RX3i.A131,A131,,53:26.3,1.506,0,97.3
20,ns=2;s=Channel2.RX3i.A132,A132,,ns=2;s=Channel2.RX3i.A133,A133,,53:26.3,1.506,0,97.3
21,ns=2;s=Channel2.RX3i.A134,A134,,ns=2;s=Channel2.RX3i.A135,A135,,53:26.3,1.506,0,97.3
22,ns=2;s=Channel2.RX3i.A136,A136,,ns=2;s=Channel2.RX3i.A137,A137,,53:26.3,1.506,0,97.3
23,ns=2;s=Channel2.RX3i.A138,A138,,ns=2;s=Channel2.RX3i.A139,A139,,53:26.3,1.506,0,97.3
24,ns=2;s=Channel2.RX3i.A14,A14,,ns=2;s=Channel2.RX3i.A140,A140,,53:26.3,1.506,0,97.3
25,ns=2;s=Channel2.RX3i.A141,A141,,ns=2;s=Channel2.RX3i.A142,A142,,53:26.3,1.506,0,97.3
1,ns=2;s=Channel2.RX3i.A1,A1,,ns=2;s=Channel2.RX3i.A10,A10,,53:26.3,1.595,16.6,97.3
2,ns=2;s=Channel2.RX3i.A100,A100,,ns=2;s=Channel2.RX3i.A1000,A1000,,53:26.3,1.595,0,97.3
3,ns=2;s=Channel2.RX3i.A101,A101,,ns=2;s=Channel2.RX3i.A102,A102,,53:26.3,1.595,0,97.3
4,ns=2;s=Channel2.RX3i.A103,A103,,ns=2;s=Channel2.RX3i.A104,A104,,53:26.3,1.595,0,97.3
5,ns=2;s=Channel2.RX3i.A105,A105,,ns=2;s=Channel2.RX3i.A106,A106,,53:26.3,1.595,0,97.3
6,ns=2;s=Channel2.RX3i.A107,A107,,ns=2;s=Channel2.RX3i.A108,A108,,13-02-2025 14:53:26.255,1.595,16.7,97.3
7,ns=2;s=Channel2.RX3i.A109,A109,,ns=2;s=Channel2.RX3i.A11,A11,,53:26.3,1.595,0,97.3
8,ns=2;s=Channel2.RX3i.A110,A110,,ns=2;s=Channel2.RX3i.A111,A111,,53:26.3,1.595,14.3,97.3
9,ns=2;s=Channel2.RX3i.A112,A112,,ns=2;s=Channel2.RX3i.A113,A113,,53:26.3,1.595,0,97.3
10,ns=2;s=Channel2.RX3i.A114,A114,,ns=2;s=Channel2.RX3i.A115,A115,,53:26.3,1.595,0,97.3
11,ns=2;s=Channel2.RX3i.A116,A116,,ns=2;s=Channel2.RX3i.A117,A117,,53:26.3,1.595,14.3,97.3
12,ns=2;s=Channel2.RX3i.A118,A118,,ns=2;s=Channel2.RX3i.A119,A119,,53:26.3,1.595,0,97.3
13,ns=2;s=Channel2.RX3i.A12,A12,,ns=2;s=Channel2.RX3i.A120,A120,,53:26.3,1.595,0,97.3
14,ns=2;s=Channel2.RX3i.A121,A121,,ns=2;s=Channel2.RX3i.A122,A122,,53:26.3,1.595,0,97.3
15,ns=2;s=Channel2.RX3i.A123,A123,,ns=2;s=Channel2.RX3i.A124,A124,,53:26.3,1.595,0,97.3
16,ns=2;s=Channel2.RX3i.A125,A125,,ns=2;s=Channel2.RX3i.A126,A126,,53:26.3,1.595,0,97.3
17,ns=2;s=Channel2.RX3i.A127,A127,,ns=2;s=Channel2.RX3i.A128,A128,,53:26.3,1.595,0,97.3
18,ns=2;s=Channel2.RX3i.A129,A129,,ns=2;s=Channel2.RX3i.A13,A13,,53:26.3,1.595,0,97.3
19,ns=2;s=Channel2.RX3i.A130,A130,,ns=2;s=Channel2.RX3i.A131,A131,,53:26.3,1.595,0,97.3
20,ns=2;s=Channel2.RX3i.A132,A132,,ns=2;s=Channel2.RX3i.A133,A133,,53:26.3,1.595,0,97.3
21,ns=2;s=Channel2.RX3i.A134,A134,,ns=2;s=Channel2.RX3i.A135,A135,,53:26.3,1.595,0,97.3
22,ns=2;s=Channel2.RX3i.A136,A136,,ns=2;s=Channel2.RX3i.A137,A137,,53:26.3,1.595,0,97.3
23,ns=2;s=Channel2.RX3i.A138,A138,,ns=2;s=Channel2.RX3i.A139,A139,,53:26.3,1.595,0,97.3
24,ns=2;s=Channel2.RX3i.A14,A14,,ns=2;s=Channel2.RX3i.A140,A140,,53:26.3,1.595,0,97.3
25,ns=2;s=Channel2.RX3i.A141,A141,,ns=2;s=Channel2.RX3i.A142,A142,,53:26.3,1.595,0,97.3
1,ns=2;s=Channel2.RX3i.A1,A1,,ns=2;s=Channel2.RX3i.A10,A10,,53:27.5,1.258,11.9,97.2
2,ns=2;s=Channel2.RX3i.A100,A100,,ns=2;s=Channel2.RX3i.A1000,A1000,,53:27.5,1.258,33.3,97.2
3,ns=2;s=Channel2.RX3i.A101,A101,,ns=2;s=Channel2.RX3i.A102,A102,,53:27.5,1.258,100,97.2
4,ns=2;s=Channel2.RX3i.A103,A103,,ns=2;s=Channel2.RX3i.A104,A104,,53:27.5,1.258,37.5,97.2
5,ns=2;s=Channel2.RX3i.A105,A105,,ns=2;s=Channel2.RX3i.A106,A106,,53:27.5,1.258,0,97.2
6,ns=2;s=Channel2.RX3i.A107,A107,,ns=2;s=Channel2.RX3i.A108,A108,,13-02-2025 14:53:27.530,1.258,0,97.2
7,ns=2;s=Channel2.RX3i.A109,A109,,ns=2;s=Channel2.RX3i.A11,A11,,53:27.5,1.258,77.8,97.2
8,ns=2;s=Channel2.RX3i.A110,A110,,ns=2;s=Channel2.RX3i.A111,A111,,53:27.5,1.258,0,97.2
9,ns=2;s=Channel2.RX3i.A112,A112,,ns=2;s=Channel2.RX3i.A113,A113,,53:27.5,1.258,0,97.2
10,ns=2;s=Channel2.RX3i.A114,A114,,ns=2;s=Channel2.RX3i.A115,A115,,53:27.5,1.258,50,97.2
11,ns=2;s=Channel2.RX3i.A116,A116,,ns=2;s=Channel2.RX3i.A117,A117,,53:27.5,1.258,0,97.2
12,ns=2;s=Channel2.RX3i.A118,A118,,ns=2;s=Channel2.RX3i.A119,A119,,53:27.5,1.258,0,97.2
13,ns=2;s=Channel2.RX3i.A12,A12,,ns=2;s=Channel2.RX3i.A120,A120,,53:27.5,1.258,100,97.2
14,ns=2;s=Channel2.RX3i.A121,A121,,ns=2;s=Channel2.RX3i.A122,A122,,53:27.5,1.258,0,97.2
15,ns=2;s=Channel2.RX3i.A123,A123,,ns=2;s=Channel2.RX3i.A124,A124,,53:27.5,1.258,100,97.2
16,ns=2;s=Channel2.RX3i.A125,A125,,ns=2;s=Channel2.RX3i.A126,A126,,53:27.5,1.258,50,97.2
17,ns=2;s=Channel2.RX3i.A127,A127,,ns=2;s=Channel2.RX3i.A128,A128,,53:27.5,1.258,75,97.2
18,ns=2;s=Channel2.RX3i.A129,A129,,ns=2;s=Channel2.RX3i.A13,A13,,53:27.5,1.258,0,97.2
19,ns=2;s=Channel2.RX3i.A130,A130,,ns=2;s=Channel2.RX3i.A131,A131,,53:27.5,1.258,0,97.2
20,ns=2;s=Channel2.RX3i.A132,A132,,ns=2;s=Channel2.RX3i.A133,A133,,53:27.5,1.258,12.5,97.2
21,ns=2;s=Channel2.RX3i.A134,A134,,ns=2;s=Channel2.RX3i.A135,A135,,53:27.5,1.258,0,97.2
22,ns=2;s=Channel2.RX3i.A136,A136,,ns=2;s=Channel2.RX3i.A137,A137,,53:27.5,1.258,0,97.2
23,ns=2;s=Channel2.RX3i.A138,A138,,ns=2;s=Channel2.RX3i.A139,A139,,53:27.5,1.258,0,97.2
24,ns=2;s=Channel2.RX3i.A14,A14,,ns=2;s=Channel2.RX3i.A140,A140,,53:27.5,1.258,0,97.2
25,ns=2;s=Channel2.RX3i.A141,A141,,ns=2;s=Channel2.RX3i.A142,A142,,53:27.5,1.258,0,97.2
1,ns=2;s=Channel2.RX3i.A1,A1,,ns=2;s=Channel2.RX3i.A10,A10,,53:27.5,1.285,13.6,97.2
2,ns=2;s=Channel2.RX3i.A100,A100,,ns=2;s=Channel2.RX3i.A1000,A1000,,53:27.5,1.285,0,97.2
3,ns=2;s=Channel2.RX3i.A101,A101,,ns=2;s=Channel2.RX3i.A102,A102,,53:27.5,1.285,57.1,97.2
4,ns=2;s=Channel2.RX3i.A103,A103,,ns=2;s=Channel2.RX3i.A104,A104,,53:27.5,1.285,0,97.2
5,ns=2;s=Channel2.RX3i.A105,A105,,ns=2;s=Channel2.RX3i.A106,A106,,53:27.5,1.285,0,97.2
6,ns=2;s=Channel2.RX3i.A107,A107,,ns=2;s=Channel2.RX3i.A108,A108,,13-02-2025 14:53:27.540,1.285,100,97.2
7,ns=2;s=Channel2.RX3i.A109,A109,,ns=2;s=Channel2.RX3i.A11,A11,,53:27.5,1.285,0,97.2
8,ns=2;s=Channel2.RX3i.A110,A110,,ns=2;s=Channel2.RX3i.A111,A111,,53:27.5,1.285,87.5,97.2
9,ns=2;s=Channel2.RX3i.A112,A112,,ns=2;s=Channel2.RX3i.A113,A113,,53:27.5,1.285,0,97.2
10,ns=2;s=Channel2.RX3i.A114,A114,,ns=2;s=Channel2.RX3i.A115,A115,,53:27.5,1.285,75,97.2
11,ns=2;s=Channel2.RX3i.A116,A116,,ns=2;s=Channel2.RX3i.A117,A117,,53:27.5,1.285,0,97.2
12,ns=2;s=Channel2.RX3i.A118,A118,,ns=2;s=Channel2.RX3i.A119,A119,,53:27.5,1.285,0,97.2
13,ns=2;s=Channel2.RX3i.A12,A12,,ns=2;s=Channel2.RX3i.A120,A120,,53:27.5,1.285,12.5,97.2
14,ns=2;s=Channel2.RX3i.A121,A121,,ns=2;s=Channel2.RX3i.A122,A122,,53:27.5,1.285,0,97.2
15,ns=2;s=Channel2.RX3i.A123,A123,,ns=2;s=Channel2.RX3i.A124,A124,,53:27.5,1.285,0,97.2
16,ns=2;s=Channel2.RX3i.A125,A125,,ns=2;s=Channel2.RX3i.A126,A126,,53:27.5,1.285,0,97.2
17,ns=2;s=Channel2.RX3i.A127,A127,,ns=2;s=Channel2.RX3i.A128,A128,,53:27.5,1.285,0,97.2
18,ns=2;s=Channel2.RX3i.A129,A129,,ns=2;s=Channel2.RX3i.A13,A13,,53:27.5,1.285,0,97.2
19,ns=2;s=Channel2.RX3i.A130,A130,,ns=2;s=Channel2.RX3i.A131,A131,,53:27.5,1.285,0,97.2
20,ns=2;s=Channel2.RX3i.A132,A132,,ns=2;s=Channel2.RX3i.A133,A133,,53:27.5,1.285,0,97.2
21,ns=2;s=Channel2.RX3i.A134,A134,,ns=2;s=Channel2.RX3i.A135,A135,,53:27.5,1.285,0,97.2
22,ns=2;s=Channel2.RX3i.A136,A136,,ns=2;s=Channel2.RX3i.A137,A137,,53:27.5,1.285,0,97.2
23,ns=2;s=Channel2.RX3i.A138,A138,,ns=2;s=Channel2.RX3i.A139,A139,,53:27.5,1.285,0,97.2
24,ns=2;s=Channel2.RX3i.A14,A14,,ns=2;s=Channel2.RX3i.A140,A140,,53:27.5,1.285,0,97.2
25,ns=2;s=Channel2.RX3i.A141,A141,,ns=2;s=Channel2.RX3i.A142,A142,,53:27.5,1.285,0,97.2
1,ns=2;s=Channel2.RX3i.A1,A1,,ns=2;s=Channel2.RX3i.A10,A10,,53:28.9,1.413,12.6,95.7
2,ns=2;s=Channel2.RX3i.A100,A100,,ns=2;s=Channel2.RX3i.A1000,A1000,,53:28.9,1.413,62.5,95.6
3,ns=2;s=Channel2.RX3i.A101,A101,,ns=2;s=Channel2.RX3i.A102,A102,,53:28.9,1.413,50,95.6
4,ns=2;s=Channel2.RX3i.A103,A103,,ns=2;s=Channel2.RX3i.A104,A104,,53:28.9,1.413,0,95.6
5,ns=2;s=Channel2.RX3i.A105,A105,,ns=2;s=Channel2.RX3i.A106,A106,,53:28.9,1.413,100,95.6
6,ns=2;s=Channel2.RX3i.A107,A107,,ns=2;s=Channel2.RX3i.A108,A108,,13-02-2025 14:53:28.944,1.413,0,95.6
7,ns=2;s=Channel2.RX3i.A109,A109,,ns=2;s=Channel2.RX3i.A11,A11,,53:28.9,1.413,25,95.6
8,ns=2;s=Channel2.RX3i.A110,A110,,ns=2;s=Channel2.RX3i.A111,A111,,53:28.9,1.413,0,95.6
9,ns=2;s=Channel2.RX3i.A112,A112,,ns=2;s=Channel2.RX3i.A113,A113,,53:28.9,1.413,0,95.6
10,ns=2;s=Channel2.RX3i.A114,A114,,ns=2;s=Channel2.RX3i.A115,A115,,53:28.9,1.413,0,95.6
11,ns=2;s=Channel2.RX3i.A116,A116,,ns=2;s=Channel2.RX3i.A117,A117,,53:28.9,1.413,0,95.6
12,ns=2;s=Channel2.RX3i.A118,A118,,ns=2;s=Channel2.RX3i.A119,A119,,53:28.9,1.413,0,95.6
13,ns=2;s=Channel2.RX3i.A12,A12,,ns=2;s=Channel2.RX3i.A120,A120,,53:28.9,1.413,25,95.6
14,ns=2;s=Channel2.RX3i.A121,A121,,ns=2;s=Channel2.RX3i.A122,A122,,53:28.9,1.413,0,95.6
15,ns=2;s=Channel2.RX3i.A123,A123,,ns=2;s=Channel2.RX3i.A124,A124,,53:28.9,1.413,16.7,95.6
16,ns=2;s=Channel2.RX3i.A125,A125,,ns=2;s=Channel2.RX3i.A126,A126,,53:28.9,1.413,0,95.6
17,ns=2;s=Channel2.RX3i.A127,A127,,ns=2;s=Channel2.RX3i.A128,A128,,53:28.9,1.413,0,95.6
18,ns=2;s=Channel2.RX3i.A129,A129,,ns=2;s=Channel2.RX3i.A13,A13,,53:28.9,1.413,28.6,95.6
19,ns=2;s=Channel2.RX3i.A130,A130,,ns=2;s=Channel2.RX3i.A131,A131,,53:28.9,1.413,0,95.6
20,ns=2;s=Channel2.RX3i.A132,A132,,ns=2;s=Channel2.RX3i.A133,A133,,53:28.9,1.413,0,95.6
21,ns=2;s=Channel2.RX3i.A134,A134,,ns=2;s=Channel2.RX3i.A135,A135,,53:28.9,1.413,0,95.6
22,ns=2;s=Channel2.RX3i.A136,A136,,ns=2;s=Channel2.RX3i.A137,A137,,53:28.9,1.413,0,95.6
23,ns=2;s=Channel2.RX3i.A138,A138,,ns=2;s=Channel2.RX3i.A139,A139,,53:28.9,1.413,0,95.6
24,ns=2;s=Channel2.RX3i.A14,A14,,ns=2;s=Channel2.RX3i.A140,A140,,53:28.9,1.413,14.3,95.6
25,ns=2;s=Channel2.RX3i.A141,A141,,ns=2;s=Channel2.RX3i.A142,A142,,53:28.9,1.413,0,95.6
1,ns=2;s=Channel2.RX3i.A1,A1,,ns=2;s=Channel2.RX3i.A10,A10,,53:28.9,1.405,12.9,95.7
2,ns=2;s=Channel2.RX3i.A100,A100,,ns=2;s=Channel2.RX3i.A1000,A1000,,53:28.9,1.405,62.5,95.6
3,ns=2;s=Channel2.RX3i.A101,A101,,ns=2;s=Channel2.RX3i.A102,A102,,53:28.9,1.405,50,95.6
4,ns=2;s=Channel2.RX3i.A103,A103,,ns=2;s=Channel2.RX3i.A104,A104,,53:28.9,1.405,0,95.6
5,ns=2;s=Channel2.RX3i.A105,A105,,ns=2;s=Channel2.RX3i.A106,A106,,53:28.9,1.405,100,95.6
6,ns=2;s=Channel2.RX3i.A107,A107,,ns=2;s=Channel2.RX3i.A108,A108,,13-02-2025 14:53:28.945,1.405,0,95.6
7,ns=2;s=Channel2.RX3i.A109,A109,,ns=2;s=Channel2.RX3i.A11,A11,,53:28.9,1.405,25,95.6
8,ns=2;s=Channel2.RX3i.A110,A110,,ns=2;s=Channel2.RX3i.A111,A111,,53:28.9,1.405,0,95.6
9,ns=2;s=Channel2.RX3i.A112,A112,,ns=2;s=Channel2.RX3i.A113,A113,,53:28.9,1.405,0,95.6
10,ns=2;s=Channel2.RX3i.A114,A114,,ns=2;s=Channel2.RX3i.A115,A115,,53:28.9,1.405,0,95.6
11,ns=2;s=Channel2.RX3i.A116,A116,,ns=2;s=Channel2.RX3i.A117,A117,,53:28.9,1.405,0,95.6
12,ns=2;s=Channel2.RX3i.A118,A118,,ns=2;s=Channel2.RX3i.A119,A119,,53:28.9,1.405,0,95.6
13,ns=2;s=Channel2.RX3i.A12,A12,,ns=2;s=Channel2.RX3i.A120,A120,,53:28.9,1.405,25,95.6
14,ns=2;s=Channel2.RX3i.A121,A121,,ns=2;s=Channel2.RX3i.A122,A122,,53:28.9,1.405,0,95.6
15,ns=2;s=Channel2.RX3i.A123,A123,,ns=2;s=Channel2.RX3i.A124,A124,,53:28.9,1.405,16.7,95.6
16,ns=2;s=Channel2.RX3i.A125,A125,,ns=2;s=Channel2.RX3i.A126,A126,,53:28.9,1.405,0,95.6
17,ns=2;s=Channel2.RX3i.A127,A127,,ns=2;s=Channel2.RX3i.A128,A128,,53:28.9,1.405,0,95.6
18,ns=2;s=Channel2.RX3i.A129,A129,,ns=2;s=Channel2.RX3i.A13,A13,,53:28.9,1.405,28.6,95.6
19,ns=2;s=Channel2.RX3i.A130,A130,,ns=2;s=Channel2.RX3i.A131,A131,,53:28.9,1.405,0,95.6
20,ns=2;s=Channel2.RX3i.A132,A132,,ns=2;s=Channel2.RX3i.A133,A133,,53:28.9,1.405,0,95.6
21,ns=2;s=Channel2.RX3i.A134,A134,,ns=2;s=Channel2.RX3i.A135,A135,,53:28.9,1.405,0,95.6
22,ns=2;s=Channel2.RX3i.A136,A136,,ns=2;s=Channel2.RX3i.A137,A137,,53:28.9,1.405,0,95.6
23,ns=2;s=Channel2.RX3i.A138,A138,,ns=2;s=Channel2.RX3i.A139,A139,,53:28.9,1.405,0,95.6
24,ns=2;s=Channel2.RX3i.A14,A14,,ns=2;s=Channel2.RX3i.A140,A140,,53:28.9,1.405,14.3,95.6
25,ns=2;s=Channel2.RX3i.A141,A141,,ns=2;s=Channel2.RX3i.A142,A142,,53:28.9,1.405,0,95.6
1,ns=2;s=Channel2.RX3i.A1,A1,,ns=2;s=Channel2.RX3i.A10,A10,,53:30.2,1.236,15.3,94.3
2,ns=2;s=Channel2.RX3i.A100,A100,,ns=2;s=Channel2.RX3i.A1000,A1000,,53:30.2,1.236,14.3,94.3
3,ns=2;s=Channel2.RX3i.A101,A101,,ns=2;s=Channel2.RX3i.A102,A102,,53:30.2,1.236,0,94.3
4,ns=2;s=Channel2.RX3i.A103,A103,,ns=2;s=Channel2.RX3i.A104,A104,,53:30.2,1.236,0,94.3
5,ns=2;s=Channel2.RX3i.A105,A105,,ns=2;s=Channel2.RX3i.A106,A106,,53:30.2,1.236,12.5,94.3
6,ns=2;s=Channel2.RX3i.A107,A107,,ns=2;s=Channel2.RX3i.A108,A108,,13-02-2025 14:53:30.179,1.236,0,94.3
7,ns=2;s=Channel2.RX3i.A109,A109,,ns=2;s=Channel2.RX3i.A11,A11,,53:30.2,1.236,0,94.3
8,ns=2;s=Channel2.RX3i.A110,A110,,ns=2;s=Channel2.RX3i.A111,A111,,53:30.2,1.236,0,94.3
9,ns=2;s=Channel2.RX3i.A112,A112,,ns=2;s=Channel2.RX3i.A113,A113,,53:30.2,1.236,0,94.3
10,ns=2;s=Channel2.RX3i.A114,A114,,ns=2;s=Channel2.RX3i.A115,A115,,53:30.2,1.236,0,94.3
11,ns=2;s=Channel2.RX3i.A116,A116,,ns=2;s=Channel2.RX3i.A117,A117,,53:30.2,1.236,0,94.3
12,ns=2;s=Channel2.RX3i.A118,A118,,ns=2;s=Channel2.RX3i.A119,A119,,53:30.2,1.236,12.5,94.3
13,ns=2;s=Channel2.RX3i.A12,A12,,ns=2;s=Channel2.RX3i.A120,A120,,53:30.2,1.236,0,94.4
14,ns=2;s=Channel2.RX3i.A121,A121,,ns=2;s=Channel2.RX3i.A122,A122,,53:30.2,1.236,0,94.4
15,ns=2;s=Channel2.RX3i.A123,A123,,ns=2;s=Channel2.RX3i.A124,A124,,53:30.2,1.236,22.2,94.4
16,ns=2;s=Channel2.RX3i.A125,A125,,ns=2;s=Channel2.RX3i.A126,A126,,53:30.2,1.236,0,94.4
17,ns=2;s=Channel2.RX3i.A127,A127,,ns=2;s=Channel2.RX3i.A128,A128,,53:30.2,1.236,0,94.4
18,ns=2;s=Channel2.RX3i.A129,A129,,ns=2;s=Channel2.RX3i.A13,A13,,53:30.2,1.236,0,94.4
19,ns=2;s=Channel2.RX3i.A130,A130,,ns=2;s=Channel2.RX3i.A131,A131,,53:30.2,1.236,0,94.4
20,ns=2;s=Channel2.RX3i.A132,A132,,ns=2;s=Channel2.RX3i.A133,A133,,53:30.2,1.236,12.5,94.4
21,ns=2;s=Channel2.RX3i.A134,A134,,ns=2;s=Channel2.RX3i.A135,A135,,53:30.2,1.236,0,94.4
22,ns=2;s=Channel2.RX3i.A136,A136,,ns=2;s=Channel2.RX3i.A137,A137,,53:30.2,1.236,0,94.4
23,ns=2;s=Channel2.RX3i.A138,A138,,ns=2;s=Channel2.RX3i.A139,A139,,53:30.2,1.236,0,94.4
24,ns=2;s=Channel2.RX3i.A14,A14,,ns=2;s=Channel2.RX3i.A140,A140,,53:30.2,1.236,0,94.4
25,ns=2;s=Channel2.RX3i.A141,A141,,ns=2;s=Channel2.RX3i.A142,A142,,53:30.2,1.236,0,94.4
1,ns=2;s=Channel2.RX3i.A1,A1,,ns=2;s=Channel2.RX3i.A10,A10,,53:30.2,1.235,15.1,94.3
2,ns=2;s=Channel2.RX3i.A100,A100,,ns=2;s=Channel2.RX3i.A1000,A1000,,53:30.2,1.235,0,94.4
3,ns=2;s=Channel2.RX3i.A101,A101,,ns=2;s=Channel2.RX3i.A102,A102,,53:30.2,1.235,0,94.4
4,ns=2;s=Channel2.RX3i.A103,A103,,ns=2;s=Channel2.RX3i.A104,A104,,53:30.2,1.235,22.2,94.4
5,ns=2;s=Channel2.RX3i.A105,A105,,ns=2;s=Channel2.RX3i.A106,A106,,53:30.2,1.235,0,94.4
6,ns=2;s=Channel2.RX3i.A107,A107,,ns=2;s=Channel2.RX3i.A108,A108,,13-02-2025 14:53:30.179,1.235,0,94.4
7,ns=2;s=Channel2.RX3i.A109,A109,,ns=2;s=Channel2.RX3i.A11,A11,,53:30.2,1.235,0,94.4
8,ns=2;s=Channel2.RX3i.A110,A110,,ns=2;s=Channel2.RX3i.A111,A111,,53:30.2,1.235,0,94.4
9,ns=2;s=Channel2.RX3i.A112,A112,,ns=2;s=Channel2.RX3i.A113,A113,,53:30.2,1.235,12.5,94.4
10,ns=2;s=Channel2.RX3i.A114,A114,,ns=2;s=Channel2.RX3i.A115,A115,,53:30.2,1.235,0,94.4
11,ns=2;s=Channel2.RX3i.A116,A116,,ns=2;s=Channel2.RX3i.A117,A117,,53:30.2,1.235,0,94.4
12,ns=2;s=Channel2.RX3i.A118,A118,,ns=2;s=Channel2.RX3i.A119,A119,,53:30.2,1.235,0,94.4
13,ns=2;s=Channel2.RX3i.A12,A12,,ns=2;s=Channel2.RX3i.A120,A120,,53:30.2,1.235,0,94.4
14,ns=2;s=Channel2.RX3i.A121,A121,,ns=2;s=Channel2.RX3i.A122,A122,,53:30.2,1.235,0,94.4
15,ns=2;s=Channel2.RX3i.A123,A123,,ns=2;s=Channel2.RX3i.A124,A124,,53:30.2,1.235,0,94.4
16,ns=2;s=Channel2.RX3i.A125,A125,,ns=2;s=Channel2.RX3i.A126,A126,,53:30.2,1.235,0,94.4
17,ns=2;s=Channel2.RX3i.A127,A127,,ns=2;s=Channel2.RX3i.A128,A128,,53:30.2,1.235,0,94.4
18,ns=2;s=Channel2.RX3i.A129,A129,,ns=2;s=Channel2.RX3i.A13,A13,,53:30.2,1.235,0,94.4
19,ns=2;s=Channel2.RX3i.A130,A130,,ns=2;s=Channel2.RX3i.A131,A131,,53:30.2,1.235,12.5,94.4
20,ns=2;s=Channel2.RX3i.A132,A132,,ns=2;s=Channel2.RX3i.A133,A133,,53:30.2,1.235,0,94.4
21,ns=2;s=Channel2.RX3i.A134,A134,,ns=2;s=Channel2.RX3i.A135,A135,,53:30.2,1.235,0,94.4
22,ns=2;s=Channel2.RX3i.A136,A136,,ns=2;s=Channel2.RX3i.A137,A137,,53:30.2,1.235,0,94.4
23,ns=2;s=Channel2.RX3i.A138,A138,,ns=2;s=Channel2.RX3i.A139,A139,,53:30.2,1.235,75,94.4
24,ns=2;s=Channel2.RX3i.A14,A14,,ns=2;s=Channel2.RX3i.A140,A140,,53:30.2,1.235,0,94.4
25,ns=2;s=Channel2.RX3i.A141,A141,,ns=2;s=Channel2.RX3i.A142,A142,,53:30.2,1.235,0,94.4
1,ns=2;s=Channel2.RX3i.A1,A1,,ns=2;s=Channel2.RX3i.A10,A10,,53:31.7,1.502,15.1,93.7
2,ns=2;s=Channel2.RX3i.A100,A100,,ns=2;s=Channel2.RX3i.A1000,A1000,,53:31.7,1.502,16.7,93.7
3,ns=2;s=Channel2.RX3i.A101,A101,,ns=2;s=Channel2.RX3i.A102,A102,,53:31.7,1.502,14.3,93.7
4,ns=2;s=Channel2.RX3i.A103,A103,,ns=2;s=Channel2.RX3i.A104,A104,,53:31.7,1.502,0,93.7
5,ns=2;s=Channel2.RX3i.A105,A105,,ns=2;s=Channel2.RX3i.A106,A106,,53:31.7,1.502,0,93.7
6,ns=2;s=Channel2.RX3i.A107,A107,,ns=2;s=Channel2.RX3i.A108,A108,,13-02-2025 14:53:31.681,1.502,0,93.7
7,ns=2;s=Channel2.RX3i.A109,A109,,ns=2;s=Channel2.RX3i.A11,A11,,53:31.7,1.502,0,93.7
8,ns=2;s=Channel2.RX3i.A110,A110,,ns=2;s=Channel2.RX3i.A111,A111,,53:31.7,1.502,14.3,93.7
9,ns=2;s=Channel2.RX3i.A112,A112,,ns=2;s=Channel2.RX3i.A113,A113,,53:31.7,1.502,0,93.7
10,ns=2;s=Channel2.RX3i.A114,A114,,ns=2;s=Channel2.RX3i.A115,A115,,53:31.7,1.502,0,93.7
11,ns=2;s=Channel2.RX3i.A116,A116,,ns=2;s=Channel2.RX3i.A117,A117,,53:31.7,1.502,0,93.6
12,ns=2;s=Channel2.RX3i.A118,A118,,ns=2;s=Channel2.RX3i.A119,A119,,53:31.7,1.502,0,93.6
13,ns=2;s=Channel2.RX3i.A12,A12,,ns=2;s=Channel2.RX3i.A120,A120,,53:31.7,1.502,0,93.6
14,ns=2;s=Channel2.RX3i.A121,A121,,ns=2;s=Channel2.RX3i.A122,A122,,53:31.7,1.502,37.5,93.6
15,ns=2;s=Channel2.RX3i.A123,A123,,ns=2;s=Channel2.RX3i.A124,A124,,53:31.7,1.502,0,93.6
16,ns=2;s=Channel2.RX3i.A125,A125,,ns=2;s=Channel2.RX3i.A126,A126,,53:31.7,1.502,0,93.6
17,ns=2;s=Channel2.RX3i.A127,A127,,ns=2;s=Channel2.RX3i.A128,A128,,53:31.7,1.502,28.6,93.6
18,ns=2;s=Channel2.RX3i.A129,A129,,ns=2;s=Channel2.RX3i.A13,A13,,53:31.7,1.502,0,93.6
19,ns=2;s=Channel2.RX3i.A130,A130,,ns=2;s=Channel2.RX3i.A131,A131,,53:31.7,1.502,0,93.6
20,ns=2;s=Channel2.RX3i.A132,A132,,ns=2;s=Channel2.RX3i.A133,A133,,53:31.7,1.502,16.7,93.6
21,ns=2;s=Channel2.RX3i.A134,A134,,ns=2;s=Channel2.RX3i.A135,A135,,53:31.7,1.502,0,93.6
22,ns=2;s=Channel2.RX3i.A136,A136,,ns=2;s=Channel2.RX3i.A137,A137,,53:31.7,1.502,0,93.6
23,ns=2;s=Channel2.RX3i.A138,A138,,ns=2;s=Channel2.RX3i.A139,A139,,53:31.7,1.502,0,93.6
24,ns=2;s=Channel2.RX3i.A14,A14,,ns=2;s=Channel2.RX3i.A140,A140,,53:31.7,1.502,0,93.6
25,ns=2;s=Channel2.RX3i.A141,A141,,ns=2;s=Channel2.RX3i.A142,A142,,53:31.7,1.502,0,93.6
1,ns=2;s=Channel2.RX3i.A1,A1,,ns=2;s=Channel2.RX3i.A10,A10,,53:31.7,1.508,14.5,93.7
2,ns=2;s=Channel2.RX3i.A100,A100,,ns=2;s=Channel2.RX3i.A1000,A1000,,53:31.7,1.508,14.3,93.7
3,ns=2;s=Channel2.RX3i.A101,A101,,ns=2;s=Channel2.RX3i.A102,A102,,53:31.7,1.508,14.3,93.7
4,ns=2;s=Channel2.RX3i.A103,A103,,ns=2;s=Channel2.RX3i.A104,A104,,53:31.7,1.508,0,93.7
5,ns=2;s=Channel2.RX3i.A105,A105,,ns=2;s=Channel2.RX3i.A106,A106,,53:31.7,1.508,0,93.7
6,ns=2;s=Channel2.RX3i.A107,A107,,ns=2;s=Channel2.RX3i.A108,A108,,13-02-2025 14:53:31.687,1.508,0,93.7
7,ns=2;s=Channel2.RX3i.A109,A109,,ns=2;s=Channel2.RX3i.A11,A11,,53:31.7,1.508,0,93.7
8,ns=2;s=Channel2.RX3i.A110,A110,,ns=2;s=Channel2.RX3i.A111,A111,,53:31.7,1.508,14.3,93.7
9,ns=2;s=Channel2.RX3i.A112,A112,,ns=2;s=Channel2.RX3i.A113,A113,,53:31.7,1.508,0,93.7
10,ns=2;s=Channel2.RX3i.A114,A114,,ns=2;s=Channel2.RX3i.A115,A115,,53:31.7,1.508,0,93.7
11,ns=2;s=Channel2.RX3i.A116,A116,,ns=2;s=Channel2.RX3i.A117,A117,,53:31.7,1.508,0,93.6
12,ns=2;s=Channel2.RX3i.A118,A118,,ns=2;s=Channel2.RX3i.A119,A119,,53:31.7,1.508,0,93.6
13,ns=2;s=Channel2.RX3i.A12,A12,,ns=2;s=Channel2.RX3i.A120,A120,,53:31.7,1.508,33.3,93.6
14,ns=2;s=Channel2.RX3i.A121,A121,,ns=2;s=Channel2.RX3i.A122,A122,,53:31.7,1.508,40,93.6
15,ns=2;s=Channel2.RX3i.A123,A123,,ns=2;s=Channel2.RX3i.A124,A124,,53:31.7,1.508,0,93.6
16,ns=2;s=Channel2.RX3i.A125,A125,,ns=2;s=Channel2.RX3i.A126,A126,,53:31.7,1.508,0,93.6
17,ns=2;s=Channel2.RX3i.A127,A127,,ns=2;s=Channel2.RX3i.A128,A128,,53:31.7,1.508,28.6,93.6
18,ns=2;s=Channel2.RX3i.A129,A129,,ns=2;s=Channel2.RX3i.A13,A13,,53:31.7,1.508,0,93.6
19,ns=2;s=Channel2.RX3i.A130,A130,,ns=2;s=Channel2.RX3i.A131,A131,,53:31.7,1.508,0,93.6
20,ns=2;s=Channel2.RX3i.A132,A132,,ns=2;s=Channel2.RX3i.A133,A133,,53:31.7,1.508,16.7,93.6
21,ns=2;s=Channel2.RX3i.A134,A134,,ns=2;s=Channel2.RX3i.A135,A135,,53:31.7,1.508,0,93.6
22,ns=2;s=Channel2.RX3i.A136,A136,,ns=2;s=Channel2.RX3i.A137,A137,,53:31.7,1.508,0,93.6
23,ns=2;s=Channel2.RX3i.A138,A138,,ns=2;s=Channel2.RX3i.A139,A139,,53:31.7,1.508,0,93.6
24,ns=2;s=Channel2.RX3i.A14,A14,,ns=2;s=Channel2.RX3i.A140,A140,,53:31.7,1.508,0,93.6
25,ns=2;s=Channel2.RX3i.A141,A141,,ns=2;s=Channel2.RX3i.A142,A142,,53:31.7,1.508,0,93.6
1,ns=2;s=Channel2.RX3i.A1,A1,2147444075,ns=2;s=Channel2.RX3i.A10,A10,2147385341,58:59.7,0,0,89.9
2,ns=2;s=Channel2.RX3i.A100,A100,2147254271,ns=2;s=Channel2.RX3i.A1000,A1000,2147444282,58:59.7,0,0,89.9
3,ns=2;s=Channel2.RX3i.A101,A101,1719238652,ns=2;s=Channel2.RX3i.A102,A102,2147444414,58:59.7,0,0,89.9
4,ns=2;s=Channel2.RX3i.A103,A103,32767,ns=2;s=Channel2.RX3i.A104,A104,2147483648,58:59.7,0,0,89.9
5,ns=2;s=Channel2.RX3i.A105,A105,2147450880,ns=2;s=Channel2.RX3i.A106,A106,2147450879,58:59.7,0,66.7,89.9
6,ns=2;s=Channel2.RX3i.A107,A107,2147319807,ns=2;s=Channel2.RX3i.A108,A108,2147385341,13-02-2025 14:58:59.722,0,16.7,89.9
7,ns=2;s=Channel2.RX3i.A109,A109,2147450878,ns=2;s=Channel2.RX3i.A11,A11,2147450878,58:59.7,0,0,89.9
8,ns=2;s=Channel2.RX3i.A110,A110,1754365951,ns=2;s=Channel2.RX3i.A111,A111,2147510517,58:59.7,0,16.7,89.9
9,ns=2;s=Channel2.RX3i.A112,A112,2147450880,ns=2;s=Channel2.RX3i.A113,A113,2147188735,58:59.7,0,0,89.9
10,ns=2;s=Channel2.RX3i.A114,A114,2147450875,ns=2;s=Channel2.RX3i.A115,A115,2147188735,58:59.7,0,0,89.9
11,ns=2;s=Channel2.RX3i.A116,A116,2147188731,ns=2;s=Channel2.RX3i.A117,A117,2147188731,58:59.7,0,28.6,89.9
12,ns=2;s=Channel2.RX3i.A118,A118,2147188731,ns=2;s=Channel2.RX3i.A119,A119,2147188731,58:59.7,0,0,89.9
13,ns=2;s=Channel2.RX3i.A12,A12,1801945087,ns=2;s=Channel2.RX3i.A120,A120,2147188731,58:59.7,0,0,89.9
14,ns=2;s=Channel2.RX3i.A121,A121,2147188731,ns=2;s=Channel2.RX3i.A122,A122,2147188731,58:59.7,0,12.5,89.9
15,ns=2;s=Channel2.RX3i.A123,A123,2147188731,ns=2;s=Channel2.RX3i.A124,A124,2147188731,58:59.7,0,0,89.9
16,ns=2;s=Channel2.RX3i.A125,A125,2147188731,ns=2;s=Channel2.RX3i.A126,A126,2147188731,58:59.7,0,0,89.9
17,ns=2;s=Channel2.RX3i.A127,A127,2147254267,ns=2;s=Channel2.RX3i.A128,A128,1837465596,58:59.7,0,37.5,89.9
18,ns=2;s=Channel2.RX3i.A129,A129,2147446218,ns=2;s=Channel2.RX3i.A13,A13,2147511823,58:59.7,0,0,89.9
19,ns=2;s=Channel2.RX3i.A130,A130,2147254271,ns=2;s=Channel2.RX3i.A131,A131,1855422460,58:59.7,0,0,89.9
20,ns=2;s=Channel2.RX3i.A132,A132,2147446490,ns=2;s=Channel2.RX3i.A133,A133,2147254271,58:59.7,0,0,89.9
21,ns=2;s=Channel2.RX3i.A134,A134,2147516412,ns=2;s=Channel2.RX3i.A135,A135,2147450880,58:59.7,0,0,89.9
22,ns=2;s=Channel2.RX3i.A136,A136,2147450879,ns=2;s=Channel2.RX3i.A137,A137,2147319807,58:59.7,0,0,89.9
23,ns=2;s=Channel2.RX3i.A138,A138,2147385341,ns=2;s=Channel2.RX3i.A139,A139,2147450878,58:59.7,0,20,89.9
24,ns=2;s=Channel2.RX3i.A14,A14,2147450880,ns=2;s=Channel2.RX3i.A140,A140,1886420991,58:59.7,0,12.5,89.9
25,ns=2;s=Channel2.RX3i.A141,A141,2147512447,ns=2;s=Channel2.RX3i.A142,A142,2147450880,58:59.7,0,0,89.9
1,ns=2;s=Channel2.RX3i.A1,A1,2147444246,ns=2;s=Channel2.RX3i.A10,A10,2147385341,59:00.8,0,0,89.9
2,ns=2;s=Channel2.RX3i.A100,A100,2147254271,ns=2;s=Channel2.RX3i.A1000,A1000,2147444444,59:00.8,0,0,89.9
3,ns=2;s=Channel2.RX3i.A101,A101,1730117628,ns=2;s=Channel2.RX3i.A102,A102,2147444546,59:00.8,0,0,89.9
4,ns=2;s=Channel2.RX3i.A103,A103,32767,ns=2;s=Channel2.RX3i.A104,A104,2147483648,59:00.8,0,0,89.9
5,ns=2;s=Channel2.RX3i.A105,A105,2147450880,ns=2;s=Channel2.RX3i.A106,A106,2147450879,59:00.8,0,66.7,89.9
6,ns=2;s=Channel2.RX3i.A107,A107,2147319807,ns=2;s=Channel2.RX3i.A108,A108,2147385341,13-02-2025 14:59:00.769,0,16.7,89.9
7,ns=2;s=Channel2.RX3i.A109,A109,2147450878,ns=2;s=Channel2.RX3i.A11,A11,2147450878,59:00.8,0,0,89.9
8,ns=2;s=Channel2.RX3i.A110,A110,1763016703,ns=2;s=Channel2.RX3i.A111,A111,2147510582,59:00.8,0,14.3,89.9
9,ns=2;s=Channel2.RX3i.A112,A112,2147450880,ns=2;s=Channel2.RX3i.A113,A113,2147188735,59:00.8,0,0,89.9
10,ns=2;s=Channel2.RX3i.A114,A114,2147450875,ns=2;s=Channel2.RX3i.A115,A115,2147188735,59:00.8,0,0,89.9
11,ns=2;s=Channel2.RX3i.A116,A116,2147188731,ns=2;s=Channel2.RX3i.A117,A117,2147188731,59:00.8,0,25,89.9
12,ns=2;s=Channel2.RX3i.A118,A118,2147188731,ns=2;s=Channel2.RX3i.A119,A119,2147188731,59:00.8,0,0,89.9
13,ns=2;s=Channel2.RX3i.A12,A12,1801945087,ns=2;s=Channel2.RX3i.A120,A120,2147188731,59:00.8,0,0,89.9
14,ns=2;s=Channel2.RX3i.A121,A121,2147188731,ns=2;s=Channel2.RX3i.A122,A122,2147188731,59:00.8,0,12.5,89.9
15,ns=2;s=Channel2.RX3i.A123,A123,2147188731,ns=2;s=Channel2.RX3i.A124,A124,2147188731,59:00.8,0,0,89.9
16,ns=2;s=Channel2.RX3i.A125,A125,2147188731,ns=2;s=Channel2.RX3i.A126,A126,2147188731,59:00.8,0,0,89.9
17,ns=2;s=Channel2.RX3i.A127,A127,2147254267,ns=2;s=Channel2.RX3i.A128,A128,1837465596,59:00.8,0,42.9,89.9
18,ns=2;s=Channel2.RX3i.A129,A129,2147446218,ns=2;s=Channel2.RX3i.A13,A13,2147511823,59:00.8,0,0,89.9
19,ns=2;s=Channel2.RX3i.A130,A130,2147254271,ns=2;s=Channel2.RX3i.A131,A131,1855422460,59:00.8,0,0,89.9
20,ns=2;s=Channel2.RX3i.A132,A132,2147446490,ns=2;s=Channel2.RX3i.A133,A133,2147254271,59:00.8,0,0,89.9
21,ns=2;s=Channel2.RX3i.A134,A134,2147516412,ns=2;s=Channel2.RX3i.A135,A135,2147450880,59:00.8,0,0,89.9
22,ns=2;s=Channel2.RX3i.A136,A136,2147450879,ns=2;s=Channel2.RX3i.A137,A137,2147319807,59:00.8,0,0,89.9
23,ns=2;s=Channel2.RX3i.A138,A138,2147385341,ns=2;s=Channel2.RX3i.A139,A139,2147450878,59:00.8,0,20,89.9
24,ns=2;s=Channel2.RX3i.A14,A14,2147450880,ns=2;s=Channel2.RX3i.A140,A140,1886420991,59:00.8,0,12.5,89.9
25,ns=2;s=Channel2.RX3i.A141,A141,2147512447,ns=2;s=Channel2.RX3i.A142,A142,2147450880,59:00.8,0,0,89.9
1,ns=2;s=Channel2.RX3i.A1,A1,2147447281,ns=2;s=Channel2.RX3i.A10,A10,2147385341,59:18.8,19.093,8.4,90.3
2,ns=2;s=Channel2.RX3i.A100,A100,2147254271,ns=2;s=Channel2.RX3i.A1000,A1000,2147447332,59:18.8,19.093,0,90.3
3,ns=2;s=Channel2.RX3i.A101,A101,1916502012,ns=2;s=Channel2.RX3i.A102,A102,2147447371,59:18.8,19.093,0,90.3
4,ns=2;s=Channel2.RX3i.A103,A103,32767,ns=2;s=Channel2.RX3i.A104,A104,2147483648,59:18.8,19.093,14.3,90.3
5,ns=2;s=Channel2.RX3i.A105,A105,2147450880,ns=2;s=Channel2.RX3i.A106,A106,2147450879,59:18.8,19.093,0,90.3
6,ns=2;s=Channel2.RX3i.A107,A107,2147319807,ns=2;s=Channel2.RX3i.A108,A108,2147385341,13-02-2025 14:59:18.816,19.093,0,90.3
7,ns=2;s=Channel2.RX3i.A109,A109,2147450878,ns=2;s=Channel2.RX3i.A11,A11,2147450878,59:18.8,19.093,50,90.3
8,ns=2;s=Channel2.RX3i.A110,A110,1926922239,ns=2;s=Channel2.RX3i.A111,A111,2147513066,59:18.8,19.093,0,90.3
9,ns=2;s=Channel2.RX3i.A112,A112,2147450880,ns=2;s=Channel2.RX3i.A113,A113,2147188735,59:18.8,19.093,0,90.3
10,ns=2;s=Channel2.RX3i.A114,A114,2147450875,ns=2;s=Channel2.RX3i.A115,A115,2147188735,59:18.8,19.093,0,90.3
11,ns=2;s=Channel2.RX3i.A116,A116,2147188731,ns=2;s=Channel2.RX3i.A117,A117,2147188731,59:18.8,19.093,0,90.3
12,ns=2;s=Channel2.RX3i.A118,A118,2147188731,ns=2;s=Channel2.RX3i.A119,A119,2147188731,59:18.8,19.093,0,90.3
13,ns=2;s=Channel2.RX3i.A12,A12,1937670143,ns=2;s=Channel2.RX3i.A120,A120,2147188731,59:18.8,19.093,100,90.3
14,ns=2;s=Channel2.RX3i.A121,A121,2147188731,ns=2;s=Channel2.RX3i.A122,A122,2147188731,59:18.8,19.093,0,90.3
15,ns=2;s=Channel2.RX3i.A123,A123,2147188731,ns=2;s=Channel2.RX3i.A124,A124,2147188731,59:18.8,19.093,0,90.3
16,ns=2;s=Channel2.RX3i.A125,A125,2147188731,ns=2;s=Channel2.RX3i.A126,A126,2147188731,59:18.8,19.093,0,90.3
17,ns=2;s=Channel2.RX3i.A127,A127,2147254267,ns=2;s=Channel2.RX3i.A128,A128,1947172860,59:18.8,19.093,100,90.3
18,ns=2;s=Channel2.RX3i.A129,A129,2147447840,ns=2;s=Channel2.RX3i.A13,A13,2147513393,59:18.8,19.093,12.5,90.3
19,ns=2;s=Channel2.RX3i.A130,A130,2147254271,ns=2;s=Channel2.RX3i.A131,A131,1952022524,59:18.8,19.093,0,90.3
20,ns=2;s=Channel2.RX3i.A132,A132,2147447914,ns=2;s=Channel2.RX3i.A133,A133,2147254271,59:18.8,19.093,0,90.3
21,ns=2;s=Channel2.RX3i.A134,A134,2147516412,ns=2;s=Channel2.RX3i.A135,A135,2147450880,59:18.8,19.093,0,90.3
22,ns=2;s=Channel2.RX3i.A136,A136,2147450879,ns=2;s=Channel2.RX3i.A137,A137,2147319807,59:18.8,19.093,0,90.3
23,ns=2;s=Channel2.RX3i.A138,A138,2147385341,ns=2;s=Channel2.RX3i.A139,A139,2147450878,59:18.8,19.093,0,90.3
24,ns=2;s=Channel2.RX3i.A14,A14,2147450880,ns=2;s=Channel2.RX3i.A140,A140,1962770431,59:18.8,19.093,33.3,90.3
25,ns=2;s=Channel2.RX3i.A141,A141,2147513615,ns=2;s=Channel2.RX3i.A142,A142,2147450880,59:18.8,19.093,0,90.3
1,ns=2;s=Channel2.RX3i.A1,A1,2147447281,ns=2;s=Channel2.RX3i.A10,A10,2147385341,59:18.8,18.042,8.3,90.3
2,ns=2;s=Channel2.RX3i.A100,A100,2147254271,ns=2;s=Channel2.RX3i.A1000,A1000,2147447332,59:18.8,18.042,0,90.3
3,ns=2;s=Channel2.RX3i.A101,A101,1916502012,ns=2;s=Channel2.RX3i.A102,A102,2147447371,59:18.8,18.042,0,90.3
4,ns=2;s=Channel2.RX3i.A103,A103,32767,ns=2;s=Channel2.RX3i.A104,A104,2147483648,59:18.8,18.042,14.3,90.3
5,ns=2;s=Channel2.RX3i.A105,A105,2147450880,ns=2;s=Channel2.RX3i.A106,A106,2147450879,59:18.8,18.042,0,90.3
6,ns=2;s=Channel2.RX3i.A107,A107,2147319807,ns=2;s=Channel2.RX3i.A108,A108,2147385341,13-02-2025 14:59:18.810,18.042,0,90.3
7,ns=2;s=Channel2.RX3i.A109,A109,2147450878,ns=2;s=Channel2.RX3i.A11,A11,2147450878,59:18.8,18.042,50,90.3
8,ns=2;s=Channel2.RX3i.A110,A110,1926922239,ns=2;s=Channel2.RX3i.A111,A111,2147513066,59:18.8,18.042,0,90.3
9,ns=2;s=Channel2.RX3i.A112,A112,2147450880,ns=2;s=Channel2.RX3i.A113,A113,2147188735,59:18.8,18.042,0,90.3
10,ns=2;s=Channel2.RX3i.A114,A114,2147450875,ns=2;s=Channel2.RX3i.A115,A115,2147188735,59:18.8,18.042,0,90.3
11,ns=2;s=Channel2.RX3i.A116,A116,2147188731,ns=2;s=Channel2.RX3i.A117,A117,2147188731,59:18.8,18.042,0,90.3
12,ns=2;s=Channel2.RX3i.A118,A118,2147188731,ns=2;s=Channel2.RX3i.A119,A119,2147188731,59:18.8,18.042,0,90.3
13,ns=2;s=Channel2.RX3i.A12,A12,1937670143,ns=2;s=Channel2.RX3i.A120,A120,2147188731,59:18.8,18.042,100,90.3
14,ns=2;s=Channel2.RX3i.A121,A121,2147188731,ns=2;s=Channel2.RX3i.A122,A122,2147188731,59:18.8,18.042,0,90.3
15,ns=2;s=Channel2.RX3i.A123,A123,2147188731,ns=2;s=Channel2.RX3i.A124,A124,2147188731,59:18.8,18.042,0,90.3
16,ns=2;s=Channel2.RX3i.A125,A125,2147188731,ns=2;s=Channel2.RX3i.A126,A126,2147188731,59:18.8,18.042,100,90.3
17,ns=2;s=Channel2.RX3i.A127,A127,2147254267,ns=2;s=Channel2.RX3i.A128,A128,1947172860,59:18.8,18.042,16.7,90.3
18,ns=2;s=Channel2.RX3i.A129,A129,2147447840,ns=2;s=Channel2.RX3i.A13,A13,2147513393,59:18.8,18.042,0,90.3
19,ns=2;s=Channel2.RX3i.A130,A130,2147254271,ns=2;s=Channel2.RX3i.A131,A131,1952022524,59:18.8,18.042,0,90.3
20,ns=2;s=Channel2.RX3i.A132,A132,2147447914,ns=2;s=Channel2.RX3i.A133,A133,2147254271,59:18.8,18.042,0,90.3
21,ns=2;s=Channel2.RX3i.A134,A134,2147516412,ns=2;s=Channel2.RX3i.A135,A135,2147450880,59:18.8,18.042,0,90.3
22,ns=2;s=Channel2.RX3i.A136,A136,2147450879,ns=2;s=Channel2.RX3i.A137,A137,2147319807,59:18.8,18.042,0,90.3
23,ns=2;s=Channel2.RX3i.A138,A138,2147385341,ns=2;s=Channel2.RX3i.A139,A139,2147450878,59:18.8,18.042,33.3,90.3
24,ns=2;s=Channel2.RX3i.A14,A14,2147450880,ns=2;s=Channel2.RX3i.A140,A140,1962770431,59:18.8,18.042,0,90.3
25,ns=2;s=Channel2.RX3i.A141,A141,2147513615,ns=2;s=Channel2.RX3i.A142,A142,2147450880,59:18.8,18.042,0,90.3
1,ns=2;s=Channel2.RX3i.A1,A1,2147448232,ns=2;s=Channel2.RX3i.A10,A10,2147385341,59:24.5,5.664,10.3,88.7
2,ns=2;s=Channel2.RX3i.A100,A100,2147254271,ns=2;s=Channel2.RX3i.A1000,A1000,2147448278,59:24.5,5.664,0,88.7
3,ns=2;s=Channel2.RX3i.A101,A101,1978302460,ns=2;s=Channel2.RX3i.A102,A102,2147448314,59:24.5,5.664,0,88.7
4,ns=2;s=Channel2.RX3i.A103,A103,32767,ns=2;s=Channel2.RX3i.A104,A104,2147483648,59:24.5,5.664,50,88.7
5,ns=2;s=Channel2.RX3i.A105,A105,2147450880,ns=2;s=Channel2.RX3i.A106,A106,2147450879,59:24.5,5.664,0,88.7
6,ns=2;s=Channel2.RX3i.A107,A107,2147319807,ns=2;s=Channel2.RX3i.A108,A108,2147385341,13-02-2025 14:59:24.474,5.664,0,88.7
7,ns=2;s=Channel2.RX3i.A109,A109,2147450878,ns=2;s=Channel2.RX3i.A11,A11,2147450878,59:24.5,5.664,14.3,88.7
8,ns=2;s=Channel2.RX3i.A110,A110,1988460543,ns=2;s=Channel2.RX3i.A111,A111,2147514007,59:24.5,5.664,0,88.6
9,ns=2;s=Channel2.RX3i.A112,A112,2147450880,ns=2;s=Channel2.RX3i.A113,A113,2147188735,59:24.5,5.664,0,88.6
10,ns=2;s=Channel2.RX3i.A114,A114,2147450875,ns=2;s=Channel2.RX3i.A115,A115,2147188735,59:24.5,5.664,16.7,88.6
11,ns=2;s=Channel2.RX3i.A116,A116,2147188731,ns=2;s=Channel2.RX3i.A117,A117,2147188731,59:24.5,5.664,0,88.6
12,ns=2;s=Channel2.RX3i.A118,A118,2147188731,ns=2;s=Channel2.RX3i.A119,A119,2147188731,59:24.5,5.664,0,88.6
13,ns=2;s=Channel2.RX3i.A12,A12,1999208447,ns=2;s=Channel2.RX3i.A120,A120,2147188731,59:24.5,5.664,12.5,88.6
14,ns=2;s=Channel2.RX3i.A121,A121,2147188731,ns=2;s=Channel2.RX3i.A122,A122,2147188731,59:24.5,5.664,0,88.6
15,ns=2;s=Channel2.RX3i.A123,A123,2147188731,ns=2;s=Channel2.RX3i.A124,A124,2147188731,59:24.5,5.664,0,88.6
16,ns=2;s=Channel2.RX3i.A125,A125,2147188731,ns=2;s=Channel2.RX3i.A126,A126,2147188731,59:24.5,5.664,20,88.6
17,ns=2;s=Channel2.RX3i.A127,A127,2147254267,ns=2;s=Channel2.RX3i.A128,A128,2008449020,59:24.5,5.664,0,88.6
18,ns=2;s=Channel2.RX3i.A129,A129,2147448774,ns=2;s=Channel2.RX3i.A13,A13,2147514326,59:24.5,5.664,0,88.6
19,ns=2;s=Channel2.RX3i.A130,A130,2147254271,ns=2;s=Channel2.RX3i.A131,A131,2012774396,59:24.5,5.664,25,88.6
20,ns=2;s=Channel2.RX3i.A132,A132,2147448840,ns=2;s=Channel2.RX3i.A133,A133,2147254271,59:24.5,5.664,0,88.6
21,ns=2;s=Channel2.RX3i.A134,A134,2147516412,ns=2;s=Channel2.RX3i.A135,A135,2147450880,59:24.5,5.664,0,88.6
22,ns=2;s=Channel2.RX3i.A136,A136,2147450879,ns=2;s=Channel2.RX3i.A137,A137,2147319807,59:24.5,5.664,28.6,88.6
23,ns=2;s=Channel2.RX3i.A138,A138,2147385341,ns=2;s=Channel2.RX3i.A139,A139,2147450878,59:24.5,5.664,100,88.6
24,ns=2;s=Channel2.RX3i.A14,A14,2147450880,ns=2;s=Channel2.RX3i.A140,A140,2023456767,59:24.5,5.664,0,88.6
25,ns=2;s=Channel2.RX3i.A141,A141,2147514538,ns=2;s=Channel2.RX3i.A142,A142,2147450880,59:24.5,5.664,0,88.6
1,ns=2;s=Channel2.RX3i.A1,A1,2147448232,ns=2;s=Channel2.RX3i.A10,A10,2147385341,59:24.5,5.658,10.3,88.7
2,ns=2;s=Channel2.RX3i.A100,A100,2147254271,ns=2;s=Channel2.RX3i.A1000,A1000,2147448278,59:24.5,5.658,0,88.7
3,ns=2;s=Channel2.RX3i.A101,A101,1978302460,ns=2;s=Channel2.RX3i.A102,A102,2147448314,59:24.5,5.658,0,88.7
4,ns=2;s=Channel2.RX3i.A103,A103,32767,ns=2;s=Channel2.RX3i.A104,A104,2147483648,59:24.5,5.658,33.3,88.7
5,ns=2;s=Channel2.RX3i.A105,A105,2147450880,ns=2;s=Channel2.RX3i.A106,A106,2147450879,59:24.5,5.658,0,88.7
6,ns=2;s=Channel2.RX3i.A107,A107,2147319807,ns=2;s=Channel2.RX3i.A108,A108,2147385341,13-02-2025 14:59:24.473,5.658,0,88.7
7,ns=2;s=Channel2.RX3i.A109,A109,2147450878,ns=2;s=Channel2.RX3i.A11,A11,2147450878,59:24.5,5.658,14.3,88.7
8,ns=2;s=Channel2.RX3i.A110,A110,1988460543,ns=2;s=Channel2.RX3i.A111,A111,2147514007,59:24.5,5.658,0,88.6
9,ns=2;s=Channel2.RX3i.A112,A112,2147450880,ns=2;s=Channel2.RX3i.A113,A113,2147188735,59:24.5,5.658,0,88.6
10,ns=2;s=Channel2.RX3i.A114,A114,2147450875,ns=2;s=Channel2.RX3i.A115,A115,2147188735,59:24.5,5.658,16.7,88.6
11,ns=2;s=Channel2.RX3i.A116,A116,2147188731,ns=2;s=Channel2.RX3i.A117,A117,2147188731,59:24.5,5.658,0,88.6
12,ns=2;s=Channel2.RX3i.A118,A118,2147188731,ns=2;s=Channel2.RX3i.A119,A119,2147188731,59:24.5,5.658,0,88.6
13,ns=2;s=Channel2.RX3i.A12,A12,1999208447,ns=2;s=Channel2.RX3i.A120,A120,2147188731,59:24.5,5.658,12.5,88.6
14,ns=2;s=Channel2.RX3i.A121,A121,2147188731,ns=2;s=Channel2.RX3i.A122,A122,2147188731,59:24.5,5.658,0,88.6
15,ns=2;s=Channel2.RX3i.A123,A123,2147188731,ns=2;s=Channel2.RX3i.A124,A124,2147188731,59:24.5,5.658,0,88.6
16,ns=2;s=Channel2.RX3i.A125,A125,2147188731,ns=2;s=Channel2.RX3i.A126,A126,2147188731,59:24.5,5.658,25,88.6
17,ns=2;s=Channel2.RX3i.A127,A127,2147254267,ns=2;s=Channel2.RX3i.A128,A128,2008449020,59:24.5,5.658,0,88.6
18,ns=2;s=Channel2.RX3i.A129,A129,2147448774,ns=2;s=Channel2.RX3i.A13,A13,2147514326,59:24.5,5.658,0,88.6
19,ns=2;s=Channel2.RX3i.A130,A130,2147254271,ns=2;s=Channel2.RX3i.A131,A131,2012774396,59:24.5,5.658,25,88.6
20,ns=2;s=Channel2.RX3i.A132,A132,2147448840,ns=2;s=Channel2.RX3i.A133,A133,2147254271,59:24.5,5.658,0,88.6
21,ns=2;s=Channel2.RX3i.A134,A134,2147516412,ns=2;s=Channel2.RX3i.A135,A135,2147450880,59:24.5,5.658,0,88.6
22,ns=2;s=Channel2.RX3i.A136,A136,2147450879,ns=2;s=Channel2.RX3i.A137,A137,2147319807,59:24.5,5.658,28.6,88.6
23,ns=2;s=Channel2.RX3i.A138,A138,2147385341,ns=2;s=Channel2.RX3i.A139,A139,2147450878,59:24.5,5.658,100,88.6
24,ns=2;s=Channel2.RX3i.A14,A14,2147450880,ns=2;s=Channel2.RX3i.A140,A140,2023456767,59:24.5,5.658,0,88.6
25,ns=2;s=Channel2.RX3i.A141,A141,2147514538,ns=2;s=Channel2.RX3i.A142,A142,2147450880,59:24.5,5.658,20,88.6
1,ns=2;s=Channel2.RX3i.A1,A1,2147518445,ns=2;s=Channel2.RX3i.A10,A10,2147647488,2025-02-13 15:34:47.280,0.0,0.0,85.7
2,ns=2;s=Channel2.RX3i.A100,A100,2147516416,ns=2;s=Channel2.RX3i.A1000,A1000,2147518464,2025-02-13 15:34:47.280,0.0,0.0,85.7
3,ns=2;s=Channel2.RX3i.A101,A101,2282258432,ns=2;s=Channel2.RX3i.A102,A102,2147518477,2025-02-13 15:34:47.280,0.0,25.0,85.7
4,ns=2;s=Channel2.RX3i.A103,A103,32768,ns=2;s=Channel2.RX3i.A104,A104,2147745792,2025-02-13 15:34:47.280,0.0,16.7,85.7
5,ns=2;s=Channel2.RX3i.A105,A105,2147516420,ns=2;s=Channel2.RX3i.A106,A106,2147516416,2025-02-13 15:34:47.280,0.0,0.0,85.7
6,ns=2;s=Channel2.RX3i.A107,A107,2147516416,ns=2;s=Channel2.RX3i.A108,A108,2147647488,2025-02-13 15:34:47.280,0.0,0.0,85.7
7,ns=2;s=Channel2.RX3i.A109,A109,2147516418,ns=2;s=Channel2.RX3i.A11,A11,2147516418,2025-02-13 15:34:47.280,0.0,0.0,85.7
8,ns=2;s=Channel2.RX3i.A110,A110,2284879872,ns=2;s=Channel2.RX3i.A111,A111,2147780661,2025-02-13 15:34:47.280,0.0,0.0,85.7
9,ns=2;s=Channel2.RX3i.A112,A112,2147516420,ns=2;s=Channel2.RX3i.A113,A113,2147516416,2025-02-13 15:34:47.280,0.0,0.0,85.7
10,ns=2;s=Channel2.RX3i.A114,A114,2147516416,ns=2;s=Channel2.RX3i.A115,A115,2147516416,2025-02-13 15:34:47.280,0.0,0.0,85.7
11,ns=2;s=Channel2.RX3i.A116,A116,2147516416,ns=2;s=Channel2.RX3i.A117,A117,2147516416,2025-02-13 15:34:47.280,0.0,0.0,85.7
12,ns=2;s=Channel2.RX3i.A118,A118,2147516416,ns=2;s=Channel2.RX3i.A119,A119,2147516416,2025-02-13 15:34:47.280,0.0,0.0,85.7
13,ns=2;s=Channel2.RX3i.A12,A12,2287763456,ns=2;s=Channel2.RX3i.A120,A120,2147516416,2025-02-13 15:34:47.280,0.0,0.0,85.7
14,ns=2;s=Channel2.RX3i.A121,A121,2147516416,ns=2;s=Channel2.RX3i.A122,A122,2147516416,2025-02-13 15:34:47.280,0.0,0.0,85.7
15,ns=2;s=Channel2.RX3i.A123,A123,2147516416,ns=2;s=Channel2.RX3i.A124,A124,2147516416,2025-02-13 15:34:47.280,0.0,0.0,85.7
16,ns=2;s=Channel2.RX3i.A125,A125,2147516416,ns=2;s=Channel2.RX3i.A126,A126,2147516416,2025-02-13 15:34:47.280,0.0,0.0,85.7
17,ns=2;s=Channel2.RX3i.A127,A127,2147516416,ns=2;s=Channel2.RX3i.A128,A128,2290253824,2025-02-13 15:34:47.280,0.0,0.0,85.7
18,ns=2;s=Channel2.RX3i.A129,A129,2147518599,ns=2;s=Channel2.RX3i.A13,A13,2147780748,2025-02-13 15:34:47.280,0.0,33.3,85.7
19,ns=2;s=Channel2.RX3i.A130,A130,2147516416,ns=2;s=Channel2.RX3i.A131,A131,2291695616,2025-02-13 15:34:47.280,0.0,0.0,85.8
20,ns=2;s=Channel2.RX3i.A132,A132,2147518621,ns=2;s=Channel2.RX3i.A133,A133,2147516416,2025-02-13 15:34:47.280,0.0,0.0,85.8
21,ns=2;s=Channel2.RX3i.A134,A134,2147778560,ns=2;s=Channel2.RX3i.A135,A135,2147516420,2025-02-13 15:34:47.280,0.0,0.0,85.8
22,ns=2;s=Channel2.RX3i.A136,A136,2147516416,ns=2;s=Channel2.RX3i.A137,A137,2147516416,2025-02-13 15:34:47.280,0.0,0.0,85.8
23,ns=2;s=Channel2.RX3i.A138,A138,2147647488,ns=2;s=Channel2.RX3i.A139,A139,2147516418,2025-02-13 15:34:47.280,0.0,14.3,85.9
24,ns=2;s=Channel2.RX3i.A14,A14,2147516420,ns=2;s=Channel2.RX3i.A140,A140,2294382592,2025-02-13 15:34:47.280,0.0,0.0,85.8
25,ns=2;s=Channel2.RX3i.A141,A141,2147780806,ns=2;s=Channel2.RX3i.A142,A142,2147516420,2025-02-13 15:34:47.280,0.0,0.0,85.8
1,ns=2;s=Channel2.RX3i.A1,A1,2147518732,ns=2;s=Channel2.RX3i.A10,A10,2147647488,2025-02-13 15:34:53.987,6.707,5.8,85.6
2,ns=2;s=Channel2.RX3i.A100,A100,2147516416,ns=2;s=Channel2.RX3i.A1000,A1000,2147518746,2025-02-13 15:34:53.987,6.707,0.0,85.6
3,ns=2;s=Channel2.RX3i.A101,A101,2300739584,ns=2;s=Channel2.RX3i.A102,A102,2147518758,2025-02-13 15:34:53.987,6.707,16.7,85.6
4,ns=2;s=Channel2.RX3i.A103,A103,32768,ns=2;s=Channel2.RX3i.A104,A104,2147745792,2025-02-13 15:34:53.987,6.707,0.0,85.6
5,ns=2;s=Channel2.RX3i.A105,A105,2147516420,ns=2;s=Channel2.RX3i.A106,A106,2147516416,2025-02-13 15:34:53.987,6.707,0.0,85.6
6,ns=2;s=Channel2.RX3i.A107,A107,2147516416,ns=2;s=Channel2.RX3i.A108,A108,2147647488,2025-02-13 15:34:53.987,6.707,12.5,85.6
7,ns=2;s=Channel2.RX3i.A109,A109,2147516418,ns=2;s=Channel2.RX3i.A11,A11,2147516418,2025-02-13 15:34:53.987,6.707,0.0,85.6
8,ns=2;s=Channel2.RX3i.A110,A110,2303361024,ns=2;s=Channel2.RX3i.A111,A111,2147780942,2025-02-13 15:34:53.987,6.707,0.0,85.6
9,ns=2;s=Channel2.RX3i.A112,A112,2147516420,ns=2;s=Channel2.RX3i.A113,A113,2147516416,2025-02-13 15:34:53.987,6.707,20.0,85.6
10,ns=2;s=Channel2.RX3i.A114,A114,2147516416,ns=2;s=Channel2.RX3i.A115,A115,2147516416,2025-02-13 15:34:53.987,6.707,0.0,85.6
11,ns=2;s=Channel2.RX3i.A116,A116,2147516416,ns=2;s=Channel2.RX3i.A117,A117,2147516416,2025-02-13 15:34:53.987,6.707,0.0,85.6
12,ns=2;s=Channel2.RX3i.A118,A118,2147516416,ns=2;s=Channel2.RX3i.A119,A119,2147516416,2025-02-13 15:34:53.987,6.707,0.0,85.6
13,ns=2;s=Channel2.RX3i.A12,A12,2306179072,ns=2;s=Channel2.RX3i.A120,A120,2147516416,2025-02-13 15:34:53.987,6.707,12.5,85.6
14,ns=2;s=Channel2.RX3i.A121,A121,2147516416,ns=2;s=Channel2.RX3i.A122,A122,2147516416,2025-02-13 15:34:53.987,6.707,0.0,85.6
15,ns=2;s=Channel2.RX3i.A123,A123,2147516416,ns=2;s=Channel2.RX3i.A124,A124,2147516416,2025-02-13 15:34:53.987,6.707,100.0,85.6
16,ns=2;s=Channel2.RX3i.A125,A125,2147516416,ns=2;s=Channel2.RX3i.A126,A126,2147516416,2025-02-13 15:34:53.987,6.707,0.0,85.6
17,ns=2;s=Channel2.RX3i.A127,A127,2147516416,ns=2;s=Channel2.RX3i.A128,A128,2308669440,2025-02-13 15:34:53.987,6.707,0.0,85.6
18,ns=2;s=Channel2.RX3i.A129,A129,2147518880,ns=2;s=Channel2.RX3i.A13,A13,2147781029,2025-02-13 15:34:53.987,6.707,0.0,85.6
19,ns=2;s=Channel2.RX3i.A130,A130,2147516416,ns=2;s=Channel2.RX3i.A131,A131,2310045696,2025-02-13 15:34:53.987,6.707,0.0,85.6
20,ns=2;s=Channel2.RX3i.A132,A132,2147518900,ns=2;s=Channel2.RX3i.A133,A133,2147516416,2025-02-13 15:34:53.987,6.707,0.0,85.6
21,ns=2;s=Channel2.RX3i.A134,A134,2147778560,ns=2;s=Channel2.RX3i.A135,A135,2147516420,2025-02-13 15:34:53.987,6.707,0.0,85.6
22,ns=2;s=Channel2.RX3i.A136,A136,2147516416,ns=2;s=Channel2.RX3i.A137,A137,2147516416,2025-02-13 15:34:53.987,6.707,0.0,85.6
23,ns=2;s=Channel2.RX3i.A138,A138,2147647488,ns=2;s=Channel2.RX3i.A139,A139,2147516418,2025-02-13 15:34:53.987,6.707,0.0,85.6
24,ns=2;s=Channel2.RX3i.A14,A14,2147516420,ns=2;s=Channel2.RX3i.A140,A140,2312667136,2025-02-13 15:34:53.987,6.707,33.3,85.6
25,ns=2;s=Channel2.RX3i.A141,A141,2147781084,ns=2;s=Channel2.RX3i.A142,A142,2147516420,2025-02-13 15:34:53.987,6.707,0.0,85.6
1,ns=2;s=Channel2.RX3i.A1,A1,2147518732,ns=2;s=Channel2.RX3i.A10,A10,2147647488,2025-02-13 15:34:53.986,7.494,5.8,85.6
2,ns=2;s=Channel2.RX3i.A100,A100,2147516416,ns=2;s=Channel2.RX3i.A1000,A1000,2147518746,2025-02-13 15:34:53.986,7.494,0.0,85.6
3,ns=2;s=Channel2.RX3i.A101,A101,2300739584,ns=2;s=Channel2.RX3i.A102,A102,2147518758,2025-02-13 15:34:53.986,7.494,12.5,85.6
4,ns=2;s=Channel2.RX3i.A103,A103,32768,ns=2;s=Channel2.RX3i.A104,A104,2147745792,2025-02-13 15:34:53.986,7.494,0.0,85.6
5,ns=2;s=Channel2.RX3i.A105,A105,2147516420,ns=2;s=Channel2.RX3i.A106,A106,2147516416,2025-02-13 15:34:53.986,7.494,0.0,85.6
6,ns=2;s=Channel2.RX3i.A107,A107,2147516416,ns=2;s=Channel2.RX3i.A108,A108,2147647488,2025-02-13 15:34:53.986,7.494,12.5,85.6
7,ns=2;s=Channel2.RX3i.A109,A109,2147516418,ns=2;s=Channel2.RX3i.A11,A11,2147516418,2025-02-13 15:34:53.986,7.494,0.0,85.6
8,ns=2;s=Channel2.RX3i.A110,A110,2303361024,ns=2;s=Channel2.RX3i.A111,A111,2147780942,2025-02-13 15:34:53.986,7.494,0.0,85.6
9,ns=2;s=Channel2.RX3i.A112,A112,2147516420,ns=2;s=Channel2.RX3i.A113,A113,2147516416,2025-02-13 15:34:53.986,7.494,20.0,85.6
10,ns=2;s=Channel2.RX3i.A114,A114,2147516416,ns=2;s=Channel2.RX3i.A115,A115,2147516416,2025-02-13 15:34:53.986,7.494,0.0,85.6
11,ns=2;s=Channel2.RX3i.A116,A116,2147516416,ns=2;s=Channel2.RX3i.A117,A117,2147516416,2025-02-13 15:34:53.986,7.494,0.0,85.6
12,ns=2;s=Channel2.RX3i.A118,A118,2147516416,ns=2;s=Channel2.RX3i.A119,A119,2147516416,2025-02-13 15:34:53.986,7.494,0.0,85.6
13,ns=2;s=Channel2.RX3i.A12,A12,2306179072,ns=2;s=Channel2.RX3i.A120,A120,2147516416,2025-02-13 15:34:53.986,7.494,14.3,85.6
14,ns=2;s=Channel2.RX3i.A121,A121,2147516416,ns=2;s=Channel2.RX3i.A122,A122,2147516416,2025-02-13 15:34:53.986,7.494,0.0,85.6
15,ns=2;s=Channel2.RX3i.A123,A123,2147516416,ns=2;s=Channel2.RX3i.A124,A124,2147516416,2025-02-13 15:34:53.986,7.494,50.0,85.6
16,ns=2;s=Channel2.RX3i.A125,A125,2147516416,ns=2;s=Channel2.RX3i.A126,A126,2147516416,2025-02-13 15:34:53.986,7.494,0.0,85.6
17,ns=2;s=Channel2.RX3i.A127,A127,2147516416,ns=2;s=Channel2.RX3i.A128,A128,2308669440,2025-02-13 15:34:53.986,7.494,0.0,85.6
18,ns=2;s=Channel2.RX3i.A129,A129,2147518880,ns=2;s=Channel2.RX3i.A13,A13,2147781029,2025-02-13 15:34:53.986,7.494,0.0,85.6
19,ns=2;s=Channel2.RX3i.A130,A130,2147516416,ns=2;s=Channel2.RX3i.A131,A131,2310045696,2025-02-13 15:34:53.986,7.494,0.0,85.6
20,ns=2;s=Channel2.RX3i.A132,A132,2147518900,ns=2;s=Channel2.RX3i.A133,A133,2147516416,2025-02-13 15:34:53.986,7.494,0.0,85.6
21,ns=2;s=Channel2.RX3i.A134,A134,2147778560,ns=2;s=Channel2.RX3i.A135,A135,2147516420,2025-02-13 15:34:53.986,7.494,0.0,85.6
22,ns=2;s=Channel2.RX3i.A136,A136,2147516416,ns=2;s=Channel2.RX3i.A137,A137,2147516416,2025-02-13 15:34:53.986,7.494,0.0,85.6
23,ns=2;s=Channel2.RX3i.A138,A138,2147647488,ns=2;s=Channel2.RX3i.A139,A139,2147516418,2025-02-13 15:34:53.986,7.494,0.0,85.6
24,ns=2;s=Channel2.RX3i.A14,A14,2147516420,ns=2;s=Channel2.RX3i.A140,A140,2312667136,2025-02-13 15:34:53.986,7.494,25.0,85.6
25,ns=2;s=Channel2.RX3i.A141,A141,2147781084,ns=2;s=Channel2.RX3i.A142,A142,2147516420,2025-02-13 15:34:53.986,7.494,0.0,85.6
1,ns=2;s=Channel2.RX3i.A1,A1,2147519322,ns=2;s=Channel2.RX3i.A10,A10,2147647488,2025-02-13 15:35:06.796,0.0,0.0,84.7
2,ns=2;s=Channel2.RX3i.A100,A100,2147516416,ns=2;s=Channel2.RX3i.A1000,A1000,2147519336,2025-02-13 15:35:06.796,0.0,0.0,84.7
3,ns=2;s=Channel2.RX3i.A101,A101,2339405824,ns=2;s=Channel2.RX3i.A102,A102,2147519349,2025-02-13 15:35:06.796,0.0,12.5,84.7
4,ns=2;s=Channel2.RX3i.A103,A103,32768,ns=2;s=Channel2.RX3i.A104,A104,2147745792,2025-02-13 15:35:06.796,0.0,0.0,84.7
5,ns=2;s=Channel2.RX3i.A105,A105,2147516420,ns=2;s=Channel2.RX3i.A106,A106,2147516416,2025-02-13 15:35:06.796,0.0,0.0,84.7
6,ns=2;s=Channel2.RX3i.A107,A107,2147516416,ns=2;s=Channel2.RX3i.A108,A108,2147647488,2025-02-13 15:35:06.796,0.0,0.0,84.7
7,ns=2;s=Channel2.RX3i.A109,A109,2147516418,ns=2;s=Channel2.RX3i.A11,A11,2147516418,2025-02-13 15:35:06.796,0.0,0.0,84.7
8,ns=2;s=Channel2.RX3i.A110,A110,2343206912,ns=2;s=Channel2.RX3i.A111,A111,2147781553,2025-02-13 15:35:06.796,0.0,0.0,84.7
9,ns=2;s=Channel2.RX3i.A112,A112,2147516420,ns=2;s=Channel2.RX3i.A113,A113,2147516416,2025-02-13 15:35:06.796,0.0,0.0,84.7
10,ns=2;s=Channel2.RX3i.A114,A114,2147516416,ns=2;s=Channel2.RX3i.A115,A115,2147516416,2025-02-13 15:35:06.796,0.0,0.0,84.7
11,ns=2;s=Channel2.RX3i.A116,A116,2147516416,ns=2;s=Channel2.RX3i.A117,A117,2147516416,2025-02-13 15:35:06.796,0.0,0.0,84.7
12,ns=2;s=Channel2.RX3i.A118,A118,2147516416,ns=2;s=Channel2.RX3i.A119,A119,2147516416,2025-02-13 15:35:06.796,0.0,0.0,84.7
13,ns=2;s=Channel2.RX3i.A12,A12,2347728896,ns=2;s=Channel2.RX3i.A120,A120,2147516416,2025-02-13 15:35:06.796,0.0,22.2,84.7
14,ns=2;s=Channel2.RX3i.A121,A121,2147516416,ns=2;s=Channel2.RX3i.A122,A122,2147516416,2025-02-13 15:35:06.796,0.0,0.0,84.7
15,ns=2;s=Channel2.RX3i.A123,A123,2147516416,ns=2;s=Channel2.RX3i.A124,A124,2147516416,2025-02-13 15:35:06.796,0.0,0.0,84.7
16,ns=2;s=Channel2.RX3i.A125,A125,2147516416,ns=2;s=Channel2.RX3i.A126,A126,2147516416,2025-02-13 15:35:06.796,0.0,0.0,84.7
17,ns=2;s=Channel2.RX3i.A127,A127,2147516416,ns=2;s=Channel2.RX3i.A128,A128,2351202304,2025-02-13 15:35:06.796,0.0,0.0,84.7
18,ns=2;s=Channel2.RX3i.A129,A129,2147519533,ns=2;s=Channel2.RX3i.A13,A13,2147781687,2025-02-13 15:35:06.796,0.0,0.0,84.7
19,ns=2;s=Channel2.RX3i.A130,A130,2147516416,ns=2;s=Channel2.RX3i.A131,A131,2353758208,2025-02-13 15:35:06.796,0.0,0.0,84.7
20,ns=2;s=Channel2.RX3i.A132,A132,2147519573,ns=2;s=Channel2.RX3i.A133,A133,2147516416,2025-02-13 15:35:06.796,0.0,0.0,84.7
21,ns=2;s=Channel2.RX3i.A134,A134,2147778560,ns=2;s=Channel2.RX3i.A135,A135,2147516420,2025-02-13 15:35:06.796,0.0,0.0,84.7
22,ns=2;s=Channel2.RX3i.A136,A136,2147516416,ns=2;s=Channel2.RX3i.A137,A137,2147516416,2025-02-13 15:35:06.796,0.0,0.0,84.7
23,ns=2;s=Channel2.RX3i.A138,A138,2147647488,ns=2;s=Channel2.RX3i.A139,A139,2147516418,2025-02-13 15:35:06.796,0.0,0.0,84.6
24,ns=2;s=Channel2.RX3i.A14,A14,2147516420,ns=2;s=Channel2.RX3i.A140,A140,2359001088,2025-02-13 15:35:06.796,0.0,0.0,84.6
25,ns=2;s=Channel2.RX3i.A141,A141,2147781794,ns=2;s=Channel2.RX3i.A142,A142,2147516420,2025-02-13 15:35:06.796,0.0,0.0,84.6
1,ns=2;s=Channel2.RX3i.A1,A1,2147519361,ns=2;s=Channel2.RX3i.A10,A10,2147647488,2025-02-13 15:35:07.597,0.0,0.0,84.6
2,ns=2;s=Channel2.RX3i.A100,A100,2147516416,ns=2;s=Channel2.RX3i.A1000,A1000,2147519386,2025-02-13 15:35:07.597,0.0,0.0,84.6
3,ns=2;s=Channel2.RX3i.A101,A101,2342682624,ns=2;s=Channel2.RX3i.A102,A102,2147519405,2025-02-13 15:35:07.597,0.0,25.0,84.6
4,ns=2;s=Channel2.RX3i.A103,A103,32768,ns=2;s=Channel2.RX3i.A104,A104,2147745792,2025-02-13 15:35:07.597,0.0,0.0,84.6
5,ns=2;s=Channel2.RX3i.A105,A105,2147516420,ns=2;s=Channel2.RX3i.A106,A106,2147516416,2025-02-13 15:35:07.597,0.0,0.0,84.6
6,ns=2;s=Channel2.RX3i.A107,A107,2147516416,ns=2;s=Channel2.RX3i.A108,A108,2147647488,2025-02-13 15:35:07.597,0.0,0.0,84.6
7,ns=2;s=Channel2.RX3i.A109,A109,2147516418,ns=2;s=Channel2.RX3i.A11,A11,2147516418,2025-02-13 15:35:07.597,0.0,0.0,84.6
8,ns=2;s=Channel2.RX3i.A110,A110,2346876928,ns=2;s=Channel2.RX3i.A111,A111,2147781608,2025-02-13 15:35:07.597,0.0,0.0,84.6
9,ns=2;s=Channel2.RX3i.A112,A112,2147516420,ns=2;s=Channel2.RX3i.A113,A113,2147516416,2025-02-13 15:35:07.597,0.0,0.0,84.6
10,ns=2;s=Channel2.RX3i.A114,A114,2147516416,ns=2;s=Channel2.RX3i.A115,A115,2147516416,2025-02-13 15:35:07.597,0.0,100.0,84.6
11,ns=2;s=Channel2.RX3i.A116,A116,2147516416,ns=2;s=Channel2.RX3i.A117,A117,2147516416,2025-02-13 15:35:07.597,0.0,0.0,84.6
12,ns=2;s=Channel2.RX3i.A118,A118,2147516416,ns=2;s=Channel2.RX3i.A119,A119,2147516416,2025-02-13 15:35:07.597,0.0,0.0,84.6
13,ns=2;s=Channel2.RX3i.A12,A12,2351529984,ns=2;s=Channel2.RX3i.A120,A120,2147516416,2025-02-13 15:35:07.597,0.0,0.0,84.6
14,ns=2;s=Channel2.RX3i.A121,A121,2147516416,ns=2;s=Channel2.RX3i.A122,A122,2147516416,2025-02-13 15:35:07.597,0.0,25.0,84.6
15,ns=2;s=Channel2.RX3i.A123,A123,2147516416,ns=2;s=Channel2.RX3i.A124,A124,2147516416,2025-02-13 15:35:07.597,0.0,0.0,84.6
16,ns=2;s=Channel2.RX3i.A125,A125,2147516416,ns=2;s=Channel2.RX3i.A126,A126,2147516416,2025-02-13 15:35:07.597,0.0,0.0,84.6
17,ns=2;s=Channel2.RX3i.A127,A127,2147516416,ns=2;s=Channel2.RX3i.A128,A128,2356641792,2025-02-13 15:35:07.597,0.0,0.0,84.6
18,ns=2;s=Channel2.RX3i.A129,A129,2147519612,ns=2;s=Channel2.RX3i.A13,A13,2147781767,2025-02-13 15:35:07.597,0.0,37.5,84.6
19,ns=2;s=Channel2.RX3i.A130,A130,2147516416,ns=2;s=Channel2.RX3i.A131,A131,2358607872,2025-02-13 15:35:07.597,0.0,0.0,84.6
20,ns=2;s=Channel2.RX3i.A132,A132,2147519646,ns=2;s=Channel2.RX3i.A133,A133,2147516416,2025-02-13 15:35:07.597,0.0,16.7,84.6
21,ns=2;s=Channel2.RX3i.A134,A134,2147778560,ns=2;s=Channel2.RX3i.A135,A135,2147516420,2025-02-13 15:35:07.597,0.0,0.0,84.6
22,ns=2;s=Channel2.RX3i.A136,A136,2147516416,ns=2;s=Channel2.RX3i.A137,A137,2147516416,2025-02-13 15:35:07.597,0.0,0.0,84.6
23,ns=2;s=Channel2.RX3i.A138,A138,2147647488,ns=2;s=Channel2.RX3i.A139,A139,2147516418,2025-02-13 15:35:07.597,0.0,0.0,84.6
24,ns=2;s=Channel2.RX3i.A14,A14,2147516420,ns=2;s=Channel2.RX3i.A140,A140,2362015744,2025-02-13 15:35:07.597,0.0,0.0,84.6
25,ns=2;s=Channel2.RX3i.A141,A141,2147781837,ns=2;s=Channel2.RX3i.A142,A142,2147516420,2025-02-13 15:35:07.597,0.0,0.0,84.6
1,ns=2;s=Channel2.RX3i.A1,A1,2147519700,ns=2;s=Channel2.RX3i.A10,A10,2147647488,2025-02-13 15:35:14.992,8.196,8.0,84.3
2,ns=2;s=Channel2.RX3i.A100,A100,2147516416,ns=2;s=Channel2.RX3i.A1000,A1000,2147519715,2025-02-13 15:35:14.992,8.196,0.0,84.3
3,ns=2;s=Channel2.RX3i.A101,A101,2364243968,ns=2;s=Channel2.RX3i.A102,A102,2147519727,2025-02-13 15:35:14.992,8.196,0.0,84.3
4,ns=2;s=Channel2.RX3i.A103,A103,32768,ns=2;s=Channel2.RX3i.A104,A104,2147745792,2025-02-13 15:35:14.992,8.196,14.3,84.3
5,ns=2;s=Channel2.RX3i.A105,A105,2147516420,ns=2;s=Channel2.RX3i.A106,A106,2147516416,2025-02-13 15:35:14.992,8.196,0.0,84.3
6,ns=2;s=Channel2.RX3i.A107,A107,2147516416,ns=2;s=Channel2.RX3i.A108,A108,2147647488,2025-02-13 15:35:14.992,8.196,0.0,84.3
7,ns=2;s=Channel2.RX3i.A109,A109,2147516418,ns=2;s=Channel2.RX3i.A11,A11,2147516418,2025-02-13 15:35:14.992,8.196,0.0,84.3
8,ns=2;s=Channel2.RX3i.A110,A110,2367848448,ns=2;s=Channel2.RX3i.A111,A111,2147781929,2025-02-13 15:35:14.992,8.196,0.0,84.3
9,ns=2;s=Channel2.RX3i.A112,A112,2147516420,ns=2;s=Channel2.RX3i.A113,A113,2147516416,2025-02-13 15:35:14.992,8.196,0.0,84.3
10,ns=2;s=Channel2.RX3i.A114,A114,2147516416,ns=2;s=Channel2.RX3i.A115,A115,2147516416,2025-02-13 15:35:14.992,8.196,0.0,84.3
11,ns=2;s=Channel2.RX3i.A116,A116,2147516416,ns=2;s=Channel2.RX3i.A117,A117,2147516416,2025-02-13 15:35:14.992,8.196,0.0,84.3
12,ns=2;s=Channel2.RX3i.A118,A118,2147516416,ns=2;s=Channel2.RX3i.A119,A119,2147516416,2025-02-13 15:35:14.992,8.196,0.0,84.3
13,ns=2;s=Channel2.RX3i.A12,A12,2372894720,ns=2;s=Channel2.RX3i.A120,A120,2147516416,2025-02-13 15:35:14.992,8.196,100.0,84.3
14,ns=2;s=Channel2.RX3i.A121,A121,2147516416,ns=2;s=Channel2.RX3i.A122,A122,2147516416,2025-02-13 15:35:14.992,8.196,0.0,84.3
15,ns=2;s=Channel2.RX3i.A123,A123,2147516416,ns=2;s=Channel2.RX3i.A124,A124,2147516416,2025-02-13 15:35:14.992,8.196,0.0,84.3
16,ns=2;s=Channel2.RX3i.A125,A125,2147516416,ns=2;s=Channel2.RX3i.A126,A126,2147516416,2025-02-13 15:35:14.992,8.196,0.0,84.3
17,ns=2;s=Channel2.RX3i.A127,A127,2147516416,ns=2;s=Channel2.RX3i.A128,A128,2376630272,2025-02-13 15:35:14.992,8.196,0.0,84.3
18,ns=2;s=Channel2.RX3i.A129,A129,2147519919,ns=2;s=Channel2.RX3i.A13,A13,2147782072,2025-02-13 15:35:14.992,8.196,0.0,84.3
19,ns=2;s=Channel2.RX3i.A130,A130,2147516416,ns=2;s=Channel2.RX3i.A131,A131,2379055104,2025-02-13 15:35:14.992,8.196,0.0,84.3
20,ns=2;s=Channel2.RX3i.A132,A132,2147519958,ns=2;s=Channel2.RX3i.A133,A133,2147516416,2025-02-13 15:35:14.992,8.196,0.0,84.3
21,ns=2;s=Channel2.RX3i.A134,A134,2147778560,ns=2;s=Channel2.RX3i.A135,A135,2147516420,2025-02-13 15:35:14.992,8.196,0.0,84.3
22,ns=2;s=Channel2.RX3i.A136,A136,2147516416,ns=2;s=Channel2.RX3i.A137,A137,2147516416,2025-02-13 15:35:14.992,8.196,0.0,84.3
23,ns=2;s=Channel2.RX3i.A138,A138,2147647488,ns=2;s=Channel2.RX3i.A139,A139,2147516418,2025-02-13 15:35:14.992,8.196,0.0,84.3
24,ns=2;s=Channel2.RX3i.A14,A14,2147516420,ns=2;s=Channel2.RX3i.A140,A140,2383839232,2025-02-13 15:35:14.992,8.196,0.0,84.3
25,ns=2;s=Channel2.RX3i.A141,A141,2147782173,ns=2;s=Channel2.RX3i.A142,A142,2147516420,2025-02-13 15:35:14.992,8.196,0.0,84.3
1,ns=2;s=Channel2.RX3i.A1,A1,2147519748,ns=2;s=Channel2.RX3i.A10,A10,2147647488,2025-02-13 15:35:16.073,8.476,7.8,84.5
2,ns=2;s=Channel2.RX3i.A100,A100,2147516416,ns=2;s=Channel2.RX3i.A1000,A1000,2147519773,2025-02-13 15:35:16.073,8.476,25.0,84.5
3,ns=2;s=Channel2.RX3i.A101,A101,2368045056,ns=2;s=Channel2.RX3i.A102,A102,2147519788,2025-02-13 15:35:16.073,8.476,0.0,84.5
4,ns=2;s=Channel2.RX3i.A103,A103,32768,ns=2;s=Channel2.RX3i.A104,A104,2147745792,2025-02-13 15:35:16.073,8.476,0.0,84.5
5,ns=2;s=Channel2.RX3i.A105,A105,2147516420,ns=2;s=Channel2.RX3i.A106,A106,2147516416,2025-02-13 15:35:16.073,8.476,12.5,84.5
6,ns=2;s=Channel2.RX3i.A107,A107,2147516416,ns=2;s=Channel2.RX3i.A108,A108,2147647488,2025-02-13 15:35:16.073,8.476,0.0,84.5
7,ns=2;s=Channel2.RX3i.A109,A109,2147516418,ns=2;s=Channel2.RX3i.A11,A11,2147516418,2025-02-13 15:35:16.073,8.476,0.0,84.5
8,ns=2;s=Channel2.RX3i.A110,A110,2372173824,ns=2;s=Channel2.RX3i.A111,A111,2147781995,2025-02-13 15:35:16.073,8.476,0.0,84.5
9,ns=2;s=Channel2.RX3i.A112,A112,2147516420,ns=2;s=Channel2.RX3i.A113,A113,2147516416,2025-02-13 15:35:16.073,8.476,0.0,84.5
10,ns=2;s=Channel2.RX3i.A114,A114,2147516416,ns=2;s=Channel2.RX3i.A115,A115,2147516416,2025-02-13 15:35:16.073,8.476,0.0,84.5
11,ns=2;s=Channel2.RX3i.A116,A116,2147516416,ns=2;s=Channel2.RX3i.A117,A117,2147516416,2025-02-13 15:35:16.073,8.476,0.0,84.5
12,ns=2;s=Channel2.RX3i.A118,A118,2147516416,ns=2;s=Channel2.RX3i.A119,A119,2147516416,2025-02-13 15:35:16.073,8.476,0.0,84.5
13,ns=2;s=Channel2.RX3i.A12,A12,2376433664,ns=2;s=Channel2.RX3i.A120,A120,2147516416,2025-02-13 15:35:16.073,8.476,0.0,84.5
14,ns=2;s=Channel2.RX3i.A121,A121,2147516416,ns=2;s=Channel2.RX3i.A122,A122,2147516416,2025-02-13 15:35:16.073,8.476,0.0,84.5
15,ns=2;s=Channel2.RX3i.A123,A123,2147516416,ns=2;s=Channel2.RX3i.A124,A124,2147516416,2025-02-13 15:35:16.073,8.476,12.5,84.5
16,ns=2;s=Channel2.RX3i.A125,A125,2147516416,ns=2;s=Channel2.RX3i.A126,A126,2147516416,2025-02-13 15:35:16.073,8.476,0.0,84.5
17,ns=2;s=Channel2.RX3i.A127,A127,2147516416,ns=2;s=Channel2.RX3i.A128,A128,2381414400,2025-02-13 15:35:16.073,8.476,0.0,84.5
18,ns=2;s=Channel2.RX3i.A129,A129,2147519990,ns=2;s=Channel2.RX3i.A13,A13,2147782145,2025-02-13 15:35:16.073,8.476,0.0,84.5
19,ns=2;s=Channel2.RX3i.A130,A130,2147516416,ns=2;s=Channel2.RX3i.A131,A131,2383314944,2025-02-13 15:35:16.073,8.476,0.0,84.5
20,ns=2;s=Channel2.RX3i.A132,A132,2147520025,ns=2;s=Channel2.RX3i.A133,A133,2147516416,2025-02-13 15:35:16.073,8.476,0.0,84.5
21,ns=2;s=Channel2.RX3i.A134,A134,2147778560,ns=2;s=Channel2.RX3i.A135,A135,2147516420,2025-02-13 15:35:16.073,8.476,0.0,84.5
22,ns=2;s=Channel2.RX3i.A136,A136,2147516416,ns=2;s=Channel2.RX3i.A137,A137,2147516416,2025-02-13 15:35:16.073,8.476,14.3,84.5
23,ns=2;s=Channel2.RX3i.A138,A138,2147647488,ns=2;s=Channel2.RX3i.A139,A139,2147516418,2025-02-13 15:35:16.073,8.476,0.0,84.5
24,ns=2;s=Channel2.RX3i.A14,A14,2147516420,ns=2;s=Channel2.RX3i.A140,A140,2386788352,2025-02-13 15:35:16.073,8.476,0.0,84.5
25,ns=2;s=Channel2.RX3i.A141,A141,2147782220,ns=2;s=Channel2.RX3i.A142,A142,2147516420,2025-02-13 15:35:16.073,8.476,0.0,84.5
1,ns=2;s=Channel2.RX3i.A1,A1,2147520070,ns=2;s=Channel2.RX3i.A10,A10,2147647488,2025-02-13 15:35:23.069,8.077,14.3,89.8
2,ns=2;s=Channel2.RX3i.A100,A100,2147516416,ns=2;s=Channel2.RX3i.A1000,A1000,2147520092,2025-02-13 15:35:23.069,8.077,100.0,89.8
3,ns=2;s=Channel2.RX3i.A101,A101,2388951040,ns=2;s=Channel2.RX3i.A102,A102,2147520104,2025-02-13 15:35:23.069,8.077,0.0,89.8
4,ns=2;s=Channel2.RX3i.A103,A103,32768,ns=2;s=Channel2.RX3i.A104,A104,2147745792,2025-02-13 15:35:23.069,8.077,25.0,89.8
5,ns=2;s=Channel2.RX3i.A105,A105,2147516420,ns=2;s=Channel2.RX3i.A106,A106,2147516416,2025-02-13 15:35:23.069,8.077,0.0,89.8
6,ns=2;s=Channel2.RX3i.A107,A107,2147516416,ns=2;s=Channel2.RX3i.A108,A108,2147647488,2025-02-13 15:35:23.069,8.077,0.0,89.8
7,ns=2;s=Channel2.RX3i.A109,A109,2147516418,ns=2;s=Channel2.RX3i.A11,A11,2147516418,2025-02-13 15:35:23.069,8.077,25.0,89.8
8,ns=2;s=Channel2.RX3i.A110,A110,2393014272,ns=2;s=Channel2.RX3i.A111,A111,2147782312,2025-02-13 15:35:23.069,8.077,0.0,89.8
9,ns=2;s=Channel2.RX3i.A112,A112,2147516420,ns=2;s=Channel2.RX3i.A113,A113,2147516416,2025-02-13 15:35:23.069,8.077,0.0,89.8
10,ns=2;s=Channel2.RX3i.A114,A114,2147516416,ns=2;s=Channel2.RX3i.A115,A115,2147516416,2025-02-13 15:35:23.069,8.077,0.0,89.8
11,ns=2;s=Channel2.RX3i.A116,A116,2147516416,ns=2;s=Channel2.RX3i.A117,A117,2147516416,2025-02-13 15:35:23.069,8.077,0.0,89.8
12,ns=2;s=Channel2.RX3i.A118,A118,2147516416,ns=2;s=Channel2.RX3i.A119,A119,2147516416,2025-02-13 15:35:23.069,8.077,14.3,89.8
13,ns=2;s=Channel2.RX3i.A12,A12,2397601792,ns=2;s=Channel2.RX3i.A120,A120,2147516416,2025-02-13 15:35:23.069,8.077,0.0,89.8
14,ns=2;s=Channel2.RX3i.A121,A121,2147516416,ns=2;s=Channel2.RX3i.A122,A122,2147516416,2025-02-13 15:35:23.069,8.077,0.0,89.8
15,ns=2;s=Channel2.RX3i.A123,A123,2147516416,ns=2;s=Channel2.RX3i.A124,A124,2147516416,2025-02-13 15:35:23.069,8.077,0.0,89.8
16,ns=2;s=Channel2.RX3i.A125,A125,2147516416,ns=2;s=Channel2.RX3i.A126,A126,2147516416,2025-02-13 15:35:23.069,8.077,14.3,89.8
17,ns=2;s=Channel2.RX3i.A127,A127,2147516416,ns=2;s=Channel2.RX3i.A128,A128,2401402880,2025-02-13 15:35:23.069,8.077,0.0,89.8
18,ns=2;s=Channel2.RX3i.A129,A129,2147520300,ns=2;s=Channel2.RX3i.A13,A13,2147782454,2025-02-13 15:35:23.069,8.077,0.0,89.8
19,ns=2;s=Channel2.RX3i.A130,A130,2147516416,ns=2;s=Channel2.RX3i.A131,A131,2404024320,2025-02-13 15:35:23.069,8.077,0.0,89.8
20,ns=2;s=Channel2.RX3i.A132,A132,2147520338,ns=2;s=Channel2.RX3i.A133,A133,2147516416,2025-02-13 15:35:23.069,8.077,0.0,89.8
21,ns=2;s=Channel2.RX3i.A134,A134,2147778560,ns=2;s=Channel2.RX3i.A135,A135,2147516420,2025-02-13 15:35:23.069,8.077,0.0,89.8
22,ns=2;s=Channel2.RX3i.A136,A136,2147516416,ns=2;s=Channel2.RX3i.A137,A137,2147516416,2025-02-13 15:35:23.069,8.077,0.0,89.8
23,ns=2;s=Channel2.RX3i.A138,A138,2147647488,ns=2;s=Channel2.RX3i.A139,A139,2147516418,2025-02-13 15:35:23.069,8.077,14.3,89.8
24,ns=2;s=Channel2.RX3i.A14,A14,2147516420,ns=2;s=Channel2.RX3i.A140,A140,2408415232,2025-02-13 15:35:23.069,8.077,0.0,89.8
25,ns=2;s=Channel2.RX3i.A141,A141,2147782547,ns=2;s=Channel2.RX3i.A142,A142,2147516420,2025-02-13 15:35:23.069,8.077,0.0,89.8
1,ns=2;s=Channel2.RX3i.A1,A1,2147520117,ns=2;s=Channel2.RX3i.A10,A10,2147647488,2025-02-13 15:35:24.125,8.052,16.4,89.9
2,ns=2;s=Channel2.RX3i.A100,A100,2147516416,ns=2;s=Channel2.RX3i.A1000,A1000,2147520141,2025-02-13 15:35:24.125,8.052,50.0,89.9
3,ns=2;s=Channel2.RX3i.A101,A101,2392162304,ns=2;s=Channel2.RX3i.A102,A102,2147520156,2025-02-13 15:35:24.125,8.052,0.0,89.9
4,ns=2;s=Channel2.RX3i.A103,A103,32768,ns=2;s=Channel2.RX3i.A104,A104,2147745792,2025-02-13 15:35:24.125,8.052,0.0,89.9
5,ns=2;s=Channel2.RX3i.A105,A105,2147516420,ns=2;s=Channel2.RX3i.A106,A106,2147516416,2025-02-13 15:35:24.125,8.052,100.0,89.9
6,ns=2;s=Channel2.RX3i.A107,A107,2147516416,ns=2;s=Channel2.RX3i.A108,A108,2147647488,2025-02-13 15:35:24.125,8.052,0.0,89.9
7,ns=2;s=Channel2.RX3i.A109,A109,2147516418,ns=2;s=Channel2.RX3i.A11,A11,2147516418,2025-02-13 15:35:24.125,8.052,0.0,89.9
8,ns=2;s=Channel2.RX3i.A110,A110,2396487680,ns=2;s=Channel2.RX3i.A111,A111,2147782365,2025-02-13 15:35:24.125,8.052,0.0,89.9
9,ns=2;s=Channel2.RX3i.A112,A112,2147516420,ns=2;s=Channel2.RX3i.A113,A113,2147516416,2025-02-13 15:35:24.125,8.052,16.7,89.9
10,ns=2;s=Channel2.RX3i.A114,A114,2147516416,ns=2;s=Channel2.RX3i.A115,A115,2147516416,2025-02-13 15:35:24.125,8.052,0.0,89.9
11,ns=2;s=Channel2.RX3i.A116,A116,2147516416,ns=2;s=Channel2.RX3i.A117,A117,2147516416,2025-02-13 15:35:24.125,8.052,100.0,89.9
12,ns=2;s=Channel2.RX3i.A118,A118,2147516416,ns=2;s=Channel2.RX3i.A119,A119,2147516416,2025-02-13 15:35:24.125,8.052,16.7,89.9
13,ns=2;s=Channel2.RX3i.A12,A12,2400747520,ns=2;s=Channel2.RX3i.A120,A120,2147516416,2025-02-13 15:35:24.125,8.052,0.0,89.9
14,ns=2;s=Channel2.RX3i.A121,A121,2147516416,ns=2;s=Channel2.RX3i.A122,A122,2147516416,2025-02-13 15:35:24.125,8.052,0.0,89.9
15,ns=2;s=Channel2.RX3i.A123,A123,2147516416,ns=2;s=Channel2.RX3i.A124,A124,2147516416,2025-02-13 15:35:24.125,8.052,0.0,89.9
16,ns=2;s=Channel2.RX3i.A125,A125,2147516416,ns=2;s=Channel2.RX3i.A126,A126,2147516416,2025-02-13 15:35:24.125,8.052,0.0,89.9
17,ns=2;s=Channel2.RX3i.A127,A127,2147516416,ns=2;s=Channel2.RX3i.A128,A128,2405203968,2025-02-13 15:35:24.125,8.052,0.0,89.9
18,ns=2;s=Channel2.RX3i.A129,A129,2147520353,ns=2;s=Channel2.RX3i.A13,A13,2147782504,2025-02-13 15:35:24.125,8.052,0.0,89.9
19,ns=2;s=Channel2.RX3i.A130,A130,2147516416,ns=2;s=Channel2.RX3i.A131,A131,2406842368,2025-02-13 15:35:24.125,8.052,0.0,89.9
20,ns=2;s=Channel2.RX3i.A132,A132,2147520379,ns=2;s=Channel2.RX3i.A133,A133,2147516416,2025-02-13 15:35:24.125,8.052,0.0,89.9
21,ns=2;s=Channel2.RX3i.A134,A134,2147778560,ns=2;s=Channel2.RX3i.A135,A135,2147516420,2025-02-13 15:35:24.125,8.052,0.0,89.9
22,ns=2;s=Channel2.RX3i.A136,A136,2147516416,ns=2;s=Channel2.RX3i.A137,A137,2147516416,2025-02-13 15:35:24.125,8.052,16.7,89.9
23,ns=2;s=Channel2.RX3i.A138,A138,2147647488,ns=2;s=Channel2.RX3i.A139,A139,2147516418,2025-02-13 15:35:24.125,8.052,0.0,89.9
24,ns=2;s=Channel2.RX3i.A14,A14,2147516420,ns=2;s=Channel2.RX3i.A140,A140,2410446848,2025-02-13 15:35:24.125,8.052,0.0,89.9
25,ns=2;s=Channel2.RX3i.A141,A141,2147782577,ns=2;s=Channel2.RX3i.A142,A142,2147516420,2025-02-13 15:35:24.125,8.052,16.7,89.9
1,ns=2;s=Channel2.RX3i.A1,A1,2147520442,ns=2;s=Channel2.RX3i.A10,A10,2147647488,2025-02-13 15:35:31.262,8.193,12.7,91.5
2,ns=2;s=Channel2.RX3i.A100,A100,2147516416,ns=2;s=Channel2.RX3i.A1000,A1000,2147520456,2025-02-13 15:35:31.262,8.193,25.0,91.5
3,ns=2;s=Channel2.RX3i.A101,A101,2412806144,ns=2;s=Channel2.RX3i.A102,A102,2147520469,2025-02-13 15:35:31.262,8.193,14.3,91.5
4,ns=2;s=Channel2.RX3i.A103,A103,32768,ns=2;s=Channel2.RX3i.A104,A104,2147745792,2025-02-13 15:35:31.262,8.193,25.0,91.5
5,ns=2;s=Channel2.RX3i.A105,A105,2147516420,ns=2;s=Channel2.RX3i.A106,A106,2147516416,2025-02-13 15:35:31.262,8.193,0.0,91.4
6,ns=2;s=Channel2.RX3i.A107,A107,2147516416,ns=2;s=Channel2.RX3i.A108,A108,2147647488,2025-02-13 15:35:31.262,8.193,20.0,91.5
7,ns=2;s=Channel2.RX3i.A109,A109,2147516418,ns=2;s=Channel2.RX3i.A11,A11,2147516418,2025-02-13 15:35:31.262,8.193,33.3,91.5
8,ns=2;s=Channel2.RX3i.A110,A110,2416803840,ns=2;s=Channel2.RX3i.A111,A111,2147782676,2025-02-13 15:35:31.262,8.193,16.7,91.5
9,ns=2;s=Channel2.RX3i.A112,A112,2147516420,ns=2;s=Channel2.RX3i.A113,A113,2147516416,2025-02-13 15:35:31.262,8.193,50.0,91.5
10,ns=2;s=Channel2.RX3i.A114,A114,2147516416,ns=2;s=Channel2.RX3i.A115,A115,2147516416,2025-02-13 15:35:31.262,8.193,16.7,91.5
11,ns=2;s=Channel2.RX3i.A116,A116,2147516416,ns=2;s=Channel2.RX3i.A117,A117,2147516416,2025-02-13 15:35:31.262,8.193,71.4,91.5
12,ns=2;s=Channel2.RX3i.A118,A118,2147516416,ns=2;s=Channel2.RX3i.A119,A119,2147516416,2025-02-13 15:35:31.262,8.193,33.3,91.5
13,ns=2;s=Channel2.RX3i.A12,A12,2421391360,ns=2;s=Channel2.RX3i.A120,A120,2147516416,2025-02-13 15:35:31.262,8.193,12.5,91.5
14,ns=2;s=Channel2.RX3i.A121,A121,2147516416,ns=2;s=Channel2.RX3i.A122,A122,2147516416,2025-02-13 15:35:31.262,8.193,0.0,91.5
15,ns=2;s=Channel2.RX3i.A123,A123,2147516416,ns=2;s=Channel2.RX3i.A124,A124,2147516416,2025-02-13 15:35:31.262,8.193,16.7,91.5
16,ns=2;s=Channel2.RX3i.A125,A125,2147516416,ns=2;s=Channel2.RX3i.A126,A126,2147516416,2025-02-13 15:35:31.262,8.193,14.3,91.5
17,ns=2;s=Channel2.RX3i.A127,A127,2147516416,ns=2;s=Channel2.RX3i.A128,A128,2425061376,2025-02-13 15:35:31.262,8.193,100.0,91.5
18,ns=2;s=Channel2.RX3i.A129,A129,2147520662,ns=2;s=Channel2.RX3i.A13,A13,2147782816,2025-02-13 15:35:31.262,8.193,0.0,91.5
19,ns=2;s=Channel2.RX3i.A130,A130,2147516416,ns=2;s=Channel2.RX3i.A131,A131,2427748352,2025-02-13 15:35:31.262,8.193,0.0,91.5
20,ns=2;s=Channel2.RX3i.A132,A132,2147520701,ns=2;s=Channel2.RX3i.A133,A133,2147516416,2025-02-13 15:35:31.262,8.193,0.0,91.5
21,ns=2;s=Channel2.RX3i.A134,A134,2147778560,ns=2;s=Channel2.RX3i.A135,A135,2147516420,2025-02-13 15:35:31.262,8.193,0.0,91.5
22,ns=2;s=Channel2.RX3i.A136,A136,2147516416,ns=2;s=Channel2.RX3i.A137,A137,2147516416,2025-02-13 15:35:31.262,8.193,0.0,91.5
23,ns=2;s=Channel2.RX3i.A138,A138,2147647488,ns=2;s=Channel2.RX3i.A139,A139,2147516418,2025-02-13 15:35:31.262,8.193,50.0,91.5
24,ns=2;s=Channel2.RX3i.A14,A14,2147516420,ns=2;s=Channel2.RX3i.A140,A140,2432073728,2025-02-13 15:35:31.262,8.193,0.0,91.5
25,ns=2;s=Channel2.RX3i.A141,A141,2147782909,ns=2;s=Channel2.RX3i.A142,A142,2147516420,2025-02-13 15:35:31.262,8.193,20.0,91.5
1,ns=2;s=Channel2.RX3i.A1,A1,2147520473,ns=2;s=Channel2.RX3i.A10,A10,2147647488,2025-02-13 15:35:31.829,7.704,12.2,91.7
2,ns=2;s=Channel2.RX3i.A100,A100,2147516416,ns=2;s=Channel2.RX3i.A1000,A1000,2147520497,2025-02-13 15:35:31.829,7.704,12.5,91.7
3,ns=2;s=Channel2.RX3i.A101,A101,2415493120,ns=2;s=Channel2.RX3i.A102,A102,2147520511,2025-02-13 15:35:31.829,7.704,0.0,91.7
4,ns=2;s=Channel2.RX3i.A103,A103,32768,ns=2;s=Channel2.RX3i.A104,A104,2147745792,2025-02-13 15:35:31.829,7.704,0.0,91.8
5,ns=2;s=Channel2.RX3i.A105,A105,2147516420,ns=2;s=Channel2.RX3i.A106,A106,2147516416,2025-02-13 15:35:31.829,7.704,0.0,91.8
6,ns=2;s=Channel2.RX3i.A107,A107,2147516416,ns=2;s=Channel2.RX3i.A108,A108,2147647488,2025-02-13 15:35:31.829,7.704,0.0,91.8
7,ns=2;s=Channel2.RX3i.A109,A109,2147516418,ns=2;s=Channel2.RX3i.A11,A11,2147516418,2025-02-13 15:35:31.829,7.704,14.3,91.8
8,ns=2;s=Channel2.RX3i.A110,A110,2419818496,ns=2;s=Channel2.RX3i.A111,A111,2147782722,2025-02-13 15:35:31.829,7.704,0.0,91.8
9,ns=2;s=Channel2.RX3i.A112,A112,2147516420,ns=2;s=Channel2.RX3i.A113,A113,2147516416,2025-02-13 15:35:31.829,7.704,25.0,91.8
10,ns=2;s=Channel2.RX3i.A114,A114,2147516416,ns=2;s=Channel2.RX3i.A115,A115,2147516416,2025-02-13 15:35:31.829,7.704,100.0,91.8
11,ns=2;s=Channel2.RX3i.A116,A116,2147516416,ns=2;s=Channel2.RX3i.A117,A117,2147516416,2025-02-13 15:35:31.829,7.704,14.3,91.8
12,ns=2;s=Channel2.RX3i.A118,A118,2147516416,ns=2;s=Channel2.RX3i.A119,A119,2147516416,2025-02-13 15:35:31.829,7.704,0.0,91.8
13,ns=2;s=Channel2.RX3i.A12,A12,2424406016,ns=2;s=Channel2.RX3i.A120,A120,2147516416,2025-02-13 15:35:31.829,7.704,50.0,91.8
14,ns=2;s=Channel2.RX3i.A121,A121,2147516416,ns=2;s=Channel2.RX3i.A122,A122,2147516416,2025-02-13 15:35:31.829,7.704,12.5,91.8
15,ns=2;s=Channel2.RX3i.A123,A123,2147516416,ns=2;s=Channel2.RX3i.A124,A124,2147516416,2025-02-13 15:35:31.829,7.704,0.0,91.8
16,ns=2;s=Channel2.RX3i.A125,A125,2147516416,ns=2;s=Channel2.RX3i.A126,A126,2147516416,2025-02-13 15:35:31.829,7.704,0.0,91.8
17,ns=2;s=Channel2.RX3i.A127,A127,2147516416,ns=2;s=Channel2.RX3i.A128,A128,2428993536,2025-02-13 15:35:31.829,7.704,14.3,91.8
18,ns=2;s=Channel2.RX3i.A129,A129,2147520716,ns=2;s=Channel2.RX3i.A13,A13,2147782871,2025-02-13 15:35:31.829,7.704,0.0,91.8
19,ns=2;s=Channel2.RX3i.A130,A130,2147516416,ns=2;s=Channel2.RX3i.A131,A131,2430828544,2025-02-13 15:35:31.829,7.704,25.0,91.8
20,ns=2;s=Channel2.RX3i.A132,A132,2147520745,ns=2;s=Channel2.RX3i.A133,A133,2147516416,2025-02-13 15:35:31.829,7.704,0.0,91.8
21,ns=2;s=Channel2.RX3i.A134,A134,2147778560,ns=2;s=Channel2.RX3i.A135,A135,2147516420,2025-02-13 15:35:31.829,7.704,41.2,91.8
22,ns=2;s=Channel2.RX3i.A136,A136,2147516416,ns=2;s=Channel2.RX3i.A137,A137,2147516416,2025-02-13 15:35:31.829,7.704,0.0,92.0
23,ns=2;s=Channel2.RX3i.A138,A138,2147647488,ns=2;s=Channel2.RX3i.A139,A139,2147516418,2025-02-13 15:35:31.829,7.704,37.5,91.9
24,ns=2;s=Channel2.RX3i.A14,A14,2147516420,ns=2;s=Channel2.RX3i.A140,A140,2434433024,2025-02-13 15:35:31.829,7.704,0.0,91.9
25,ns=2;s=Channel2.RX3i.A141,A141,2147782942,ns=2;s=Channel2.RX3i.A142,A142,2147516420,2025-02-13 15:35:31.829,7.704,0.0,91.9
1,ns=2;s=Channel2.RX3i.A1,A1,2147520811,ns=2;s=Channel2.RX3i.A10,A10,2147647488,2025-02-13 15:35:39.292,8.031,13.3,92.7
2,ns=2;s=Channel2.RX3i.A100,A100,2147516416,ns=2;s=Channel2.RX3i.A1000,A1000,2147520825,2025-02-13 15:35:39.292,8.031,0.0,92.7
3,ns=2;s=Channel2.RX3i.A101,A101,2436988928,ns=2;s=Channel2.RX3i.A102,A102,2147520837,2025-02-13 15:35:39.292,8.031,0.0,92.7
4,ns=2;s=Channel2.RX3i.A103,A103,32768,ns=2;s=Channel2.RX3i.A104,A104,2147745792,2025-02-13 15:35:39.292,8.031,0.0,92.7
5,ns=2;s=Channel2.RX3i.A105,A105,2147516420,ns=2;s=Channel2.RX3i.A106,A106,2147516416,2025-02-13 15:35:39.292,8.031,0.0,92.7
6,ns=2;s=Channel2.RX3i.A107,A107,2147516416,ns=2;s=Channel2.RX3i.A108,A108,2147647488,2025-02-13 15:35:39.292,8.031,16.7,92.7
7,ns=2;s=Channel2.RX3i.A109,A109,2147516418,ns=2;s=Channel2.RX3i.A11,A11,2147516418,2025-02-13 15:35:39.292,8.031,0.0,92.7
8,ns=2;s=Channel2.RX3i.A110,A110,2440986624,ns=2;s=Channel2.RX3i.A111,A111,2147783044,2025-02-13 15:35:39.292,8.031,0.0,92.7
9,ns=2;s=Channel2.RX3i.A112,A112,2147516420,ns=2;s=Channel2.RX3i.A113,A113,2147516416,2025-02-13 15:35:39.292,8.031,14.3,92.7
10,ns=2;s=Channel2.RX3i.A114,A114,2147516416,ns=2;s=Channel2.RX3i.A115,A115,2147516416,2025-02-13 15:35:39.292,8.031,0.0,92.7
11,ns=2;s=Channel2.RX3i.A116,A116,2147516416,ns=2;s=Channel2.RX3i.A117,A117,2147516416,2025-02-13 15:35:39.292,8.031,0.0,92.7
12,ns=2;s=Channel2.RX3i.A118,A118,2147516416,ns=2;s=Channel2.RX3i.A119,A119,2147516416,2025-02-13 15:35:39.292,8.031,0.0,92.7
13,ns=2;s=Channel2.RX3i.A12,A12,2445115392,ns=2;s=Channel2.RX3i.A120,A120,2147516416,2025-02-13 15:35:39.292,8.031,0.0,92.7
14,ns=2;s=Channel2.RX3i.A121,A121,2147516416,ns=2;s=Channel2.RX3i.A122,A122,2147516416,2025-02-13 15:35:39.292,8.031,14.3,92.7
15,ns=2;s=Channel2.RX3i.A123,A123,2147516416,ns=2;s=Channel2.RX3i.A124,A124,2147516416,2025-02-13 15:35:39.292,8.031,0.0,92.7
16,ns=2;s=Channel2.RX3i.A125,A125,2147516416,ns=2;s=Channel2.RX3i.A126,A126,2147516416,2025-02-13 15:35:39.292,8.031,0.0,92.7
17,ns=2;s=Channel2.RX3i.A127,A127,2147516416,ns=2;s=Channel2.RX3i.A128,A128,2448523264,2025-02-13 15:35:39.292,8.031,16.7,92.7
18,ns=2;s=Channel2.RX3i.A129,A129,2147521019,ns=2;s=Channel2.RX3i.A13,A13,2147783172,2025-02-13 15:35:39.292,8.031,0.0,92.7
19,ns=2;s=Channel2.RX3i.A130,A130,2147516416,ns=2;s=Channel2.RX3i.A131,A131,2451144704,2025-02-13 15:35:39.292,8.031,0.0,92.7
20,ns=2;s=Channel2.RX3i.A132,A132,2147521058,ns=2;s=Channel2.RX3i.A133,A133,2147516416,2025-02-13 15:35:39.292,8.031,0.0,92.7
21,ns=2;s=Channel2.RX3i.A134,A134,2147778560,ns=2;s=Channel2.RX3i.A135,A135,2147516420,2025-02-13 15:35:39.292,8.031,0.0,92.7
22,ns=2;s=Channel2.RX3i.A136,A136,2147516416,ns=2;s=Channel2.RX3i.A137,A137,2147516416,2025-02-13 15:35:39.292,8.031,0.0,92.7
23,ns=2;s=Channel2.RX3i.A138,A138,2147647488,ns=2;s=Channel2.RX3i.A139,A139,2147516418,2025-02-13 15:35:39.292,8.031,0.0,92.7
24,ns=2;s=Channel2.RX3i.A14,A14,2147516420,ns=2;s=Channel2.RX3i.A140,A140,2455535616,2025-02-13 15:35:39.292,8.031,50.0,92.7
25,ns=2;s=Channel2.RX3i.A141,A141,2147783266,ns=2;s=Channel2.RX3i.A142,A142,2147516420,2025-02-13 15:35:39.292,8.031,0.0,92.7
1,ns=2;s=Channel2.RX3i.A1,A1,2147520841,ns=2;s=Channel2.RX3i.A10,A10,2147647488,2025-02-13 15:35:39.928,8.099,12.7,92.7
2,ns=2;s=Channel2.RX3i.A100,A100,2147516416,ns=2;s=Channel2.RX3i.A1000,A1000,2147520861,2025-02-13 15:35:39.928,8.099,22.2,92.7
3,ns=2;s=Channel2.RX3i.A101,A101,2439348224,ns=2;s=Channel2.RX3i.A102,A102,2147520875,2025-02-13 15:35:39.928,8.099,0.0,92.7
4,ns=2;s=Channel2.RX3i.A103,A103,32768,ns=2;s=Channel2.RX3i.A104,A104,2147745792,2025-02-13 15:35:39.928,8.099,0.0,92.7
5,ns=2;s=Channel2.RX3i.A105,A105,2147516420,ns=2;s=Channel2.RX3i.A106,A106,2147516416,2025-02-13 15:35:39.928,8.099,20.0,92.7
6,ns=2;s=Channel2.RX3i.A107,A107,2147516416,ns=2;s=Channel2.RX3i.A108,A108,2147647488,2025-02-13 15:35:39.928,8.099,0.0,92.7
7,ns=2;s=Channel2.RX3i.A109,A109,2147516418,ns=2;s=Channel2.RX3i.A11,A11,2147516418,2025-02-13 15:35:39.928,8.099,100.0,92.7
8,ns=2;s=Channel2.RX3i.A110,A110,2443214848,ns=2;s=Channel2.RX3i.A111,A111,2147783077,2025-02-13 15:35:39.928,8.099,28.6,92.7
9,ns=2;s=Channel2.RX3i.A112,A112,2147516420,ns=2;s=Channel2.RX3i.A113,A113,2147516416,2025-02-13 15:35:39.928,8.099,0.0,92.7
10,ns=2;s=Channel2.RX3i.A114,A114,2147516416,ns=2;s=Channel2.RX3i.A115,A115,2147516416,2025-02-13 15:35:39.928,8.099,0.0,92.7
11,ns=2;s=Channel2.RX3i.A116,A116,2147516416,ns=2;s=Channel2.RX3i.A117,A117,2147516416,2025-02-13 15:35:39.928,8.099,0.0,92.7
12,ns=2;s=Channel2.RX3i.A118,A118,2147516416,ns=2;s=Channel2.RX3i.A119,A119,2147516416,2025-02-13 15:35:39.928,8.099,16.7,92.7
13,ns=2;s=Channel2.RX3i.A12,A12,2447540224,ns=2;s=Channel2.RX3i.A120,A120,2147516416,2025-02-13 15:35:39.928,8.099,14.3,92.7
14,ns=2;s=Channel2.RX3i.A121,A121,2147516416,ns=2;s=Channel2.RX3i.A122,A122,2147516416,2025-02-13 15:35:39.928,8.099,28.6,92.7
15,ns=2;s=Channel2.RX3i.A123,A123,2147516416,ns=2;s=Channel2.RX3i.A124,A124,2147516416,2025-02-13 15:35:39.928,8.099,0.0,92.7
16,ns=2;s=Channel2.RX3i.A125,A125,2147516416,ns=2;s=Channel2.RX3i.A126,A126,2147516416,2025-02-13 15:35:39.928,8.099,55.6,92.7
17,ns=2;s=Channel2.RX3i.A127,A127,2147516416,ns=2;s=Channel2.RX3i.A128,A128,2451734528,2025-02-13 15:35:39.928,8.099,100.0,92.7
18,ns=2;s=Channel2.RX3i.A129,A129,2147521062,ns=2;s=Channel2.RX3i.A13,A13,2147783217,2025-02-13 15:35:39.928,8.099,10.0,92.7
19,ns=2;s=Channel2.RX3i.A130,A130,2147516416,ns=2;s=Channel2.RX3i.A131,A131,2453569536,2025-02-13 15:35:39.928,8.099,25.0,92.7
20,ns=2;s=Channel2.RX3i.A132,A132,2147521093,ns=2;s=Channel2.RX3i.A133,A133,2147516416,2025-02-13 15:35:39.928,8.099,0.0,92.7
21,ns=2;s=Channel2.RX3i.A134,A134,2147778560,ns=2;s=Channel2.RX3i.A135,A135,2147516420,2025-02-13 15:35:39.928,8.099,12.5,92.7
22,ns=2;s=Channel2.RX3i.A136,A136,2147516416,ns=2;s=Channel2.RX3i.A137,A137,2147516416,2025-02-13 15:35:39.928,8.099,16.7,92.7
23,ns=2;s=Channel2.RX3i.A138,A138,2147647488,ns=2;s=Channel2.RX3i.A139,A139,2147516418,2025-02-13 15:35:39.928,8.099,100.0,92.7
24,ns=2;s=Channel2.RX3i.A14,A14,2147516420,ns=2;s=Channel2.RX3i.A140,A140,2457305088,2025-02-13 15:35:39.928,8.099,0.0,92.7
25,ns=2;s=Channel2.RX3i.A141,A141,2147783291,ns=2;s=Channel2.RX3i.A142,A142,2147516420,2025-02-13 15:35:39.928,8.099,0.0,92.7
1,ns=2;s=Channel2.RX3i.A1,A1,2147521165,ns=2;s=Channel2.RX3i.A10,A10,2147647488,2025-02-13 15:35:47.013,7.72,11.0,91.4
2,ns=2;s=Channel2.RX3i.A100,A100,2147516416,ns=2;s=Channel2.RX3i.A1000,A1000,2147521179,2025-02-13 15:35:47.013,7.72,28.6,91.4
3,ns=2;s=Channel2.RX3i.A101,A101,2460188672,ns=2;s=Channel2.RX3i.A102,A102,2147521191,2025-02-13 15:35:47.013,7.72,0.0,91.4
4,ns=2;s=Channel2.RX3i.A103,A103,32768,ns=2;s=Channel2.RX3i.A104,A104,2147745792,2025-02-13 15:35:47.013,7.72,100.0,91.4
5,ns=2;s=Channel2.RX3i.A105,A105,2147516420,ns=2;s=Channel2.RX3i.A106,A106,2147516416,2025-02-13 15:35:47.013,7.72,14.3,91.4
6,ns=2;s=Channel2.RX3i.A107,A107,2147516416,ns=2;s=Channel2.RX3i.A108,A108,2147647488,2025-02-13 15:35:47.013,7.72,0.0,91.4
7,ns=2;s=Channel2.RX3i.A109,A109,2147516418,ns=2;s=Channel2.RX3i.A11,A11,2147516418,2025-02-13 15:35:47.013,7.72,50.0,91.4
8,ns=2;s=Channel2.RX3i.A110,A110,2464448512,ns=2;s=Channel2.RX3i.A111,A111,2147783401,2025-02-13 15:35:47.013,7.72,0.0,91.4
9,ns=2;s=Channel2.RX3i.A112,A112,2147516420,ns=2;s=Channel2.RX3i.A113,A113,2147516416,2025-02-13 15:35:47.013,7.72,100.0,91.4
10,ns=2;s=Channel2.RX3i.A114,A114,2147516416,ns=2;s=Channel2.RX3i.A115,A115,2147516416,2025-02-13 15:35:47.013,7.72,0.0,91.4
11,ns=2;s=Channel2.RX3i.A116,A116,2147516416,ns=2;s=Channel2.RX3i.A117,A117,2147516416,2025-02-13 15:35:47.013,7.72,0.0,91.4
12,ns=2;s=Channel2.RX3i.A118,A118,2147516416,ns=2;s=Channel2.RX3i.A119,A119,2147516416,2025-02-13 15:35:47.013,7.72,20.0,91.4
13,ns=2;s=Channel2.RX3i.A12,A12,2468904960,ns=2;s=Channel2.RX3i.A120,A120,2147516416,2025-02-13 15:35:47.013,7.72,0.0,91.4
14,ns=2;s=Channel2.RX3i.A121,A121,2147516416,ns=2;s=Channel2.RX3i.A122,A122,2147516416,2025-02-13 15:35:47.013,7.72,25.0,91.4
15,ns=2;s=Channel2.RX3i.A123,A123,2147516416,ns=2;s=Channel2.RX3i.A124,A124,2147516416,2025-02-13 15:35:47.013,7.72,0.0,91.4
16,ns=2;s=Channel2.RX3i.A125,A125,2147516416,ns=2;s=Channel2.RX3i.A126,A126,2147516416,2025-02-13 15:35:47.013,7.72,0.0,91.4
17,ns=2;s=Channel2.RX3i.A127,A127,2147516416,ns=2;s=Channel2.RX3i.A128,A128,2472443904,2025-02-13 15:35:47.013,7.72,16.7,91.4
18,ns=2;s=Channel2.RX3i.A129,A129,2147521384,ns=2;s=Channel2.RX3i.A13,A13,2147783538,2025-02-13 15:35:47.013,7.72,0.0,91.4
19,ns=2;s=Channel2.RX3i.A130,A130,2147516416,ns=2;s=Channel2.RX3i.A131,A131,2475065344,2025-02-13 15:35:47.013,7.72,0.0,91.4
20,ns=2;s=Channel2.RX3i.A132,A132,2147521423,ns=2;s=Channel2.RX3i.A133,A133,2147516416,2025-02-13 15:35:47.013,7.72,0.0,91.4
21,ns=2;s=Channel2.RX3i.A134,A134,2147778560,ns=2;s=Channel2.RX3i.A135,A135,2147516420,2025-02-13 15:35:47.013,7.72,50.0,91.4
22,ns=2;s=Channel2.RX3i.A136,A136,2147516416,ns=2;s=Channel2.RX3i.A137,A137,2147516416,2025-02-13 15:35:47.013,7.72,0.0,91.4
23,ns=2;s=Channel2.RX3i.A138,A138,2147647488,ns=2;s=Channel2.RX3i.A139,A139,2147516418,2025-02-13 15:35:47.013,7.72,0.0,91.4
24,ns=2;s=Channel2.RX3i.A14,A14,2147516420,ns=2;s=Channel2.RX3i.A140,A140,2479456256,2025-02-13 15:35:47.013,7.72,25.0,91.4
25,ns=2;s=Channel2.RX3i.A141,A141,2147783631,ns=2;s=Channel2.RX3i.A142,A142,2147516420,2025-02-13 15:35:47.013,7.72,0.0,91.4
1,ns=2;s=Channel2.RX3i.A1,A1,2147521199,ns=2;s=Channel2.RX3i.A10,A10,2147647488,2025-02-13 15:35:47.741,7.813,10.8,91.4
2,ns=2;s=Channel2.RX3i.A100,A100,2147516416,ns=2;s=Channel2.RX3i.A1000,A1000,2147521219,2025-02-13 15:35:47.741,7.813,16.7,91.4
3,ns=2;s=Channel2.RX3i.A101,A101,2462875648,ns=2;s=Channel2.RX3i.A102,A102,2147521234,2025-02-13 15:35:47.741,7.813,16.7,91.4
4,ns=2;s=Channel2.RX3i.A103,A103,32768,ns=2;s=Channel2.RX3i.A104,A104,2147745792,2025-02-13 15:35:47.741,7.813,0.0,91.4
5,ns=2;s=Channel2.RX3i.A105,A105,2147516420,ns=2;s=Channel2.RX3i.A106,A106,2147516416,2025-02-13 15:35:47.741,7.813,0.0,91.4
6,ns=2;s=Channel2.RX3i.A107,A107,2147516416,ns=2;s=Channel2.RX3i.A108,A108,2147647488,2025-02-13 15:35:47.741,7.813,12.5,91.4
7,ns=2;s=Channel2.RX3i.A109,A109,2147516418,ns=2;s=Channel2.RX3i.A11,A11,2147516418,2025-02-13 15:35:47.741,7.813,0.0,91.4
8,ns=2;s=Channel2.RX3i.A110,A110,2466938880,ns=2;s=Channel2.RX3i.A111,A111,2147783440,2025-02-13 15:35:47.741,7.813,0.0,91.4
9,ns=2;s=Channel2.RX3i.A112,A112,2147516420,ns=2;s=Channel2.RX3i.A113,A113,2147516416,2025-02-13 15:35:47.741,7.813,0.0,91.4
10,ns=2;s=Channel2.RX3i.A114,A114,2147516416,ns=2;s=Channel2.RX3i.A115,A115,2147516416,2025-02-13 15:35:47.741,7.813,0.0,91.4
11,ns=2;s=Channel2.RX3i.A116,A116,2147516416,ns=2;s=Channel2.RX3i.A117,A117,2147516416,2025-02-13 15:35:47.741,7.813,0.0,91.4
12,ns=2;s=Channel2.RX3i.A118,A118,2147516416,ns=2;s=Channel2.RX3i.A119,A119,2147516416,2025-02-13 15:35:47.741,7.813,0.0,91.4
13,ns=2;s=Channel2.RX3i.A12,A12,2471395328,ns=2;s=Channel2.RX3i.A120,A120,2147516416,2025-02-13 15:35:47.741,7.813,0.0,91.4
14,ns=2;s=Channel2.RX3i.A121,A121,2147516416,ns=2;s=Channel2.RX3i.A122,A122,2147516416,2025-02-13 15:35:47.741,7.813,100.0,91.4
15,ns=2;s=Channel2.RX3i.A123,A123,2147516416,ns=2;s=Channel2.RX3i.A124,A124,2147516416,2025-02-13 15:35:47.741,7.813,0.0,91.4
16,ns=2;s=Channel2.RX3i.A125,A125,2147516416,ns=2;s=Channel2.RX3i.A126,A126,2147516416,2025-02-13 15:35:47.741,7.813,0.0,91.4
17,ns=2;s=Channel2.RX3i.A127,A127,2147516416,ns=2;s=Channel2.RX3i.A128,A128,2475720704,2025-02-13 15:35:47.741,7.813,0.0,91.4
18,ns=2;s=Channel2.RX3i.A129,A129,2147521428,ns=2;s=Channel2.RX3i.A13,A13,2147783579,2025-02-13 15:35:47.741,7.813,0.0,91.4
19,ns=2;s=Channel2.RX3i.A130,A130,2147516416,ns=2;s=Channel2.RX3i.A131,A131,2477555712,2025-02-13 15:35:47.741,7.813,0.0,91.4
20,ns=2;s=Channel2.RX3i.A132,A132,2147521458,ns=2;s=Channel2.RX3i.A133,A133,2147516416,2025-02-13 15:35:47.741,7.813,12.5,91.4
21,ns=2;s=Channel2.RX3i.A134,A134,2147778560,ns=2;s=Channel2.RX3i.A135,A135,2147516420,2025-02-13 15:35:47.741,7.813,0.0,91.4
22,ns=2;s=Channel2.RX3i.A136,A136,2147516416,ns=2;s=Channel2.RX3i.A137,A137,2147516416,2025-02-13 15:35:47.741,7.813,12.5,91.4
23,ns=2;s=Channel2.RX3i.A138,A138,2147647488,ns=2;s=Channel2.RX3i.A139,A139,2147516418,2025-02-13 15:35:47.741,7.813,0.0,91.4
24,ns=2;s=Channel2.RX3i.A14,A14,2147516420,ns=2;s=Channel2.RX3i.A140,A140,2481225728,2025-02-13 15:35:47.741,7.813,0.0,91.4
25,ns=2;s=Channel2.RX3i.A141,A141,2147783656,ns=2;s=Channel2.RX3i.A142,A142,2147516420,2025-02-13 15:35:47.741,7.813,0.0,91.4
1,ns=2;s=Channel2.RX3i.A1,A1,2147521553,ns=2;s=Channel2.RX3i.A10,A10,2147647488,2025-02-13 15:35:55.457,7.716,10.4,87.8
2,ns=2;s=Channel2.RX3i.A100,A100,2147516416,ns=2;s=Channel2.RX3i.A1000,A1000,2147521573,2025-02-13 15:35:55.457,7.716,14.3,87.8
3,ns=2;s=Channel2.RX3i.A101,A101,2486009856,ns=2;s=Channel2.RX3i.A102,A102,2147521587,2025-02-13 15:35:55.457,7.716,16.7,87.8
4,ns=2;s=Channel2.RX3i.A103,A103,32768,ns=2;s=Channel2.RX3i.A104,A104,2147745792,2025-02-13 15:35:55.457,7.716,33.3,87.8
5,ns=2;s=Channel2.RX3i.A105,A105,2147516420,ns=2;s=Channel2.RX3i.A106,A106,2147516416,2025-02-13 15:35:55.457,7.716,14.3,87.8
6,ns=2;s=Channel2.RX3i.A107,A107,2147516416,ns=2;s=Channel2.RX3i.A108,A108,2147647488,2025-02-13 15:35:55.457,7.716,0.0,87.8
7,ns=2;s=Channel2.RX3i.A109,A109,2147516418,ns=2;s=Channel2.RX3i.A11,A11,2147516418,2025-02-13 15:35:55.457,7.716,14.3,87.8
8,ns=2;s=Channel2.RX3i.A110,A110,2489942016,ns=2;s=Channel2.RX3i.A111,A111,2147783791,2025-02-13 15:35:55.457,7.716,20.0,87.8
9,ns=2;s=Channel2.RX3i.A112,A112,2147516420,ns=2;s=Channel2.RX3i.A113,A113,2147516416,2025-02-13 15:35:55.457,7.716,0.0,87.8
10,ns=2;s=Channel2.RX3i.A114,A114,2147516416,ns=2;s=Channel2.RX3i.A115,A115,2147516416,2025-02-13 15:35:55.457,7.716,37.5,87.8
11,ns=2;s=Channel2.RX3i.A116,A116,2147516416,ns=2;s=Channel2.RX3i.A117,A117,2147516416,2025-02-13 15:35:55.457,7.716,0.0,87.8
12,ns=2;s=Channel2.RX3i.A118,A118,2147516416,ns=2;s=Channel2.RX3i.A119,A119,2147516416,2025-02-13 15:35:55.457,7.716,14.3,87.8
13,ns=2;s=Channel2.RX3i.A12,A12,2493939712,ns=2;s=Channel2.RX3i.A120,A120,2147516416,2025-02-13 15:35:55.457,7.716,50.0,87.8
14,ns=2;s=Channel2.RX3i.A121,A121,2147516416,ns=2;s=Channel2.RX3i.A122,A122,2147516416,2025-02-13 15:35:55.457,7.716,0.0,87.8
15,ns=2;s=Channel2.RX3i.A123,A123,2147516416,ns=2;s=Channel2.RX3i.A124,A124,2147516416,2025-02-13 15:35:55.457,7.716,33.3,87.8
16,ns=2;s=Channel2.RX3i.A125,A125,2147516416,ns=2;s=Channel2.RX3i.A126,A126,2147516416,2025-02-13 15:35:55.457,7.716,0.0,87.8
17,ns=2;s=Channel2.RX3i.A127,A127,2147516416,ns=2;s=Channel2.RX3i.A128,A128,2497347584,2025-02-13 15:35:55.457,7.716,14.3,87.8
18,ns=2;s=Channel2.RX3i.A129,A129,2147521763,ns=2;s=Channel2.RX3i.A13,A13,2147783912,2025-02-13 15:35:55.457,7.716,14.3,87.8
19,ns=2;s=Channel2.RX3i.A130,A130,2147516416,ns=2;s=Channel2.RX3i.A131,A131,2499051520,2025-02-13 15:35:55.457,7.716,0.0,87.8
20,ns=2;s=Channel2.RX3i.A132,A132,2147521784,ns=2;s=Channel2.RX3i.A133,A133,2147516416,2025-02-13 15:35:55.457,7.716,50.0,87.8
21,ns=2;s=Channel2.RX3i.A134,A134,2147778560,ns=2;s=Channel2.RX3i.A135,A135,2147516420,2025-02-13 15:35:55.457,7.716,0.0,87.8
22,ns=2;s=Channel2.RX3i.A136,A136,2147516416,ns=2;s=Channel2.RX3i.A137,A137,2147516416,2025-02-13 15:35:55.457,7.716,33.3,87.8
23,ns=2;s=Channel2.RX3i.A138,A138,2147647488,ns=2;s=Channel2.RX3i.A139,A139,2147516418,2025-02-13 15:35:55.457,7.716,14.3,87.8
24,ns=2;s=Channel2.RX3i.A14,A14,2147516420,ns=2;s=Channel2.RX3i.A140,A140,2501672960,2025-02-13 15:35:55.457,7.716,0.0,87.8
25,ns=2;s=Channel2.RX3i.A141,A141,2147783968,ns=2;s=Channel2.RX3i.A142,A142,2147516420,2025-02-13 15:35:55.457,7.716,50.0,87.8
1,ns=2;s=Channel2.RX3i.A1,A1,2147521531,ns=2;s=Channel2.RX3i.A10,A10,2147647488,2025-02-13 15:35:55.014,8.001,10.2,87.8
2,ns=2;s=Channel2.RX3i.A100,A100,2147516416,ns=2;s=Channel2.RX3i.A1000,A1000,2147521545,2025-02-13 15:35:55.014,8.001,14.3,87.8
3,ns=2;s=Channel2.RX3i.A101,A101,2484240384,ns=2;s=Channel2.RX3i.A102,A102,2147521562,2025-02-13 15:35:55.014,8.001,0.0,87.8
4,ns=2;s=Channel2.RX3i.A103,A103,32768,ns=2;s=Channel2.RX3i.A104,A104,2147745792,2025-02-13 15:35:55.014,8.001,14.3,87.8
5,ns=2;s=Channel2.RX3i.A105,A105,2147516420,ns=2;s=Channel2.RX3i.A106,A106,2147516416,2025-02-13 15:35:55.014,8.001,66.7,87.8
6,ns=2;s=Channel2.RX3i.A107,A107,2147516416,ns=2;s=Channel2.RX3i.A108,A108,2147647488,2025-02-13 15:35:55.014,8.001,0.0,87.8
7,ns=2;s=Channel2.RX3i.A109,A109,2147516418,ns=2;s=Channel2.RX3i.A11,A11,2147516418,2025-02-13 15:35:55.014,8.001,16.7,87.8
8,ns=2;s=Channel2.RX3i.A110,A110,2488631296,ns=2;s=Channel2.RX3i.A111,A111,2147783771,2025-02-13 15:35:55.014,8.001,0.0,87.8
9,ns=2;s=Channel2.RX3i.A112,A112,2147516420,ns=2;s=Channel2.RX3i.A113,A113,2147516416,2025-02-13 15:35:55.014,8.001,12.5,87.8
10,ns=2;s=Channel2.RX3i.A114,A114,2147516416,ns=2;s=Channel2.RX3i.A115,A115,2147516416,2025-02-13 15:35:55.014,8.001,75.0,87.8
11,ns=2;s=Channel2.RX3i.A116,A116,2147516416,ns=2;s=Channel2.RX3i.A117,A117,2147516416,2025-02-13 15:35:55.014,8.001,0.0,87.8
12,ns=2;s=Channel2.RX3i.A118,A118,2147516416,ns=2;s=Channel2.RX3i.A119,A119,2147516416,2025-02-13 15:35:55.014,8.001,12.5,87.8
13,ns=2;s=Channel2.RX3i.A12,A12,2492891136,ns=2;s=Channel2.RX3i.A120,A120,2147516416,2025-02-13 15:35:55.014,8.001,100.0,87.8
14,ns=2;s=Channel2.RX3i.A121,A121,2147516416,ns=2;s=Channel2.RX3i.A122,A122,2147516416,2025-02-13 15:35:55.014,8.001,16.7,87.8
15,ns=2;s=Channel2.RX3i.A123,A123,2147516416,ns=2;s=Channel2.RX3i.A124,A124,2147516416,2025-02-13 15:35:55.014,8.001,33.3,87.8
16,ns=2;s=Channel2.RX3i.A125,A125,2147516416,ns=2;s=Channel2.RX3i.A126,A126,2147516416,2025-02-13 15:35:55.014,8.001,0.0,87.8
17,ns=2;s=Channel2.RX3i.A127,A127,2147516416,ns=2;s=Channel2.RX3i.A128,A128,2496430080,2025-02-13 15:35:55.014,8.001,16.7,87.8
18,ns=2;s=Channel2.RX3i.A129,A129,2147521750,ns=2;s=Channel2.RX3i.A13,A13,2147783904,2025-02-13 15:35:55.014,8.001,20.0,87.8
19,ns=2;s=Channel2.RX3i.A130,A130,2147516416,ns=2;s=Channel2.RX3i.A131,A131,2498723840,2025-02-13 15:35:55.014,8.001,0.0,87.8
20,ns=2;s=Channel2.RX3i.A132,A132,2147521780,ns=2;s=Channel2.RX3i.A133,A133,2147516416,2025-02-13 15:35:55.014,8.001,50.0,87.8
21,ns=2;s=Channel2.RX3i.A134,A134,2147778560,ns=2;s=Channel2.RX3i.A135,A135,2147516420,2025-02-13 15:35:55.014,8.001,14.3,87.8
22,ns=2;s=Channel2.RX3i.A136,A136,2147516416,ns=2;s=Channel2.RX3i.A137,A137,2147516416,2025-02-13 15:35:55.014,8.001,20.0,87.8
23,ns=2;s=Channel2.RX3i.A138,A138,2147647488,ns=2;s=Channel2.RX3i.A139,A139,2147516418,2025-02-13 15:35:55.014,8.001,0.0,87.8
24,ns=2;s=Channel2.RX3i.A14,A14,2147516420,ns=2;s=Channel2.RX3i.A140,A140,2501672960,2025-02-13 15:35:55.014,8.001,0.0,87.8
25,ns=2;s=Channel2.RX3i.A141,A141,2147783968,ns=2;s=Channel2.RX3i.A142,A142,2147516420,2025-02-13 15:35:55.014,8.001,50.0,87.8
1,ns=2;s=Channel2.RX3i.A1,A1,2147521869,ns=2;s=Channel2.RX3i.A10,A10,2147647488,2025-02-13 15:36:02.369,6.912,11.4,85.0
2,ns=2;s=Channel2.RX3i.A100,A100,2147516416,ns=2;s=Channel2.RX3i.A1000,A1000,2147521883,2025-02-13 15:36:02.369,6.912,0.0,85.0
3,ns=2;s=Channel2.RX3i.A101,A101,2506326016,ns=2;s=Channel2.RX3i.A102,A102,2147521896,2025-02-13 15:36:02.369,6.912,0.0,85.0
4,ns=2;s=Channel2.RX3i.A103,A103,32768,ns=2;s=Channel2.RX3i.A104,A104,2147745792,2025-02-13 15:36:02.369,6.912,0.0,85.0
5,ns=2;s=Channel2.RX3i.A105,A105,2147516420,ns=2;s=Channel2.RX3i.A106,A106,2147516416,2025-02-13 15:36:02.369,6.912,12.5,85.0
6,ns=2;s=Channel2.RX3i.A107,A107,2147516416,ns=2;s=Channel2.RX3i.A108,A108,2147647488,2025-02-13 15:36:02.369,6.912,0.0,85.0
7,ns=2;s=Channel2.RX3i.A109,A109,2147516418,ns=2;s=Channel2.RX3i.A11,A11,2147516418,2025-02-13 15:36:02.369,6.912,0.0,85.0
8,ns=2;s=Channel2.RX3i.A110,A110,2509012992,ns=2;s=Channel2.RX3i.A111,A111,2147784080,2025-02-13 15:36:02.369,6.912,33.3,85.0
9,ns=2;s=Channel2.RX3i.A112,A112,2147516420,ns=2;s=Channel2.RX3i.A113,A113,2147516416,2025-02-13 15:36:02.369,6.912,0.0,85.0
10,ns=2;s=Channel2.RX3i.A114,A114,2147516416,ns=2;s=Channel2.RX3i.A115,A115,2147516416,2025-02-13 15:36:02.369,6.912,0.0,85.0
11,ns=2;s=Channel2.RX3i.A116,A116,2147516416,ns=2;s=Channel2.RX3i.A117,A117,2147516416,2025-02-13 15:36:02.369,6.912,0.0,85.0
12,ns=2;s=Channel2.RX3i.A118,A118,2147516416,ns=2;s=Channel2.RX3i.A119,A119,2147516416,2025-02-13 15:36:02.369,6.912,0.0,85.0
13,ns=2;s=Channel2.RX3i.A12,A12,2511831040,ns=2;s=Channel2.RX3i.A120,A120,2147516416,2025-02-13 15:36:02.369,6.912,0.0,85.0
14,ns=2;s=Channel2.RX3i.A121,A121,2147516416,ns=2;s=Channel2.RX3i.A122,A122,2147516416,2025-02-13 15:36:02.369,6.912,12.5,85.0
15,ns=2;s=Channel2.RX3i.A123,A123,2147516416,ns=2;s=Channel2.RX3i.A124,A124,2147516416,2025-02-13 15:36:02.369,6.912,0.0,85.0
16,ns=2;s=Channel2.RX3i.A125,A125,2147516416,ns=2;s=Channel2.RX3i.A126,A126,2147516416,2025-02-13 15:36:02.369,6.912,0.0,85.0
17,ns=2;s=Channel2.RX3i.A127,A127,2147516416,ns=2;s=Channel2.RX3i.A128,A128,2514321408,2025-02-13 15:36:02.369,6.912,0.0,85.0
18,ns=2;s=Channel2.RX3i.A129,A129,2147522017,ns=2;s=Channel2.RX3i.A13,A13,2147784166,2025-02-13 15:36:02.369,6.912,0.0,85.0
19,ns=2;s=Channel2.RX3i.A130,A130,2147516416,ns=2;s=Channel2.RX3i.A131,A131,2515697664,2025-02-13 15:36:02.369,6.912,25.0,85.0
20,ns=2;s=Channel2.RX3i.A132,A132,2147522038,ns=2;s=Channel2.RX3i.A133,A133,2147516416,2025-02-13 15:36:02.369,6.912,0.0,84.9
21,ns=2;s=Channel2.RX3i.A134,A134,2147778560,ns=2;s=Channel2.RX3i.A135,A135,2147516420,2025-02-13 15:36:02.369,6.912,0.0,84.9
22,ns=2;s=Channel2.RX3i.A136,A136,2147516416,ns=2;s=Channel2.RX3i.A137,A137,2147516416,2025-02-13 15:36:02.369,6.912,20.0,84.9
23,ns=2;s=Channel2.RX3i.A138,A138,2147647488,ns=2;s=Channel2.RX3i.A139,A139,2147516418,2025-02-13 15:36:02.369,6.912,0.0,84.9
24,ns=2;s=Channel2.RX3i.A14,A14,2147516420,ns=2;s=Channel2.RX3i.A140,A140,2518319104,2025-02-13 15:36:02.369,6.912,40.0,84.8
25,ns=2;s=Channel2.RX3i.A141,A141,2147784222,ns=2;s=Channel2.RX3i.A142,A142,2147516420,2025-02-13 15:36:02.369,6.912,0.0,84.8
1,ns=2;s=Channel2.RX3i.A1,A1,2147521869,ns=2;s=Channel2.RX3i.A10,A10,2147647488,2025-02-13 15:36:02.371,7.357,11.4,85.0
2,ns=2;s=Channel2.RX3i.A100,A100,2147516416,ns=2;s=Channel2.RX3i.A1000,A1000,2147521883,2025-02-13 15:36:02.371,7.357,0.0,85.0
3,ns=2;s=Channel2.RX3i.A101,A101,2506326016,ns=2;s=Channel2.RX3i.A102,A102,2147521896,2025-02-13 15:36:02.371,7.357,0.0,85.0
4,ns=2;s=Channel2.RX3i.A103,A103,32768,ns=2;s=Channel2.RX3i.A104,A104,2147745792,2025-02-13 15:36:02.371,7.357,14.3,85.0
5,ns=2;s=Channel2.RX3i.A105,A105,2147516420,ns=2;s=Channel2.RX3i.A106,A106,2147516416,2025-02-13 15:36:02.371,7.357,0.0,85.0
6,ns=2;s=Channel2.RX3i.A107,A107,2147516416,ns=2;s=Channel2.RX3i.A108,A108,2147647488,2025-02-13 15:36:02.371,7.357,0.0,85.0
7,ns=2;s=Channel2.RX3i.A109,A109,2147516418,ns=2;s=Channel2.RX3i.A11,A11,2147516418,2025-02-13 15:36:02.371,7.357,0.0,85.0
8,ns=2;s=Channel2.RX3i.A110,A110,2509012992,ns=2;s=Channel2.RX3i.A111,A111,2147784080,2025-02-13 15:36:02.371,7.357,50.0,85.0
9,ns=2;s=Channel2.RX3i.A112,A112,2147516420,ns=2;s=Channel2.RX3i.A113,A113,2147516416,2025-02-13 15:36:02.371,7.357,28.6,85.0
10,ns=2;s=Channel2.RX3i.A114,A114,2147516416,ns=2;s=Channel2.RX3i.A115,A115,2147516416,2025-02-13 15:36:02.371,7.357,0.0,85.0
11,ns=2;s=Channel2.RX3i.A116,A116,2147516416,ns=2;s=Channel2.RX3i.A117,A117,2147516416,2025-02-13 15:36:02.371,7.357,0.0,85.0
12,ns=2;s=Channel2.RX3i.A118,A118,2147516416,ns=2;s=Channel2.RX3i.A119,A119,2147516416,2025-02-13 15:36:02.371,7.357,0.0,85.0
13,ns=2;s=Channel2.RX3i.A12,A12,2511831040,ns=2;s=Channel2.RX3i.A120,A120,2147516416,2025-02-13 15:36:02.371,7.357,0.0,85.0
14,ns=2;s=Channel2.RX3i.A121,A121,2147516416,ns=2;s=Channel2.RX3i.A122,A122,2147516416,2025-02-13 15:36:02.371,7.357,12.5,85.0
15,ns=2;s=Channel2.RX3i.A123,A123,2147516416,ns=2;s=Channel2.RX3i.A124,A124,2147516416,2025-02-13 15:36:02.371,7.357,0.0,85.0
16,ns=2;s=Channel2.RX3i.A125,A125,2147516416,ns=2;s=Channel2.RX3i.A126,A126,2147516416,2025-02-13 15:36:02.371,7.357,0.0,85.0
17,ns=2;s=Channel2.RX3i.A127,A127,2147516416,ns=2;s=Channel2.RX3i.A128,A128,2514321408,2025-02-13 15:36:02.371,7.357,0.0,85.0
18,ns=2;s=Channel2.RX3i.A129,A129,2147522017,ns=2;s=Channel2.RX3i.A13,A13,2147784166,2025-02-13 15:36:02.371,7.357,0.0,85.0
19,ns=2;s=Channel2.RX3i.A130,A130,2147516416,ns=2;s=Channel2.RX3i.A131,A131,2515697664,2025-02-13 15:36:02.371,7.357,0.0,85.0
20,ns=2;s=Channel2.RX3i.A132,A132,2147522038,ns=2;s=Channel2.RX3i.A133,A133,2147516416,2025-02-13 15:36:02.371,7.357,50.0,84.9
21,ns=2;s=Channel2.RX3i.A134,A134,2147778560,ns=2;s=Channel2.RX3i.A135,A135,2147516420,2025-02-13 15:36:02.371,7.357,0.0,84.9
22,ns=2;s=Channel2.RX3i.A136,A136,2147516416,ns=2;s=Channel2.RX3i.A137,A137,2147516416,2025-02-13 15:36:02.371,7.357,0.0,84.9
23,ns=2;s=Channel2.RX3i.A138,A138,2147647488,ns=2;s=Channel2.RX3i.A139,A139,2147516418,2025-02-13 15:36:02.371,7.357,12.5,84.9
24,ns=2;s=Channel2.RX3i.A14,A14,2147516420,ns=2;s=Channel2.RX3i.A140,A140,2518319104,2025-02-13 15:36:02.371,7.357,33.3,84.8
25,ns=2;s=Channel2.RX3i.A141,A141,2147784222,ns=2;s=Channel2.RX3i.A142,A142,2147516420,2025-02-13 15:36:02.371,7.357,0.0,84.8
1,ns=2;s=Channel2.RX3i.A1,A1,2147522121,ns=2;s=Channel2.RX3i.A10,A10,2147647488,2025-02-13 15:36:07.861,5.491,5.8,84.5
2,ns=2;s=Channel2.RX3i.A100,A100,2147516416,ns=2;s=Channel2.RX3i.A1000,A1000,2147522135,2025-02-13 15:36:07.861,5.491,0.0,84.5
3,ns=2;s=Channel2.RX3i.A101,A101,2522841088,ns=2;s=Channel2.RX3i.A102,A102,2147522147,2025-02-13 15:36:07.861,5.491,0.0,84.5
4,ns=2;s=Channel2.RX3i.A103,A103,32768,ns=2;s=Channel2.RX3i.A104,A104,2147745792,2025-02-13 15:36:07.861,5.491,44.4,84.5
5,ns=2;s=Channel2.RX3i.A105,A105,2147516420,ns=2;s=Channel2.RX3i.A106,A106,2147516416,2025-02-13 15:36:07.861,5.491,100.0,84.5
6,ns=2;s=Channel2.RX3i.A107,A107,2147516416,ns=2;s=Channel2.RX3i.A108,A108,2147647488,2025-02-13 15:36:07.861,5.491,14.3,84.5
7,ns=2;s=Channel2.RX3i.A109,A109,2147516418,ns=2;s=Channel2.RX3i.A11,A11,2147516418,2025-02-13 15:36:07.861,5.491,50.0,84.5
8,ns=2;s=Channel2.RX3i.A110,A110,2525462528,ns=2;s=Channel2.RX3i.A111,A111,2147784331,2025-02-13 15:36:07.861,5.491,0.0,84.5
9,ns=2;s=Channel2.RX3i.A112,A112,2147516420,ns=2;s=Channel2.RX3i.A113,A113,2147516416,2025-02-13 15:36:07.861,5.491,0.0,84.5
10,ns=2;s=Channel2.RX3i.A114,A114,2147516416,ns=2;s=Channel2.RX3i.A115,A115,2147516416,2025-02-13 15:36:07.861,5.491,0.0,84.5
11,ns=2;s=Channel2.RX3i.A116,A116,2147516416,ns=2;s=Channel2.RX3i.A117,A117,2147516416,2025-02-13 15:36:07.861,5.491,12.5,84.5
12,ns=2;s=Channel2.RX3i.A118,A118,2147516416,ns=2;s=Channel2.RX3i.A119,A119,2147516416,2025-02-13 15:36:07.861,5.491,50.0,84.5
13,ns=2;s=Channel2.RX3i.A12,A12,2528280576,ns=2;s=Channel2.RX3i.A120,A120,2147516416,2025-02-13 15:36:07.861,5.491,0.0,84.5
14,ns=2;s=Channel2.RX3i.A121,A121,2147516416,ns=2;s=Channel2.RX3i.A122,A122,2147516416,2025-02-13 15:36:07.861,5.491,25.0,84.5
15,ns=2;s=Channel2.RX3i.A123,A123,2147516416,ns=2;s=Channel2.RX3i.A124,A124,2147516416,2025-02-13 15:36:07.861,5.491,0.0,84.5
16,ns=2;s=Channel2.RX3i.A125,A125,2147516416,ns=2;s=Channel2.RX3i.A126,A126,2147516416,2025-02-13 15:36:07.861,5.491,14.3,84.5
17,ns=2;s=Channel2.RX3i.A127,A127,2147516416,ns=2;s=Channel2.RX3i.A128,A128,2530770944,2025-02-13 15:36:07.861,5.491,22.2,84.5
18,ns=2;s=Channel2.RX3i.A129,A129,2147522268,ns=2;s=Channel2.RX3i.A13,A13,2147784418,2025-02-13 15:36:07.861,5.491,0.0,84.5
19,ns=2;s=Channel2.RX3i.A130,A130,2147516416,ns=2;s=Channel2.RX3i.A131,A131,2532212736,2025-02-13 15:36:07.861,5.491,14.3,84.5
20,ns=2;s=Channel2.RX3i.A132,A132,2147522290,ns=2;s=Channel2.RX3i.A133,A133,2147516416,2025-02-13 15:36:07.861,5.491,0.0,84.5
21,ns=2;s=Channel2.RX3i.A134,A134,2147778560,ns=2;s=Channel2.RX3i.A135,A135,2147516420,2025-02-13 15:36:07.861,5.491,50.0,84.5
22,ns=2;s=Channel2.RX3i.A136,A136,2147516416,ns=2;s=Channel2.RX3i.A137,A137,2147516416,2025-02-13 15:36:07.861,5.491,0.0,84.5
23,ns=2;s=Channel2.RX3i.A138,A138,2147647488,ns=2;s=Channel2.RX3i.A139,A139,2147516418,2025-02-13 15:36:07.861,5.491,0.0,84.5
24,ns=2;s=Channel2.RX3i.A14,A14,2147516420,ns=2;s=Channel2.RX3i.A140,A140,2534834176,2025-02-13 15:36:07.861,5.491,25.0,84.5
25,ns=2;s=Channel2.RX3i.A141,A141,2147784475,ns=2;s=Channel2.RX3i.A142,A142,2147516420,2025-02-13 15:36:07.861,5.491,28.6,84.5
1,ns=2;s=Channel2.RX3i.A1,A1,2147522121,ns=2;s=Channel2.RX3i.A10,A10,2147647488,2025-02-13 15:36:07.861,5.491,5.8,84.5
2,ns=2;s=Channel2.RX3i.A100,A100,2147516416,ns=2;s=Channel2.RX3i.A1000,A1000,2147522135,2025-02-13 15:36:07.861,5.491,0.0,84.5
3,ns=2;s=Channel2.RX3i.A101,A101,2522841088,ns=2;s=Channel2.RX3i.A102,A102,2147522147,2025-02-13 15:36:07.861,5.491,44.4,84.5
4,ns=2;s=Channel2.RX3i.A103,A103,32768,ns=2;s=Channel2.RX3i.A104,A104,2147745792,2025-02-13 15:36:07.861,5.491,0.0,84.5
5,ns=2;s=Channel2.RX3i.A105,A105,2147516420,ns=2;s=Channel2.RX3i.A106,A106,2147516416,2025-02-13 15:36:07.861,5.491,28.6,84.5
6,ns=2;s=Channel2.RX3i.A107,A107,2147516416,ns=2;s=Channel2.RX3i.A108,A108,2147647488,2025-02-13 15:36:07.861,5.491,0.0,84.5
7,ns=2;s=Channel2.RX3i.A109,A109,2147516418,ns=2;s=Channel2.RX3i.A11,A11,2147516418,2025-02-13 15:36:07.861,5.491,12.5,84.5
8,ns=2;s=Channel2.RX3i.A110,A110,2525462528,ns=2;s=Channel2.RX3i.A111,A111,2147784331,2025-02-13 15:36:07.861,5.491,0.0,84.5
9,ns=2;s=Channel2.RX3i.A112,A112,2147516420,ns=2;s=Channel2.RX3i.A113,A113,2147516416,2025-02-13 15:36:07.861,5.491,0.0,84.5
10,ns=2;s=Channel2.RX3i.A114,A114,2147516416,ns=2;s=Channel2.RX3i.A115,A115,2147516416,2025-02-13 15:36:07.861,5.491,12.5,84.5
11,ns=2;s=Channel2.RX3i.A116,A116,2147516416,ns=2;s=Channel2.RX3i.A117,A117,2147516416,2025-02-13 15:36:07.861,5.491,0.0,84.5
12,ns=2;s=Channel2.RX3i.A118,A118,2147516416,ns=2;s=Channel2.RX3i.A119,A119,2147516416,2025-02-13 15:36:07.861,5.491,12.5,84.5
13,ns=2;s=Channel2.RX3i.A12,A12,2528280576,ns=2;s=Channel2.RX3i.A120,A120,2147516416,2025-02-13 15:36:07.861,5.491,0.0,84.5
14,ns=2;s=Channel2.RX3i.A121,A121,2147516416,ns=2;s=Channel2.RX3i.A122,A122,2147516416,2025-02-13 15:36:07.861,5.491,14.3,84.5
15,ns=2;s=Channel2.RX3i.A123,A123,2147516416,ns=2;s=Channel2.RX3i.A124,A124,2147516416,2025-02-13 15:36:07.861,5.491,0.0,84.5
16,ns=2;s=Channel2.RX3i.A125,A125,2147516416,ns=2;s=Channel2.RX3i.A126,A126,2147516416,2025-02-13 15:36:07.861,5.491,16.7,84.5
17,ns=2;s=Channel2.RX3i.A127,A127,2147516416,ns=2;s=Channel2.RX3i.A128,A128,2530770944,2025-02-13 15:36:07.861,5.491,0.0,84.5
18,ns=2;s=Channel2.RX3i.A129,A129,2147522268,ns=2;s=Channel2.RX3i.A13,A13,2147784418,2025-02-13 15:36:07.861,5.491,25.0,84.5
19,ns=2;s=Channel2.RX3i.A130,A130,2147516416,ns=2;s=Channel2.RX3i.A131,A131,2532212736,2025-02-13 15:36:07.861,5.491,16.7,84.5
20,ns=2;s=Channel2.RX3i.A132,A132,2147522290,ns=2;s=Channel2.RX3i.A133,A133,2147516416,2025-02-13 15:36:07.861,5.491,0.0,84.5
21,ns=2;s=Channel2.RX3i.A134,A134,2147778560,ns=2;s=Channel2.RX3i.A135,A135,2147516420,2025-02-13 15:36:07.861,5.491,14.3,84.5
22,ns=2;s=Channel2.RX3i.A136,A136,2147516416,ns=2;s=Channel2.RX3i.A137,A137,2147516416,2025-02-13 15:36:07.861,5.491,0.0,84.5
23,ns=2;s=Channel2.RX3i.A138,A138,2147647488,ns=2;s=Channel2.RX3i.A139,A139,2147516418,2025-02-13 15:36:07.861,5.491,12.5,84.5
24,ns=2;s=Channel2.RX3i.A14,A14,2147516420,ns=2;s=Channel2.RX3i.A140,A140,2534834176,2025-02-13 15:36:07.861,5.491,0.0,84.5
25,ns=2;s=Channel2.RX3i.A141,A141,2147784475,ns=2;s=Channel2.RX3i.A142,A142,2147516420,2025-02-13 15:36:07.861,5.491,25.0,84.5
1,ns=2;s=Channel2.RX3i.A1,A1,2147522373,ns=2;s=Channel2.RX3i.A10,A10,2147647488,2025-02-13 15:36:13.364,5.502,4.5,84.5
2,ns=2;s=Channel2.RX3i.A100,A100,2147516416,ns=2;s=Channel2.RX3i.A1000,A1000,2147522387,2025-02-13 15:36:13.364,5.502,0.0,84.5
3,ns=2;s=Channel2.RX3i.A101,A101,2539421696,ns=2;s=Channel2.RX3i.A102,A102,2147522400,2025-02-13 15:36:13.364,5.502,25.0,84.5
4,ns=2;s=Channel2.RX3i.A103,A103,32768,ns=2;s=Channel2.RX3i.A104,A104,2147745792,2025-02-13 15:36:13.364,5.502,50.0,84.5
5,ns=2;s=Channel2.RX3i.A105,A105,2147516420,ns=2;s=Channel2.RX3i.A106,A106,2147516416,2025-02-13 15:36:13.364,5.502,0.0,84.5
6,ns=2;s=Channel2.RX3i.A107,A107,2147516416,ns=2;s=Channel2.RX3i.A108,A108,2147647488,2025-02-13 15:36:13.364,5.502,0.0,84.5
7,ns=2;s=Channel2.RX3i.A109,A109,2147516418,ns=2;s=Channel2.RX3i.A11,A11,2147516418,2025-02-13 15:36:13.364,5.502,100.0,84.5
8,ns=2;s=Channel2.RX3i.A110,A110,2542043136,ns=2;s=Channel2.RX3i.A111,A111,2147784584,2025-02-13 15:36:13.364,5.502,0.0,84.5
9,ns=2;s=Channel2.RX3i.A112,A112,2147516420,ns=2;s=Channel2.RX3i.A113,A113,2147516416,2025-02-13 15:36:13.364,5.502,50.0,84.5
10,ns=2;s=Channel2.RX3i.A114,A114,2147516416,ns=2;s=Channel2.RX3i.A115,A115,2147516416,2025-02-13 15:36:13.364,5.502,0.0,84.5
11,ns=2;s=Channel2.RX3i.A116,A116,2147516416,ns=2;s=Channel2.RX3i.A117,A117,2147516416,2025-02-13 15:36:13.364,5.502,0.0,84.5
12,ns=2;s=Channel2.RX3i.A118,A118,2147516416,ns=2;s=Channel2.RX3i.A119,A119,2147516416,2025-02-13 15:36:13.364,5.502,0.0,84.5
13,ns=2;s=Channel2.RX3i.A12,A12,2544861184,ns=2;s=Channel2.RX3i.A120,A120,2147516416,2025-02-13 15:36:13.364,5.502,14.3,84.5
14,ns=2;s=Channel2.RX3i.A121,A121,2147516416,ns=2;s=Channel2.RX3i.A122,A122,2147516416,2025-02-13 15:36:13.364,5.502,0.0,84.5
15,ns=2;s=Channel2.RX3i.A123,A123,2147516416,ns=2;s=Channel2.RX3i.A124,A124,2147516416,2025-02-13 15:36:13.364,5.502,12.5,84.5
16,ns=2;s=Channel2.RX3i.A125,A125,2147516416,ns=2;s=Channel2.RX3i.A126,A126,2147516416,2025-02-13 15:36:13.364,5.502,0.0,84.5
17,ns=2;s=Channel2.RX3i.A127,A127,2147516416,ns=2;s=Channel2.RX3i.A128,A128,2547417088,2025-02-13 15:36:13.364,5.502,12.5,84.5
18,ns=2;s=Channel2.RX3i.A129,A129,2147522522,ns=2;s=Channel2.RX3i.A13,A13,2147784671,2025-02-13 15:36:13.364,5.502,0.0,84.5
19,ns=2;s=Channel2.RX3i.A130,A130,2147516416,ns=2;s=Channel2.RX3i.A131,A131,2548793344,2025-02-13 15:36:13.364,5.502,40.0,84.5
20,ns=2;s=Channel2.RX3i.A132,A132,2147522543,ns=2;s=Channel2.RX3i.A133,A133,2147516416,2025-02-13 15:36:13.364,5.502,0.0,84.5
21,ns=2;s=Channel2.RX3i.A134,A134,2147778560,ns=2;s=Channel2.RX3i.A135,A135,2147516420,2025-02-13 15:36:13.364,5.502,0.0,84.5
22,ns=2;s=Channel2.RX3i.A136,A136,2147516416,ns=2;s=Channel2.RX3i.A137,A137,2147516416,2025-02-13 15:36:13.364,5.502,22.2,84.5
23,ns=2;s=Channel2.RX3i.A138,A138,2147647488,ns=2;s=Channel2.RX3i.A139,A139,2147516418,2025-02-13 15:36:13.364,5.502,25.0,84.4
24,ns=2;s=Channel2.RX3i.A14,A14,2147516420,ns=2;s=Channel2.RX3i.A140,A140,2551414784,2025-02-13 15:36:13.364,5.502,0.0,84.3
25,ns=2;s=Channel2.RX3i.A141,A141,2147784728,ns=2;s=Channel2.RX3i.A142,A142,2147516420,2025-02-13 15:36:13.364,5.502,16.7,84.1
1,ns=2;s=Channel2.RX3i.A1,A1,2147522373,ns=2;s=Channel2.RX3i.A10,A10,2147647488,2025-02-13 15:36:13.368,5.507,4.5,84.5
2,ns=2;s=Channel2.RX3i.A100,A100,2147516416,ns=2;s=Channel2.RX3i.A1000,A1000,2147522387,2025-02-13 15:36:13.368,5.507,22.2,84.5
3,ns=2;s=Channel2.RX3i.A101,A101,2539421696,ns=2;s=Channel2.RX3i.A102,A102,2147522400,2025-02-13 15:36:13.368,5.507,0.0,84.5
4,ns=2;s=Channel2.RX3i.A103,A103,32768,ns=2;s=Channel2.RX3i.A104,A104,2147745792,2025-02-13 15:36:13.368,5.507,14.3,84.5
5,ns=2;s=Channel2.RX3i.A105,A105,2147516420,ns=2;s=Channel2.RX3i.A106,A106,2147516416,2025-02-13 15:36:13.368,5.507,0.0,84.5
6,ns=2;s=Channel2.RX3i.A107,A107,2147516416,ns=2;s=Channel2.RX3i.A108,A108,2147647488,2025-02-13 15:36:13.368,5.507,12.5,84.5
7,ns=2;s=Channel2.RX3i.A109,A109,2147516418,ns=2;s=Channel2.RX3i.A11,A11,2147516418,2025-02-13 15:36:13.368,5.507,0.0,84.5
8,ns=2;s=Channel2.RX3i.A110,A110,2542043136,ns=2;s=Channel2.RX3i.A111,A111,2147784584,2025-02-13 15:36:13.368,5.507,0.0,84.5
9,ns=2;s=Channel2.RX3i.A112,A112,2147516420,ns=2;s=Channel2.RX3i.A113,A113,2147516416,2025-02-13 15:36:13.368,5.507,28.6,84.5
10,ns=2;s=Channel2.RX3i.A114,A114,2147516416,ns=2;s=Channel2.RX3i.A115,A115,2147516416,2025-02-13 15:36:13.368,5.507,0.0,84.5
11,ns=2;s=Channel2.RX3i.A116,A116,2147516416,ns=2;s=Channel2.RX3i.A117,A117,2147516416,2025-02-13 15:36:13.368,5.507,0.0,84.5
12,ns=2;s=Channel2.RX3i.A118,A118,2147516416,ns=2;s=Channel2.RX3i.A119,A119,2147516416,2025-02-13 15:36:13.368,5.507,0.0,84.5
13,ns=2;s=Channel2.RX3i.A12,A12,2544861184,ns=2;s=Channel2.RX3i.A120,A120,2147516416,2025-02-13 15:36:13.368,5.507,14.3,84.5
14,ns=2;s=Channel2.RX3i.A121,A121,2147516416,ns=2;s=Channel2.RX3i.A122,A122,2147516416,2025-02-13 15:36:13.368,5.507,0.0,84.5
15,ns=2;s=Channel2.RX3i.A123,A123,2147516416,ns=2;s=Channel2.RX3i.A124,A124,2147516416,2025-02-13 15:36:13.368,5.507,20.0,84.5
16,ns=2;s=Channel2.RX3i.A125,A125,2147516416,ns=2;s=Channel2.RX3i.A126,A126,2147516416,2025-02-13 15:36:13.368,5.507,0.0,84.5
17,ns=2;s=Channel2.RX3i.A127,A127,2147516416,ns=2;s=Channel2.RX3i.A128,A128,2547417088,2025-02-13 15:36:13.368,5.507,14.3,84.5
18,ns=2;s=Channel2.RX3i.A129,A129,2147522522,ns=2;s=Channel2.RX3i.A13,A13,2147784671,2025-02-13 15:36:13.368,5.507,0.0,84.5
19,ns=2;s=Channel2.RX3i.A130,A130,2147516416,ns=2;s=Channel2.RX3i.A131,A131,2548793344,2025-02-13 15:36:13.368,5.507,0.0,84.5
20,ns=2;s=Channel2.RX3i.A132,A132,2147522543,ns=2;s=Channel2.RX3i.A133,A133,2147516416,2025-02-13 15:36:13.368,5.507,25.0,84.5
21,ns=2;s=Channel2.RX3i.A134,A134,2147778560,ns=2;s=Channel2.RX3i.A135,A135,2147516420,2025-02-13 15:36:13.368,5.507,0.0,84.5
22,ns=2;s=Channel2.RX3i.A136,A136,2147516416,ns=2;s=Channel2.RX3i.A137,A137,2147516416,2025-02-13 15:36:13.368,5.507,0.0,84.5
23,ns=2;s=Channel2.RX3i.A138,A138,2147647488,ns=2;s=Channel2.RX3i.A139,A139,2147516418,2025-02-13 15:36:13.368,5.507,22.2,84.5
24,ns=2;s=Channel2.RX3i.A14,A14,2147516420,ns=2;s=Channel2.RX3i.A140,A140,2551414784,2025-02-13 15:36:13.368,5.507,14.3,84.4
25,ns=2;s=Channel2.RX3i.A141,A141,2147784728,ns=2;s=Channel2.RX3i.A142,A142,2147516420,2025-02-13 15:36:13.368,5.507,20.0,84.2
1,ns=2;s=Channel2.RX3i.A1,A1,2147522626,ns=2;s=Channel2.RX3i.A10,A10,2147647488,2025-02-13 15:36:18.871,5.503,10.2,83.4
2,ns=2;s=Channel2.RX3i.A100,A100,2147516416,ns=2;s=Channel2.RX3i.A1000,A1000,2147522640,2025-02-13 15:36:18.871,5.503,75.0,83.3
3,ns=2;s=Channel2.RX3i.A101,A101,2555936768,ns=2;s=Channel2.RX3i.A102,A102,2147522652,2025-02-13 15:36:18.871,5.503,0.0,83.3
4,ns=2;s=Channel2.RX3i.A103,A103,32768,ns=2;s=Channel2.RX3i.A104,A104,2147745792,2025-02-13 15:36:18.871,5.503,12.5,83.4
5,ns=2;s=Channel2.RX3i.A105,A105,2147516420,ns=2;s=Channel2.RX3i.A106,A106,2147516416,2025-02-13 15:36:18.871,5.503,0.0,83.4
6,ns=2;s=Channel2.RX3i.A107,A107,2147516416,ns=2;s=Channel2.RX3i.A108,A108,2147647488,2025-02-13 15:36:18.871,5.503,0.0,83.4
7,ns=2;s=Channel2.RX3i.A109,A109,2147516418,ns=2;s=Channel2.RX3i.A11,A11,2147516418,2025-02-13 15:36:18.871,5.503,57.1,83.4
8,ns=2;s=Channel2.RX3i.A110,A110,2558558208,ns=2;s=Channel2.RX3i.A111,A111,2147784836,2025-02-13 15:36:18.871,5.503,0.0,83.4
9,ns=2;s=Channel2.RX3i.A112,A112,2147516420,ns=2;s=Channel2.RX3i.A113,A113,2147516416,2025-02-13 15:36:18.871,5.503,0.0,83.4
10,ns=2;s=Channel2.RX3i.A114,A114,2147516416,ns=2;s=Channel2.RX3i.A115,A115,2147516416,2025-02-13 15:36:18.871,5.503,0.0,83.4
11,ns=2;s=Channel2.RX3i.A116,A116,2147516416,ns=2;s=Channel2.RX3i.A117,A117,2147516416,2025-02-13 15:36:18.871,5.503,0.0,83.4
12,ns=2;s=Channel2.RX3i.A118,A118,2147516416,ns=2;s=Channel2.RX3i.A119,A119,2147516416,2025-02-13 15:36:18.871,5.503,0.0,83.4
13,ns=2;s=Channel2.RX3i.A12,A12,2561376256,ns=2;s=Channel2.RX3i.A120,A120,2147516416,2025-02-13 15:36:18.871,5.503,40.0,83.4
14,ns=2;s=Channel2.RX3i.A121,A121,2147516416,ns=2;s=Channel2.RX3i.A122,A122,2147516416,2025-02-13 15:36:18.871,5.503,66.7,83.4
15,ns=2;s=Channel2.RX3i.A123,A123,2147516416,ns=2;s=Channel2.RX3i.A124,A124,2147516416,2025-02-13 15:36:18.871,5.503,0.0,83.4
16,ns=2;s=Channel2.RX3i.A125,A125,2147516416,ns=2;s=Channel2.RX3i.A126,A126,2147516416,2025-02-13 15:36:18.871,5.503,50.0,83.4
17,ns=2;s=Channel2.RX3i.A127,A127,2147516416,ns=2;s=Channel2.RX3i.A128,A128,2563801088,2025-02-13 15:36:18.871,5.503,0.0,83.4
18,ns=2;s=Channel2.RX3i.A129,A129,2147522773,ns=2;s=Channel2.RX3i.A13,A13,2147784922,2025-02-13 15:36:18.871,5.503,0.0,83.4
19,ns=2;s=Channel2.RX3i.A130,A130,2147516416,ns=2;s=Channel2.RX3i.A131,A131,2565242880,2025-02-13 15:36:18.871,5.503,11.1,83.4
20,ns=2;s=Channel2.RX3i.A132,A132,2147522794,ns=2;s=Channel2.RX3i.A133,A133,2147516416,2025-02-13 15:36:18.871,5.503,0.0,83.4
21,ns=2;s=Channel2.RX3i.A134,A134,2147778560,ns=2;s=Channel2.RX3i.A135,A135,2147516420,2025-02-13 15:36:18.871,5.503,0.0,83.4
22,ns=2;s=Channel2.RX3i.A136,A136,2147516416,ns=2;s=Channel2.RX3i.A137,A137,2147516416,2025-02-13 15:36:18.871,5.503,0.0,83.4
23,ns=2;s=Channel2.RX3i.A138,A138,2147647488,ns=2;s=Channel2.RX3i.A139,A139,2147516418,2025-02-13 15:36:18.871,5.503,0.0,83.4
24,ns=2;s=Channel2.RX3i.A14,A14,2147516420,ns=2;s=Channel2.RX3i.A140,A140,2567864320,2025-02-13 15:36:18.871,5.503,40.0,83.4
25,ns=2;s=Channel2.RX3i.A141,A141,2147784978,ns=2;s=Channel2.RX3i.A142,A142,2147516420,2025-02-13 15:36:18.871,5.503,20.0,83.4
1,ns=2;s=Channel2.RX3i.A1,A1,2147522626,ns=2;s=Channel2.RX3i.A10,A10,2147647488,2025-02-13 15:36:18.869,5.505,10.2,83.4
2,ns=2;s=Channel2.RX3i.A100,A100,2147516416,ns=2;s=Channel2.RX3i.A1000,A1000,2147522640,2025-02-13 15:36:18.869,5.505,75.0,83.3
3,ns=2;s=Channel2.RX3i.A101,A101,2555936768,ns=2;s=Channel2.RX3i.A102,A102,2147522652,2025-02-13 15:36:18.869,5.505,0.0,83.3
4,ns=2;s=Channel2.RX3i.A103,A103,32768,ns=2;s=Channel2.RX3i.A104,A104,2147745792,2025-02-13 15:36:18.869,5.505,12.5,83.4
5,ns=2;s=Channel2.RX3i.A105,A105,2147516420,ns=2;s=Channel2.RX3i.A106,A106,2147516416,2025-02-13 15:36:18.869,5.505,0.0,83.4
6,ns=2;s=Channel2.RX3i.A107,A107,2147516416,ns=2;s=Channel2.RX3i.A108,A108,2147647488,2025-02-13 15:36:18.869,5.505,0.0,83.4
7,ns=2;s=Channel2.RX3i.A109,A109,2147516418,ns=2;s=Channel2.RX3i.A11,A11,2147516418,2025-02-13 15:36:18.869,5.505,57.1,83.4
8,ns=2;s=Channel2.RX3i.A110,A110,2558558208,ns=2;s=Channel2.RX3i.A111,A111,2147784836,2025-02-13 15:36:18.869,5.505,0.0,83.4
9,ns=2;s=Channel2.RX3i.A112,A112,2147516420,ns=2;s=Channel2.RX3i.A113,A113,2147516416,2025-02-13 15:36:18.869,5.505,0.0,83.4
10,ns=2;s=Channel2.RX3i.A114,A114,2147516416,ns=2;s=Channel2.RX3i.A115,A115,2147516416,2025-02-13 15:36:18.869,5.505,0.0,83.4
11,ns=2;s=Channel2.RX3i.A116,A116,2147516416,ns=2;s=Channel2.RX3i.A117,A117,2147516416,2025-02-13 15:36:18.869,5.505,0.0,83.4
12,ns=2;s=Channel2.RX3i.A118,A118,2147516416,ns=2;s=Channel2.RX3i.A119,A119,2147516416,2025-02-13 15:36:18.869,5.505,20.0,83.4
13,ns=2;s=Channel2.RX3i.A12,A12,2561376256,ns=2;s=Channel2.RX3i.A120,A120,2147516416,2025-02-13 15:36:18.869,5.505,25.0,83.4
14,ns=2;s=Channel2.RX3i.A121,A121,2147516416,ns=2;s=Channel2.RX3i.A122,A122,2147516416,2025-02-13 15:36:18.869,5.505,46.2,83.4
15,ns=2;s=Channel2.RX3i.A123,A123,2147516416,ns=2;s=Channel2.RX3i.A124,A124,2147516416,2025-02-13 15:36:18.869,5.505,0.0,83.4
16,ns=2;s=Channel2.RX3i.A125,A125,2147516416,ns=2;s=Channel2.RX3i.A126,A126,2147516416,2025-02-13 15:36:18.869,5.505,0.0,83.4
17,ns=2;s=Channel2.RX3i.A127,A127,2147516416,ns=2;s=Channel2.RX3i.A128,A128,2563801088,2025-02-13 15:36:18.869,5.505,20.0,83.4
18,ns=2;s=Channel2.RX3i.A129,A129,2147522773,ns=2;s=Channel2.RX3i.A13,A13,2147784922,2025-02-13 15:36:18.869,5.505,0.0,83.4
19,ns=2;s=Channel2.RX3i.A130,A130,2147516416,ns=2;s=Channel2.RX3i.A131,A131,2565242880,2025-02-13 15:36:18.869,5.505,0.0,83.4
20,ns=2;s=Channel2.RX3i.A132,A132,2147522794,ns=2;s=Channel2.RX3i.A133,A133,2147516416,2025-02-13 15:36:18.869,5.505,0.0,83.4
21,ns=2;s=Channel2.RX3i.A134,A134,2147778560,ns=2;s=Channel2.RX3i.A135,A135,2147516420,2025-02-13 15:36:18.869,5.505,12.5,83.4
22,ns=2;s=Channel2.RX3i.A136,A136,2147516416,ns=2;s=Channel2.RX3i.A137,A137,2147516416,2025-02-13 15:36:18.869,5.505,75.0,83.4
23,ns=2;s=Channel2.RX3i.A138,A138,2147647488,ns=2;s=Channel2.RX3i.A139,A139,2147516418,2025-02-13 15:36:18.869,5.505,50.0,83.4
24,ns=2;s=Channel2.RX3i.A14,A14,2147516420,ns=2;s=Channel2.RX3i.A140,A140,2567864320,2025-02-13 15:36:18.869,5.505,63.6,83.4
25,ns=2;s=Channel2.RX3i.A141,A141,2147784978,ns=2;s=Channel2.RX3i.A142,A142,2147516420,2025-02-13 15:36:18.869,5.505,11.1,83.4
1,ns=2;s=Channel2.RX3i.A1,A1,2147522877,ns=2;s=Channel2.RX3i.A10,A10,2147647488,2025-02-13 15:36:24.377,5.508,8.8,81.9
2,ns=2;s=Channel2.RX3i.A100,A100,2147516416,ns=2;s=Channel2.RX3i.A1000,A1000,2147522891,2025-02-13 15:36:24.377,5.508,12.5,81.9
3,ns=2;s=Channel2.RX3i.A101,A101,2572386304,ns=2;s=Channel2.RX3i.A102,A102,2147522903,2025-02-13 15:36:24.377,5.508,0.0,81.9
4,ns=2;s=Channel2.RX3i.A103,A103,32768,ns=2;s=Channel2.RX3i.A104,A104,2147745792,2025-02-13 15:36:24.377,5.508,0.0,81.9
5,ns=2;s=Channel2.RX3i.A105,A105,2147516420,ns=2;s=Channel2.RX3i.A106,A106,2147516416,2025-02-13 15:36:24.377,5.508,0.0,81.9
6,ns=2;s=Channel2.RX3i.A107,A107,2147516416,ns=2;s=Channel2.RX3i.A108,A108,2147647488,2025-02-13 15:36:24.377,5.508,0.0,81.9
7,ns=2;s=Channel2.RX3i.A109,A109,2147516418,ns=2;s=Channel2.RX3i.A11,A11,2147516418,2025-02-13 15:36:24.377,5.508,0.0,81.9
8,ns=2;s=Channel2.RX3i.A110,A110,2575007744,ns=2;s=Channel2.RX3i.A111,A111,2147785087,2025-02-13 15:36:24.377,5.508,0.0,81.9
9,ns=2;s=Channel2.RX3i.A112,A112,2147516420,ns=2;s=Channel2.RX3i.A113,A113,2147516416,2025-02-13 15:36:24.377,5.508,0.0,81.9
10,ns=2;s=Channel2.RX3i.A114,A114,2147516416,ns=2;s=Channel2.RX3i.A115,A115,2147516416,2025-02-13 15:36:24.377,5.508,0.0,81.9
11,ns=2;s=Channel2.RX3i.A116,A116,2147516416,ns=2;s=Channel2.RX3i.A117,A117,2147516416,2025-02-13 15:36:24.377,5.508,0.0,81.9
12,ns=2;s=Channel2.RX3i.A118,A118,2147516416,ns=2;s=Channel2.RX3i.A119,A119,2147516416,2025-02-13 15:36:24.377,5.508,100.0,81.9
13,ns=2;s=Channel2.RX3i.A12,A12,2577825792,ns=2;s=Channel2.RX3i.A120,A120,2147516416,2025-02-13 15:36:24.377,5.508,0.0,81.9
14,ns=2;s=Channel2.RX3i.A121,A121,2147516416,ns=2;s=Channel2.RX3i.A122,A122,2147516416,2025-02-13 15:36:24.377,5.508,0.0,81.9
15,ns=2;s=Channel2.RX3i.A123,A123,2147516416,ns=2;s=Channel2.RX3i.A124,A124,2147516416,2025-02-13 15:36:24.377,5.508,0.0,81.9
16,ns=2;s=Channel2.RX3i.A125,A125,2147516416,ns=2;s=Channel2.RX3i.A126,A126,2147516416,2025-02-13 15:36:24.377,5.508,22.2,81.9
17,ns=2;s=Channel2.RX3i.A127,A127,2147516416,ns=2;s=Channel2.RX3i.A128,A128,2580250624,2025-02-13 15:36:24.377,5.508,0.0,81.9
18,ns=2;s=Channel2.RX3i.A129,A129,2147523023,ns=2;s=Channel2.RX3i.A13,A13,2147785173,2025-02-13 15:36:24.377,5.508,0.0,81.9
19,ns=2;s=Channel2.RX3i.A130,A130,2147516416,ns=2;s=Channel2.RX3i.A131,A131,2581692416,2025-02-13 15:36:24.377,5.508,12.5,81.8
20,ns=2;s=Channel2.RX3i.A132,A132,2147523046,ns=2;s=Channel2.RX3i.A133,A133,2147516416,2025-02-13 15:36:24.377,5.508,0.0,81.8
21,ns=2;s=Channel2.RX3i.A134,A134,2147778560,ns=2;s=Channel2.RX3i.A135,A135,2147516420,2025-02-13 15:36:24.377,5.508,25.0,81.8
22,ns=2;s=Channel2.RX3i.A136,A136,2147516416,ns=2;s=Channel2.RX3i.A137,A137,2147516416,2025-02-13 15:36:24.377,5.508,0.0,81.8
23,ns=2;s=Channel2.RX3i.A138,A138,2147647488,ns=2;s=Channel2.RX3i.A139,A139,2147516418,2025-02-13 15:36:24.377,5.508,12.5,81.8
24,ns=2;s=Channel2.RX3i.A14,A14,2147516420,ns=2;s=Channel2.RX3i.A140,A140,2584313856,2025-02-13 15:36:24.377,5.508,0.0,81.8
25,ns=2;s=Channel2.RX3i.A141,A141,2147785230,ns=2;s=Channel2.RX3i.A142,A142,2147516420,2025-02-13 15:36:24.377,5.508,14.3,81.8
1,ns=2;s=Channel2.RX3i.A1,A1,2147522877,ns=2;s=Channel2.RX3i.A10,A10,2147647488,2025-02-13 15:36:24.334,5.463,9.2,81.9
2,ns=2;s=Channel2.RX3i.A100,A100,2147516416,ns=2;s=Channel2.RX3i.A1000,A1000,2147522891,2025-02-13 15:36:24.334,5.463,12.5,81.9
3,ns=2;s=Channel2.RX3i.A101,A101,2572386304,ns=2;s=Channel2.RX3i.A102,A102,2147522903,2025-02-13 15:36:24.334,5.463,0.0,81.9
4,ns=2;s=Channel2.RX3i.A103,A103,32768,ns=2;s=Channel2.RX3i.A104,A104,2147745792,2025-02-13 15:36:24.334,5.463,0.0,81.9
5,ns=2;s=Channel2.RX3i.A105,A105,2147516420,ns=2;s=Channel2.RX3i.A106,A106,2147516416,2025-02-13 15:36:24.334,5.463,0.0,81.9
6,ns=2;s=Channel2.RX3i.A107,A107,2147516416,ns=2;s=Channel2.RX3i.A108,A108,2147647488,2025-02-13 15:36:24.334,5.463,0.0,81.9
7,ns=2;s=Channel2.RX3i.A109,A109,2147516418,ns=2;s=Channel2.RX3i.A11,A11,2147516418,2025-02-13 15:36:24.334,5.463,0.0,81.9
8,ns=2;s=Channel2.RX3i.A110,A110,2575007744,ns=2;s=Channel2.RX3i.A111,A111,2147785087,2025-02-13 15:36:24.334,5.463,0.0,81.9
9,ns=2;s=Channel2.RX3i.A112,A112,2147516420,ns=2;s=Channel2.RX3i.A113,A113,2147516416,2025-02-13 15:36:24.334,5.463,0.0,81.9
10,ns=2;s=Channel2.RX3i.A114,A114,2147516416,ns=2;s=Channel2.RX3i.A115,A115,2147516416,2025-02-13 15:36:24.334,5.463,0.0,81.9
11,ns=2;s=Channel2.RX3i.A116,A116,2147516416,ns=2;s=Channel2.RX3i.A117,A117,2147516416,2025-02-13 15:36:24.334,5.463,0.0,81.9
12,ns=2;s=Channel2.RX3i.A118,A118,2147516416,ns=2;s=Channel2.RX3i.A119,A119,2147516416,2025-02-13 15:36:24.334,5.463,100.0,81.9
13,ns=2;s=Channel2.RX3i.A12,A12,2577825792,ns=2;s=Channel2.RX3i.A120,A120,2147516416,2025-02-13 15:36:24.334,5.463,0.0,81.9
14,ns=2;s=Channel2.RX3i.A121,A121,2147516416,ns=2;s=Channel2.RX3i.A122,A122,2147516416,2025-02-13 15:36:24.334,5.463,0.0,81.9
15,ns=2;s=Channel2.RX3i.A123,A123,2147516416,ns=2;s=Channel2.RX3i.A124,A124,2147516416,2025-02-13 15:36:24.334,5.463,0.0,81.9
16,ns=2;s=Channel2.RX3i.A125,A125,2147516416,ns=2;s=Channel2.RX3i.A126,A126,2147516416,2025-02-13 15:36:24.334,5.463,22.2,81.9
17,ns=2;s=Channel2.RX3i.A127,A127,2147516416,ns=2;s=Channel2.RX3i.A128,A128,2580250624,2025-02-13 15:36:24.334,5.463,0.0,81.9
18,ns=2;s=Channel2.RX3i.A129,A129,2147523023,ns=2;s=Channel2.RX3i.A13,A13,2147785173,2025-02-13 15:36:24.334,5.463,0.0,81.9
19,ns=2;s=Channel2.RX3i.A130,A130,2147516416,ns=2;s=Channel2.RX3i.A131,A131,2581692416,2025-02-13 15:36:24.334,5.463,12.5,81.9
20,ns=2;s=Channel2.RX3i.A132,A132,2147523046,ns=2;s=Channel2.RX3i.A133,A133,2147516416,2025-02-13 15:36:24.334,5.463,16.7,81.8
21,ns=2;s=Channel2.RX3i.A134,A134,2147778560,ns=2;s=Channel2.RX3i.A135,A135,2147516420,2025-02-13 15:36:24.334,5.463,50.0,81.8
22,ns=2;s=Channel2.RX3i.A136,A136,2147516416,ns=2;s=Channel2.RX3i.A137,A137,2147516416,2025-02-13 15:36:24.334,5.463,16.7,81.8
23,ns=2;s=Channel2.RX3i.A138,A138,2147647488,ns=2;s=Channel2.RX3i.A139,A139,2147516418,2025-02-13 15:36:24.334,5.463,0.0,81.8
24,ns=2;s=Channel2.RX3i.A14,A14,2147516420,ns=2;s=Channel2.RX3i.A140,A140,2584313856,2025-02-13 15:36:24.334,5.463,0.0,81.8
25,ns=2;s=Channel2.RX3i.A141,A141,2147785230,ns=2;s=Channel2.RX3i.A142,A142,2147516420,2025-02-13 15:36:24.334,5.463,14.3,81.8
1,ns=2;s=Channel2.RX3i.A1,A1,2147523127,ns=2;s=Channel2.RX3i.A10,A10,2147647488,2025-02-13 15:36:29.794,5.459,5.0,80.7
2,ns=2;s=Channel2.RX3i.A100,A100,2147516416,ns=2;s=Channel2.RX3i.A1000,A1000,2147523141,2025-02-13 15:36:29.794,5.459,16.7,80.7
3,ns=2;s=Channel2.RX3i.A101,A101,2588770304,ns=2;s=Channel2.RX3i.A102,A102,2147523154,2025-02-13 15:36:29.794,5.459,0.0,80.7
4,ns=2;s=Channel2.RX3i.A103,A103,32768,ns=2;s=Channel2.RX3i.A104,A104,2147745792,2025-02-13 15:36:29.794,5.459,0.0,80.7
5,ns=2;s=Channel2.RX3i.A105,A105,2147516420,ns=2;s=Channel2.RX3i.A106,A106,2147516416,2025-02-13 15:36:29.794,5.459,0.0,80.7
6,ns=2;s=Channel2.RX3i.A107,A107,2147516416,ns=2;s=Channel2.RX3i.A108,A108,2147647488,2025-02-13 15:36:29.794,5.459,0.0,80.7
7,ns=2;s=Channel2.RX3i.A109,A109,2147516418,ns=2;s=Channel2.RX3i.A11,A11,2147516418,2025-02-13 15:36:29.794,5.459,0.0,80.7
8,ns=2;s=Channel2.RX3i.A110,A110,2591391744,ns=2;s=Channel2.RX3i.A111,A111,2147785338,2025-02-13 15:36:29.794,5.459,0.0,80.7
9,ns=2;s=Channel2.RX3i.A112,A112,2147516420,ns=2;s=Channel2.RX3i.A113,A113,2147516416,2025-02-13 15:36:29.794,5.459,0.0,80.7
10,ns=2;s=Channel2.RX3i.A114,A114,2147516416,ns=2;s=Channel2.RX3i.A115,A115,2147516416,2025-02-13 15:36:29.794,5.459,0.0,80.7
11,ns=2;s=Channel2.RX3i.A116,A116,2147516416,ns=2;s=Channel2.RX3i.A117,A117,2147516416,2025-02-13 15:36:29.794,5.459,0.0,80.7
12,ns=2;s=Channel2.RX3i.A118,A118,2147516416,ns=2;s=Channel2.RX3i.A119,A119,2147516416,2025-02-13 15:36:29.794,5.459,0.0,80.7
13,ns=2;s=Channel2.RX3i.A12,A12,2594275328,ns=2;s=Channel2.RX3i.A120,A120,2147516416,2025-02-13 15:36:29.794,5.459,0.0,80.7
14,ns=2;s=Channel2.RX3i.A121,A121,2147516416,ns=2;s=Channel2.RX3i.A122,A122,2147516416,2025-02-13 15:36:29.794,5.459,14.3,80.7
15,ns=2;s=Channel2.RX3i.A123,A123,2147516416,ns=2;s=Channel2.RX3i.A124,A124,2147516416,2025-02-13 15:36:29.794,5.459,0.0,80.7
16,ns=2;s=Channel2.RX3i.A125,A125,2147516416,ns=2;s=Channel2.RX3i.A126,A126,2147516416,2025-02-13 15:36:29.794,5.459,0.0,80.7
17,ns=2;s=Channel2.RX3i.A127,A127,2147516416,ns=2;s=Channel2.RX3i.A128,A128,2596700160,2025-02-13 15:36:29.794,5.459,0.0,80.7
18,ns=2;s=Channel2.RX3i.A129,A129,2147523275,ns=2;s=Channel2.RX3i.A13,A13,2147785424,2025-02-13 15:36:29.794,5.459,0.0,80.7
19,ns=2;s=Channel2.RX3i.A130,A130,2147516416,ns=2;s=Channel2.RX3i.A131,A131,2598141952,2025-02-13 15:36:29.794,5.459,0.0,80.7
20,ns=2;s=Channel2.RX3i.A132,A132,2147523296,ns=2;s=Channel2.RX3i.A133,A133,2147516416,2025-02-13 15:36:29.794,5.459,0.0,80.7
21,ns=2;s=Channel2.RX3i.A134,A134,2147778560,ns=2;s=Channel2.RX3i.A135,A135,2147516420,2025-02-13 15:36:29.794,5.459,0.0,80.7
22,ns=2;s=Channel2.RX3i.A136,A136,2147516416,ns=2;s=Channel2.RX3i.A137,A137,2147516416,2025-02-13 15:36:29.794,5.459,16.7,80.7
23,ns=2;s=Channel2.RX3i.A138,A138,2147647488,ns=2;s=Channel2.RX3i.A139,A139,2147516418,2025-02-13 15:36:29.794,5.459,0.0,80.7
24,ns=2;s=Channel2.RX3i.A14,A14,2147516420,ns=2;s=Channel2.RX3i.A140,A140,2600697856,2025-02-13 15:36:29.794,5.459,20.0,80.7
25,ns=2;s=Channel2.RX3i.A141,A141,2147785480,ns=2;s=Channel2.RX3i.A142,A142,2147516420,2025-02-13 15:36:29.794,5.459,0.0,80.7
1,ns=2;s=Channel2.RX3i.A1,A1,2147523127,ns=2;s=Channel2.RX3i.A10,A10,2147647488,2025-02-13 15:36:29.792,5.414,5.0,80.7
2,ns=2;s=Channel2.RX3i.A100,A100,2147516416,ns=2;s=Channel2.RX3i.A1000,A1000,2147523141,2025-02-13 15:36:29.792,5.414,16.7,80.7
3,ns=2;s=Channel2.RX3i.A101,A101,2588770304,ns=2;s=Channel2.RX3i.A102,A102,2147523154,2025-02-13 15:36:29.792,5.414,0.0,80.7
4,ns=2;s=Channel2.RX3i.A103,A103,32768,ns=2;s=Channel2.RX3i.A104,A104,2147745792,2025-02-13 15:36:29.792,5.414,0.0,80.7
5,ns=2;s=Channel2.RX3i.A105,A105,2147516420,ns=2;s=Channel2.RX3i.A106,A106,2147516416,2025-02-13 15:36:29.792,5.414,0.0,80.7
6,ns=2;s=Channel2.RX3i.A107,A107,2147516416,ns=2;s=Channel2.RX3i.A108,A108,2147647488,2025-02-13 15:36:29.792,5.414,0.0,80.7
7,ns=2;s=Channel2.RX3i.A109,A109,2147516418,ns=2;s=Channel2.RX3i.A11,A11,2147516418,2025-02-13 15:36:29.792,5.414,0.0,80.7
8,ns=2;s=Channel2.RX3i.A110,A110,2591391744,ns=2;s=Channel2.RX3i.A111,A111,2147785338,2025-02-13 15:36:29.792,5.414,0.0,80.7
9,ns=2;s=Channel2.RX3i.A112,A112,2147516420,ns=2;s=Channel2.RX3i.A113,A113,2147516416,2025-02-13 15:36:29.792,5.414,0.0,80.7
10,ns=2;s=Channel2.RX3i.A114,A114,2147516416,ns=2;s=Channel2.RX3i.A115,A115,2147516416,2025-02-13 15:36:29.792,5.414,0.0,80.7
11,ns=2;s=Channel2.RX3i.A116,A116,2147516416,ns=2;s=Channel2.RX3i.A117,A117,2147516416,2025-02-13 15:36:29.792,5.414,0.0,80.7
12,ns=2;s=Channel2.RX3i.A118,A118,2147516416,ns=2;s=Channel2.RX3i.A119,A119,2147516416,2025-02-13 15:36:29.792,5.414,0.0,80.7
13,ns=2;s=Channel2.RX3i.A12,A12,2594275328,ns=2;s=Channel2.RX3i.A120,A120,2147516416,2025-02-13 15:36:29.792,5.414,0.0,80.7
14,ns=2;s=Channel2.RX3i.A121,A121,2147516416,ns=2;s=Channel2.RX3i.A122,A122,2147516416,2025-02-13 15:36:29.792,5.414,14.3,80.7
15,ns=2;s=Channel2.RX3i.A123,A123,2147516416,ns=2;s=Channel2.RX3i.A124,A124,2147516416,2025-02-13 15:36:29.792,5.414,0.0,80.7
16,ns=2;s=Channel2.RX3i.A125,A125,2147516416,ns=2;s=Channel2.RX3i.A126,A126,2147516416,2025-02-13 15:36:29.792,5.414,0.0,80.7
17,ns=2;s=Channel2.RX3i.A127,A127,2147516416,ns=2;s=Channel2.RX3i.A128,A128,2596700160,2025-02-13 15:36:29.792,5.414,0.0,80.7
18,ns=2;s=Channel2.RX3i.A129,A129,2147523275,ns=2;s=Channel2.RX3i.A13,A13,2147785424,2025-02-13 15:36:29.792,5.414,0.0,80.7
19,ns=2;s=Channel2.RX3i.A130,A130,2147516416,ns=2;s=Channel2.RX3i.A131,A131,2598141952,2025-02-13 15:36:29.792,5.414,0.0,80.7
20,ns=2;s=Channel2.RX3i.A132,A132,2147523296,ns=2;s=Channel2.RX3i.A133,A133,2147516416,2025-02-13 15:36:29.792,5.414,0.0,80.7
21,ns=2;s=Channel2.RX3i.A134,A134,2147778560,ns=2;s=Channel2.RX3i.A135,A135,2147516420,2025-02-13 15:36:29.792,5.414,0.0,80.7
22,ns=2;s=Channel2.RX3i.A136,A136,2147516416,ns=2;s=Channel2.RX3i.A137,A137,2147516416,2025-02-13 15:36:29.792,5.414,20.0,80.7
23,ns=2;s=Channel2.RX3i.A138,A138,2147647488,ns=2;s=Channel2.RX3i.A139,A139,2147516418,2025-02-13 15:36:29.792,5.414,0.0,80.7
24,ns=2;s=Channel2.RX3i.A14,A14,2147516420,ns=2;s=Channel2.RX3i.A140,A140,2600697856,2025-02-13 15:36:29.792,5.414,12.5,80.7
25,ns=2;s=Channel2.RX3i.A141,A141,2147785480,ns=2;s=Channel2.RX3i.A142,A142,2147516420,2025-02-13 15:36:29.792,5.414,0.0,80.7
1,ns=2;s=Channel2.RX3i.A1,A1,2147523379,ns=2;s=Channel2.RX3i.A10,A10,2147647488,2025-02-13 15:36:35.278,5.487,5.9,80.8
2,ns=2;s=Channel2.RX3i.A100,A100,2147516416,ns=2;s=Channel2.RX3i.A1000,A1000,2147523393,2025-02-13 15:36:35.278,5.487,0.0,80.8
3,ns=2;s=Channel2.RX3i.A101,A101,2605285376,ns=2;s=Channel2.RX3i.A102,A102,2147523405,2025-02-13 15:36:35.278,5.487,0.0,80.8
4,ns=2;s=Channel2.RX3i.A103,A103,32768,ns=2;s=Channel2.RX3i.A104,A104,2147745792,2025-02-13 15:36:35.278,5.487,0.0,80.8
5,ns=2;s=Channel2.RX3i.A105,A105,2147516420,ns=2;s=Channel2.RX3i.A106,A106,2147516416,2025-02-13 15:36:35.278,5.487,0.0,80.8
6,ns=2;s=Channel2.RX3i.A107,A107,2147516416,ns=2;s=Channel2.RX3i.A108,A108,2147647488,2025-02-13 15:36:35.278,5.487,0.0,80.8
7,ns=2;s=Channel2.RX3i.A109,A109,2147516418,ns=2;s=Channel2.RX3i.A11,A11,2147516418,2025-02-13 15:36:35.278,5.487,0.0,80.8
8,ns=2;s=Channel2.RX3i.A110,A110,2607972352,ns=2;s=Channel2.RX3i.A111,A111,2147785590,2025-02-13 15:36:35.278,5.487,0.0,80.8
9,ns=2;s=Channel2.RX3i.A112,A112,2147516420,ns=2;s=Channel2.RX3i.A113,A113,2147516416,2025-02-13 15:36:35.278,5.487,0.0,80.8
10,ns=2;s=Channel2.RX3i.A114,A114,2147516416,ns=2;s=Channel2.RX3i.A115,A115,2147516416,2025-02-13 15:36:35.278,5.487,100.0,80.8
11,ns=2;s=Channel2.RX3i.A116,A116,2147516416,ns=2;s=Channel2.RX3i.A117,A117,2147516416,2025-02-13 15:36:35.278,5.487,0.0,80.8
12,ns=2;s=Channel2.RX3i.A118,A118,2147516416,ns=2;s=Channel2.RX3i.A119,A119,2147516416,2025-02-13 15:36:35.278,5.487,0.0,80.8
13,ns=2;s=Channel2.RX3i.A12,A12,2610790400,ns=2;s=Channel2.RX3i.A120,A120,2147516416,2025-02-13 15:36:35.278,5.487,0.0,80.8
14,ns=2;s=Channel2.RX3i.A121,A121,2147516416,ns=2;s=Channel2.RX3i.A122,A122,2147516416,2025-02-13 15:36:35.278,5.487,0.0,80.8
15,ns=2;s=Channel2.RX3i.A123,A123,2147516416,ns=2;s=Channel2.RX3i.A124,A124,2147516416,2025-02-13 15:36:35.278,5.487,33.3,80.8
16,ns=2;s=Channel2.RX3i.A125,A125,2147516416,ns=2;s=Channel2.RX3i.A126,A126,2147516416,2025-02-13 15:36:35.278,5.487,0.0,80.8
17,ns=2;s=Channel2.RX3i.A127,A127,2147516416,ns=2;s=Channel2.RX3i.A128,A128,2613346304,2025-02-13 15:36:35.278,5.487,0.0,80.8
18,ns=2;s=Channel2.RX3i.A129,A129,2147523528,ns=2;s=Channel2.RX3i.A13,A13,2147785677,2025-02-13 15:36:35.278,5.487,0.0,80.8
19,ns=2;s=Channel2.RX3i.A130,A130,2147516416,ns=2;s=Channel2.RX3i.A131,A131,2614722560,2025-02-13 15:36:35.278,5.487,0.0,80.8
20,ns=2;s=Channel2.RX3i.A132,A132,2147523549,ns=2;s=Channel2.RX3i.A133,A133,2147516416,2025-02-13 15:36:35.278,5.487,0.0,80.8
21,ns=2;s=Channel2.RX3i.A134,A134,2147778560,ns=2;s=Channel2.RX3i.A135,A135,2147516420,2025-02-13 15:36:35.278,5.487,0.0,80.8
22,ns=2;s=Channel2.RX3i.A136,A136,2147516416,ns=2;s=Channel2.RX3i.A137,A137,2147516416,2025-02-13 15:36:35.278,5.487,0.0,80.8
23,ns=2;s=Channel2.RX3i.A138,A138,2147647488,ns=2;s=Channel2.RX3i.A139,A139,2147516418,2025-02-13 15:36:35.278,5.487,0.0,80.8
24,ns=2;s=Channel2.RX3i.A14,A14,2147516420,ns=2;s=Channel2.RX3i.A140,A140,2617344000,2025-02-13 15:36:35.278,5.487,12.5,80.8
25,ns=2;s=Channel2.RX3i.A141,A141,2147785734,ns=2;s=Channel2.RX3i.A142,A142,2147516420,2025-02-13 15:36:35.278,5.487,0.0,80.8
1,ns=2;s=Channel2.RX3i.A1,A1,2147523379,ns=2;s=Channel2.RX3i.A10,A10,2147647488,2025-02-13 15:36:35.279,5.485,5.9,80.8
2,ns=2;s=Channel2.RX3i.A100,A100,2147516416,ns=2;s=Channel2.RX3i.A1000,A1000,2147523393,2025-02-13 15:36:35.279,5.485,0.0,80.8
3,ns=2;s=Channel2.RX3i.A101,A101,2605285376,ns=2;s=Channel2.RX3i.A102,A102,2147523405,2025-02-13 15:36:35.279,5.485,0.0,80.8
4,ns=2;s=Channel2.RX3i.A103,A103,32768,ns=2;s=Channel2.RX3i.A104,A104,2147745792,2025-02-13 15:36:35.279,5.485,0.0,80.8
5,ns=2;s=Channel2.RX3i.A105,A105,2147516420,ns=2;s=Channel2.RX3i.A106,A106,2147516416,2025-02-13 15:36:35.279,5.485,0.0,80.8
6,ns=2;s=Channel2.RX3i.A107,A107,2147516416,ns=2;s=Channel2.RX3i.A108,A108,2147647488,2025-02-13 15:36:35.279,5.485,0.0,80.8
7,ns=2;s=Channel2.RX3i.A109,A109,2147516418,ns=2;s=Channel2.RX3i.A11,A11,2147516418,2025-02-13 15:36:35.279,5.485,0.0,80.8
8,ns=2;s=Channel2.RX3i.A110,A110,2607972352,ns=2;s=Channel2.RX3i.A111,A111,2147785590,2025-02-13 15:36:35.279,5.485,0.0,80.8
9,ns=2;s=Channel2.RX3i.A112,A112,2147516420,ns=2;s=Channel2.RX3i.A113,A113,2147516416,2025-02-13 15:36:35.279,5.485,0.0,80.8
10,ns=2;s=Channel2.RX3i.A114,A114,2147516416,ns=2;s=Channel2.RX3i.A115,A115,2147516416,2025-02-13 15:36:35.279,5.485,33.3,80.8
11,ns=2;s=Channel2.RX3i.A116,A116,2147516416,ns=2;s=Channel2.RX3i.A117,A117,2147516416,2025-02-13 15:36:35.279,5.485,0.0,80.8
12,ns=2;s=Channel2.RX3i.A118,A118,2147516416,ns=2;s=Channel2.RX3i.A119,A119,2147516416,2025-02-13 15:36:35.279,5.485,0.0,80.8
13,ns=2;s=Channel2.RX3i.A12,A12,2610790400,ns=2;s=Channel2.RX3i.A120,A120,2147516416,2025-02-13 15:36:35.279,5.485,0.0,80.8
14,ns=2;s=Channel2.RX3i.A121,A121,2147516416,ns=2;s=Channel2.RX3i.A122,A122,2147516416,2025-02-13 15:36:35.279,5.485,0.0,80.8
15,ns=2;s=Channel2.RX3i.A123,A123,2147516416,ns=2;s=Channel2.RX3i.A124,A124,2147516416,2025-02-13 15:36:35.279,5.485,12.5,80.8
16,ns=2;s=Channel2.RX3i.A125,A125,2147516416,ns=2;s=Channel2.RX3i.A126,A126,2147516416,2025-02-13 15:36:35.279,5.485,0.0,80.8
17,ns=2;s=Channel2.RX3i.A127,A127,2147516416,ns=2;s=Channel2.RX3i.A128,A128,2613346304,2025-02-13 15:36:35.279,5.485,0.0,80.8
18,ns=2;s=Channel2.RX3i.A129,A129,2147523528,ns=2;s=Channel2.RX3i.A13,A13,2147785677,2025-02-13 15:36:35.279,5.485,0.0,80.8
19,ns=2;s=Channel2.RX3i.A130,A130,2147516416,ns=2;s=Channel2.RX3i.A131,A131,2614722560,2025-02-13 15:36:35.279,5.485,0.0,80.8
20,ns=2;s=Channel2.RX3i.A132,A132,2147523549,ns=2;s=Channel2.RX3i.A133,A133,2147516416,2025-02-13 15:36:35.279,5.485,0.0,80.8
21,ns=2;s=Channel2.RX3i.A134,A134,2147778560,ns=2;s=Channel2.RX3i.A135,A135,2147516420,2025-02-13 15:36:35.279,5.485,0.0,80.8
22,ns=2;s=Channel2.RX3i.A136,A136,2147516416,ns=2;s=Channel2.RX3i.A137,A137,2147516416,2025-02-13 15:36:35.279,5.485,0.0,80.8
23,ns=2;s=Channel2.RX3i.A138,A138,2147647488,ns=2;s=Channel2.RX3i.A139,A139,2147516418,2025-02-13 15:36:35.279,5.485,0.0,80.8
24,ns=2;s=Channel2.RX3i.A14,A14,2147516420,ns=2;s=Channel2.RX3i.A140,A140,2617344000,2025-02-13 15:36:35.279,5.485,14.3,80.8
25,ns=2;s=Channel2.RX3i.A141,A141,2147785734,ns=2;s=Channel2.RX3i.A142,A142,2147516420,2025-02-13 15:36:35.279,5.485,0.0,80.8
1,ns=2;s=Channel2.RX3i.A1,A1,2147523633,ns=2;s=Channel2.RX3i.A10,A10,2147647488,2025-02-13 15:36:40.797,5.519,6.7,80.9
2,ns=2;s=Channel2.RX3i.A100,A100,2147516416,ns=2;s=Channel2.RX3i.A1000,A1000,2147523646,2025-02-13 15:36:40.797,5.519,25.0,80.9
3,ns=2;s=Channel2.RX3i.A101,A101,2621931520,ns=2;s=Channel2.RX3i.A102,A102,2147523659,2025-02-13 15:36:40.797,5.519,0.0,80.9
4,ns=2;s=Channel2.RX3i.A103,A103,32768,ns=2;s=Channel2.RX3i.A104,A104,2147745792,2025-02-13 15:36:40.797,5.519,0.0,80.9
5,ns=2;s=Channel2.RX3i.A105,A105,2147516420,ns=2;s=Channel2.RX3i.A106,A106,2147516416,2025-02-13 15:36:40.797,5.519,12.5,80.9
6,ns=2;s=Channel2.RX3i.A107,A107,2147516416,ns=2;s=Channel2.RX3i.A108,A108,2147647488,2025-02-13 15:36:40.797,5.519,0.0,80.9
7,ns=2;s=Channel2.RX3i.A109,A109,2147516418,ns=2;s=Channel2.RX3i.A11,A11,2147516418,2025-02-13 15:36:40.797,5.519,25.0,80.9
8,ns=2;s=Channel2.RX3i.A110,A110,2624618496,ns=2;s=Channel2.RX3i.A111,A111,2147785844,2025-02-13 15:36:40.797,5.519,0.0,80.9
9,ns=2;s=Channel2.RX3i.A112,A112,2147516420,ns=2;s=Channel2.RX3i.A113,A113,2147516416,2025-02-13 15:36:40.797,5.519,16.7,80.9
10,ns=2;s=Channel2.RX3i.A114,A114,2147516416,ns=2;s=Channel2.RX3i.A115,A115,2147516416,2025-02-13 15:36:40.797,5.519,0.0,80.9
11,ns=2;s=Channel2.RX3i.A116,A116,2147516416,ns=2;s=Channel2.RX3i.A117,A117,2147516416,2025-02-13 15:36:40.797,5.519,0.0,80.9
12,ns=2;s=Channel2.RX3i.A118,A118,2147516416,ns=2;s=Channel2.RX3i.A119,A119,2147516416,2025-02-13 15:36:40.797,5.519,0.0,80.9
13,ns=2;s=Channel2.RX3i.A12,A12,2627502080,ns=2;s=Channel2.RX3i.A120,A120,2147516416,2025-02-13 15:36:40.797,5.519,0.0,80.9
14,ns=2;s=Channel2.RX3i.A121,A121,2147516416,ns=2;s=Channel2.RX3i.A122,A122,2147516416,2025-02-13 15:36:40.797,5.519,0.0,80.9
15,ns=2;s=Channel2.RX3i.A123,A123,2147516416,ns=2;s=Channel2.RX3i.A124,A124,2147516416,2025-02-13 15:36:40.797,5.519,0.0,80.9
16,ns=2;s=Channel2.RX3i.A125,A125,2147516416,ns=2;s=Channel2.RX3i.A126,A126,2147516416,2025-02-13 15:36:40.797,5.519,0.0,80.9
17,ns=2;s=Channel2.RX3i.A127,A127,2147516416,ns=2;s=Channel2.RX3i.A128,A128,2629992448,2025-02-13 15:36:40.797,5.519,0.0,80.9
18,ns=2;s=Channel2.RX3i.A129,A129,2147523782,ns=2;s=Channel2.RX3i.A13,A13,2147785932,2025-02-13 15:36:40.797,5.519,0.0,80.9
19,ns=2;s=Channel2.RX3i.A130,A130,2147516416,ns=2;s=Channel2.RX3i.A131,A131,2631368704,2025-02-13 15:36:40.797,5.519,12.5,80.9
20,ns=2;s=Channel2.RX3i.A132,A132,2147523803,ns=2;s=Channel2.RX3i.A133,A133,2147516416,2025-02-13 15:36:40.797,5.519,0.0,80.9
21,ns=2;s=Channel2.RX3i.A134,A134,2147778560,ns=2;s=Channel2.RX3i.A135,A135,2147516420,2025-02-13 15:36:40.797,5.519,0.0,80.9
22,ns=2;s=Channel2.RX3i.A136,A136,2147516416,ns=2;s=Channel2.RX3i.A137,A137,2147516416,2025-02-13 15:36:40.797,5.519,0.0,80.9
23,ns=2;s=Channel2.RX3i.A138,A138,2147647488,ns=2;s=Channel2.RX3i.A139,A139,2147516418,2025-02-13 15:36:40.797,5.519,25.0,80.9
24,ns=2;s=Channel2.RX3i.A14,A14,2147516420,ns=2;s=Channel2.RX3i.A140,A140,2633990144,2025-02-13 15:36:40.797,5.519,12.5,80.9
25,ns=2;s=Channel2.RX3i.A141,A141,2147785987,ns=2;s=Channel2.RX3i.A142,A142,2147516420,2025-02-13 15:36:40.797,5.519,0.0,80.9
1,ns=2;s=Channel2.RX3i.A1,A1,2147523633,ns=2;s=Channel2.RX3i.A10,A10,2147647488,2025-02-13 15:36:40.798,5.519,6.7,80.9
2,ns=2;s=Channel2.RX3i.A100,A100,2147516416,ns=2;s=Channel2.RX3i.A1000,A1000,2147523646,2025-02-13 15:36:40.798,5.519,25.0,80.9
3,ns=2;s=Channel2.RX3i.A101,A101,2621931520,ns=2;s=Channel2.RX3i.A102,A102,2147523659,2025-02-13 15:36:40.798,5.519,0.0,80.9
4,ns=2;s=Channel2.RX3i.A103,A103,32768,ns=2;s=Channel2.RX3i.A104,A104,2147745792,2025-02-13 15:36:40.798,5.519,0.0,80.9
5,ns=2;s=Channel2.RX3i.A105,A105,2147516420,ns=2;s=Channel2.RX3i.A106,A106,2147516416,2025-02-13 15:36:40.798,5.519,50.0,80.9
6,ns=2;s=Channel2.RX3i.A107,A107,2147516416,ns=2;s=Channel2.RX3i.A108,A108,2147647488,2025-02-13 15:36:40.798,5.519,0.0,80.9
7,ns=2;s=Channel2.RX3i.A109,A109,2147516418,ns=2;s=Channel2.RX3i.A11,A11,2147516418,2025-02-13 15:36:40.798,5.519,16.7,80.9
8,ns=2;s=Channel2.RX3i.A110,A110,2624618496,ns=2;s=Channel2.RX3i.A111,A111,2147785844,2025-02-13 15:36:40.798,5.519,0.0,80.9
9,ns=2;s=Channel2.RX3i.A112,A112,2147516420,ns=2;s=Channel2.RX3i.A113,A113,2147516416,2025-02-13 15:36:40.798,5.519,12.5,80.9
10,ns=2;s=Channel2.RX3i.A114,A114,2147516416,ns=2;s=Channel2.RX3i.A115,A115,2147516416,2025-02-13 15:36:40.798,5.519,0.0,80.9
11,ns=2;s=Channel2.RX3i.A116,A116,2147516416,ns=2;s=Channel2.RX3i.A117,A117,2147516416,2025-02-13 15:36:40.798,5.519,0.0,80.9
12,ns=2;s=Channel2.RX3i.A118,A118,2147516416,ns=2;s=Channel2.RX3i.A119,A119,2147516416,2025-02-13 15:36:40.798,5.519,0.0,80.9
13,ns=2;s=Channel2.RX3i.A12,A12,2627502080,ns=2;s=Channel2.RX3i.A120,A120,2147516416,2025-02-13 15:36:40.798,5.519,0.0,80.9
14,ns=2;s=Channel2.RX3i.A121,A121,2147516416,ns=2;s=Channel2.RX3i.A122,A122,2147516416,2025-02-13 15:36:40.798,5.519,0.0,80.9
15,ns=2;s=Channel2.RX3i.A123,A123,2147516416,ns=2;s=Channel2.RX3i.A124,A124,2147516416,2025-02-13 15:36:40.798,5.519,0.0,80.9
16,ns=2;s=Channel2.RX3i.A125,A125,2147516416,ns=2;s=Channel2.RX3i.A126,A126,2147516416,2025-02-13 15:36:40.798,5.519,0.0,80.9
17,ns=2;s=Channel2.RX3i.A127,A127,2147516416,ns=2;s=Channel2.RX3i.A128,A128,2629992448,2025-02-13 15:36:40.798,5.519,0.0,80.9
18,ns=2;s=Channel2.RX3i.A129,A129,2147523782,ns=2;s=Channel2.RX3i.A13,A13,2147785932,2025-02-13 15:36:40.798,5.519,0.0,80.9
19,ns=2;s=Channel2.RX3i.A130,A130,2147516416,ns=2;s=Channel2.RX3i.A131,A131,2631368704,2025-02-13 15:36:40.798,5.519,12.5,80.9
20,ns=2;s=Channel2.RX3i.A132,A132,2147523803,ns=2;s=Channel2.RX3i.A133,A133,2147516416,2025-02-13 15:36:40.798,5.519,0.0,80.9
21,ns=2;s=Channel2.RX3i.A134,A134,2147778560,ns=2;s=Channel2.RX3i.A135,A135,2147516420,2025-02-13 15:36:40.798,5.519,0.0,80.9
22,ns=2;s=Channel2.RX3i.A136,A136,2147516416,ns=2;s=Channel2.RX3i.A137,A137,2147516416,2025-02-13 15:36:40.798,5.519,0.0,80.9
23,ns=2;s=Channel2.RX3i.A138,A138,2147647488,ns=2;s=Channel2.RX3i.A139,A139,2147516418,2025-02-13 15:36:40.798,5.519,0.0,80.9
24,ns=2;s=Channel2.RX3i.A14,A14,2147516420,ns=2;s=Channel2.RX3i.A140,A140,2633990144,2025-02-13 15:36:40.798,5.519,22.2,80.9
25,ns=2;s=Channel2.RX3i.A141,A141,2147785987,ns=2;s=Channel2.RX3i.A142,A142,2147516420,2025-02-13 15:36:40.798,5.519,0.0,80.9
1,ns=2;s=Channel2.RX3i.A1,A1,2147523887,ns=2;s=Channel2.RX3i.A10,A10,2147647488,2025-02-13 15:36:46.336,5.539,4.9,81.0
2,ns=2;s=Channel2.RX3i.A100,A100,2147516416,ns=2;s=Channel2.RX3i.A1000,A1000,2147523900,2025-02-13 15:36:46.336,5.539,12.5,81.0
3,ns=2;s=Channel2.RX3i.A101,A101,2638577664,ns=2;s=Channel2.RX3i.A102,A102,2147523913,2025-02-13 15:36:46.336,5.539,0.0,81.0
4,ns=2;s=Channel2.RX3i.A103,A103,32768,ns=2;s=Channel2.RX3i.A104,A104,2147745792,2025-02-13 15:36:46.336,5.539,0.0,81.0
5,ns=2;s=Channel2.RX3i.A105,A105,2147516420,ns=2;s=Channel2.RX3i.A106,A106,2147516416,2025-02-13 15:36:46.336,5.539,0.0,81.0
6,ns=2;s=Channel2.RX3i.A107,A107,2147516416,ns=2;s=Channel2.RX3i.A108,A108,2147647488,2025-02-13 15:36:46.336,5.539,0.0,81.0
7,ns=2;s=Channel2.RX3i.A109,A109,2147516418,ns=2;s=Channel2.RX3i.A11,A11,2147516418,2025-02-13 15:36:46.336,5.539,14.3,81.0
8,ns=2;s=Channel2.RX3i.A110,A110,2641199104,ns=2;s=Channel2.RX3i.A111,A111,2147786097,2025-02-13 15:36:46.336,5.539,28.6,81.0
9,ns=2;s=Channel2.RX3i.A112,A112,2147516420,ns=2;s=Channel2.RX3i.A113,A113,2147516416,2025-02-13 15:36:46.336,5.539,0.0,81.0
10,ns=2;s=Channel2.RX3i.A114,A114,2147516416,ns=2;s=Channel2.RX3i.A115,A115,2147516416,2025-02-13 15:36:46.336,5.539,33.3,81.0
11,ns=2;s=Channel2.RX3i.A116,A116,2147516416,ns=2;s=Channel2.RX3i.A117,A117,2147516416,2025-02-13 15:36:46.336,5.539,0.0,81.0
12,ns=2;s=Channel2.RX3i.A118,A118,2147516416,ns=2;s=Channel2.RX3i.A119,A119,2147516416,2025-02-13 15:36:46.336,5.539,12.5,81.0
13,ns=2;s=Channel2.RX3i.A12,A12,2644017152,ns=2;s=Channel2.RX3i.A120,A120,2147516416,2025-02-13 15:36:46.336,5.539,20.0,81.0
14,ns=2;s=Channel2.RX3i.A121,A121,2147516416,ns=2;s=Channel2.RX3i.A122,A122,2147516416,2025-02-13 15:36:46.336,5.539,0.0,80.9
15,ns=2;s=Channel2.RX3i.A123,A123,2147516416,ns=2;s=Channel2.RX3i.A124,A124,2147516416,2025-02-13 15:36:46.336,5.539,0.0,80.9
16,ns=2;s=Channel2.RX3i.A125,A125,2147516416,ns=2;s=Channel2.RX3i.A126,A126,2147516416,2025-02-13 15:36:46.336,5.539,0.0,80.9
17,ns=2;s=Channel2.RX3i.A127,A127,2147516416,ns=2;s=Channel2.RX3i.A128,A128,2646573056,2025-02-13 15:36:46.336,5.539,16.7,80.9
18,ns=2;s=Channel2.RX3i.A129,A129,2147524035,ns=2;s=Channel2.RX3i.A13,A13,2147786184,2025-02-13 15:36:46.336,5.539,0.0,80.9
19,ns=2;s=Channel2.RX3i.A130,A130,2147516416,ns=2;s=Channel2.RX3i.A131,A131,2647949312,2025-02-13 15:36:46.336,5.539,14.3,80.9
20,ns=2;s=Channel2.RX3i.A132,A132,2147524056,ns=2;s=Channel2.RX3i.A133,A133,2147516416,2025-02-13 15:36:46.336,5.539,0.0,80.9
21,ns=2;s=Channel2.RX3i.A134,A134,2147778560,ns=2;s=Channel2.RX3i.A135,A135,2147516420,2025-02-13 15:36:46.336,5.539,0.0,80.9
22,ns=2;s=Channel2.RX3i.A136,A136,2147516416,ns=2;s=Channel2.RX3i.A137,A137,2147516416,2025-02-13 15:36:46.336,5.539,0.0,80.9
23,ns=2;s=Channel2.RX3i.A138,A138,2147647488,ns=2;s=Channel2.RX3i.A139,A139,2147516418,2025-02-13 15:36:46.336,5.539,16.7,80.9
24,ns=2;s=Channel2.RX3i.A14,A14,2147516420,ns=2;s=Channel2.RX3i.A140,A140,2650570752,2025-02-13 15:36:46.336,5.539,0.0,80.9
25,ns=2;s=Channel2.RX3i.A141,A141,2147786241,ns=2;s=Channel2.RX3i.A142,A142,2147516420,2025-02-13 15:36:46.336,5.539,12.5,80.9
1,ns=2;s=Channel2.RX3i.A1,A1,2147523887,ns=2;s=Channel2.RX3i.A10,A10,2147647488,2025-02-13 15:36:46.337,5.54,4.9,81.0
2,ns=2;s=Channel2.RX3i.A100,A100,2147516416,ns=2;s=Channel2.RX3i.A1000,A1000,2147523900,2025-02-13 15:36:46.337,5.54,12.5,81.0
3,ns=2;s=Channel2.RX3i.A101,A101,2638577664,ns=2;s=Channel2.RX3i.A102,A102,2147523913,2025-02-13 15:36:46.337,5.54,0.0,81.0
4,ns=2;s=Channel2.RX3i.A103,A103,32768,ns=2;s=Channel2.RX3i.A104,A104,2147745792,2025-02-13 15:36:46.337,5.54,0.0,81.0
5,ns=2;s=Channel2.RX3i.A105,A105,2147516420,ns=2;s=Channel2.RX3i.A106,A106,2147516416,2025-02-13 15:36:46.337,5.54,0.0,81.0
6,ns=2;s=Channel2.RX3i.A107,A107,2147516416,ns=2;s=Channel2.RX3i.A108,A108,2147647488,2025-02-13 15:36:46.337,5.54,0.0,81.0
7,ns=2;s=Channel2.RX3i.A109,A109,2147516418,ns=2;s=Channel2.RX3i.A11,A11,2147516418,2025-02-13 15:36:46.337,5.54,14.3,81.0
8,ns=2;s=Channel2.RX3i.A110,A110,2641199104,ns=2;s=Channel2.RX3i.A111,A111,2147786097,2025-02-13 15:36:46.337,5.54,16.7,81.0
9,ns=2;s=Channel2.RX3i.A112,A112,2147516420,ns=2;s=Channel2.RX3i.A113,A113,2147516416,2025-02-13 15:36:46.337,5.54,33.3,81.0
10,ns=2;s=Channel2.RX3i.A114,A114,2147516416,ns=2;s=Channel2.RX3i.A115,A115,2147516416,2025-02-13 15:36:46.337,5.54,33.3,81.0
11,ns=2;s=Channel2.RX3i.A116,A116,2147516416,ns=2;s=Channel2.RX3i.A117,A117,2147516416,2025-02-13 15:36:46.337,5.54,0.0,81.0
12,ns=2;s=Channel2.RX3i.A118,A118,2147516416,ns=2;s=Channel2.RX3i.A119,A119,2147516416,2025-02-13 15:36:46.337,5.54,12.5,81.0
13,ns=2;s=Channel2.RX3i.A12,A12,2644017152,ns=2;s=Channel2.RX3i.A120,A120,2147516416,2025-02-13 15:36:46.337,5.54,20.0,81.0
14,ns=2;s=Channel2.RX3i.A121,A121,2147516416,ns=2;s=Channel2.RX3i.A122,A122,2147516416,2025-02-13 15:36:46.337,5.54,0.0,80.9
15,ns=2;s=Channel2.RX3i.A123,A123,2147516416,ns=2;s=Channel2.RX3i.A124,A124,2147516416,2025-02-13 15:36:46.337,5.54,0.0,80.9
16,ns=2;s=Channel2.RX3i.A125,A125,2147516416,ns=2;s=Channel2.RX3i.A126,A126,2147516416,2025-02-13 15:36:46.337,5.54,0.0,80.9
17,ns=2;s=Channel2.RX3i.A127,A127,2147516416,ns=2;s=Channel2.RX3i.A128,A128,2646573056,2025-02-13 15:36:46.337,5.54,12.5,80.9
18,ns=2;s=Channel2.RX3i.A129,A129,2147524035,ns=2;s=Channel2.RX3i.A13,A13,2147786184,2025-02-13 15:36:46.337,5.54,0.0,80.9
19,ns=2;s=Channel2.RX3i.A130,A130,2147516416,ns=2;s=Channel2.RX3i.A131,A131,2647949312,2025-02-13 15:36:46.337,5.54,14.3,80.9
20,ns=2;s=Channel2.RX3i.A132,A132,2147524056,ns=2;s=Channel2.RX3i.A133,A133,2147516416,2025-02-13 15:36:46.337,5.54,0.0,80.9
21,ns=2;s=Channel2.RX3i.A134,A134,2147778560,ns=2;s=Channel2.RX3i.A135,A135,2147516420,2025-02-13 15:36:46.337,5.54,0.0,80.9
22,ns=2;s=Channel2.RX3i.A136,A136,2147516416,ns=2;s=Channel2.RX3i.A137,A137,2147516416,2025-02-13 15:36:46.337,5.54,0.0,80.9
23,ns=2;s=Channel2.RX3i.A138,A138,2147647488,ns=2;s=Channel2.RX3i.A139,A139,2147516418,2025-02-13 15:36:46.337,5.54,12.5,80.9
24,ns=2;s=Channel2.RX3i.A14,A14,2147516420,ns=2;s=Channel2.RX3i.A140,A140,2650570752,2025-02-13 15:36:46.337,5.54,14.3,80.9
25,ns=2;s=Channel2.RX3i.A141,A141,2147786241,ns=2;s=Channel2.RX3i.A142,A142,2147516420,2025-02-13 15:36:46.337,5.54,0.0,80.9
1,ns=2;s=Channel2.RX3i.A1,A1,2147524139,ns=2;s=Channel2.RX3i.A10,A10,2147647488,2025-02-13 15:36:51.836,5.499,5.5,81.4
2,ns=2;s=Channel2.RX3i.A100,A100,2147516416,ns=2;s=Channel2.RX3i.A1000,A1000,2147524153,2025-02-13 15:36:51.836,5.499,14.3,81.4
3,ns=2;s=Channel2.RX3i.A101,A101,2655092736,ns=2;s=Channel2.RX3i.A102,A102,2147524165,2025-02-13 15:36:51.836,5.499,0.0,81.4
4,ns=2;s=Channel2.RX3i.A103,A103,32768,ns=2;s=Channel2.RX3i.A104,A104,2147745792,2025-02-13 15:36:51.836,5.499,14.3,81.4
5,ns=2;s=Channel2.RX3i.A105,A105,2147516420,ns=2;s=Channel2.RX3i.A106,A106,2147516416,2025-02-13 15:36:51.836,5.499,0.0,81.4
6,ns=2;s=Channel2.RX3i.A107,A107,2147516416,ns=2;s=Channel2.RX3i.A108,A108,2147647488,2025-02-13 15:36:51.836,5.499,0.0,81.4
7,ns=2;s=Channel2.RX3i.A109,A109,2147516418,ns=2;s=Channel2.RX3i.A11,A11,2147516418,2025-02-13 15:36:51.836,5.499,16.7,81.4
8,ns=2;s=Channel2.RX3i.A110,A110,2657779712,ns=2;s=Channel2.RX3i.A111,A111,2147786350,2025-02-13 15:36:51.836,5.499,0.0,81.4
9,ns=2;s=Channel2.RX3i.A112,A112,2147516420,ns=2;s=Channel2.RX3i.A113,A113,2147516416,2025-02-13 15:36:51.836,5.499,20.0,81.4
10,ns=2;s=Channel2.RX3i.A114,A114,2147516416,ns=2;s=Channel2.RX3i.A115,A115,2147516416,2025-02-13 15:36:51.836,5.499,0.0,81.4
11,ns=2;s=Channel2.RX3i.A116,A116,2147516416,ns=2;s=Channel2.RX3i.A117,A117,2147516416,2025-02-13 15:36:51.836,5.499,12.5,81.4
12,ns=2;s=Channel2.RX3i.A118,A118,2147516416,ns=2;s=Channel2.RX3i.A119,A119,2147516416,2025-02-13 15:36:51.836,5.499,33.3,81.4
13,ns=2;s=Channel2.RX3i.A12,A12,2660597760,ns=2;s=Channel2.RX3i.A120,A120,2147516416,2025-02-13 15:36:51.836,5.499,0.0,81.4
14,ns=2;s=Channel2.RX3i.A121,A121,2147516416,ns=2;s=Channel2.RX3i.A122,A122,2147516416,2025-02-13 15:36:51.836,5.499,12.5,81.4
15,ns=2;s=Channel2.RX3i.A123,A123,2147516416,ns=2;s=Channel2.RX3i.A124,A124,2147516416,2025-02-13 15:36:51.836,5.499,0.0,81.4
16,ns=2;s=Channel2.RX3i.A125,A125,2147516416,ns=2;s=Channel2.RX3i.A126,A126,2147516416,2025-02-13 15:36:51.836,5.499,12.5,81.4
17,ns=2;s=Channel2.RX3i.A127,A127,2147516416,ns=2;s=Channel2.RX3i.A128,A128,2663088128,2025-02-13 15:36:51.836,5.499,0.0,81.4
18,ns=2;s=Channel2.RX3i.A129,A129,2147524287,ns=2;s=Channel2.RX3i.A13,A13,2147786436,2025-02-13 15:36:51.836,5.499,0.0,81.4
19,ns=2;s=Channel2.RX3i.A130,A130,2147516416,ns=2;s=Channel2.RX3i.A131,A131,2664398848,2025-02-13 15:36:51.836,5.499,0.0,81.4
20,ns=2;s=Channel2.RX3i.A132,A132,2147524308,ns=2;s=Channel2.RX3i.A133,A133,2147516416,2025-02-13 15:36:51.836,5.499,0.0,81.4
21,ns=2;s=Channel2.RX3i.A134,A134,2147778560,ns=2;s=Channel2.RX3i.A135,A135,2147516420,2025-02-13 15:36:51.836,5.499,0.0,81.4
22,ns=2;s=Channel2.RX3i.A136,A136,2147516416,ns=2;s=Channel2.RX3i.A137,A137,2147516416,2025-02-13 15:36:51.836,5.499,0.0,81.4
23,ns=2;s=Channel2.RX3i.A138,A138,2147647488,ns=2;s=Channel2.RX3i.A139,A139,2147516418,2025-02-13 15:36:51.836,5.499,0.0,81.4
24,ns=2;s=Channel2.RX3i.A14,A14,2147516420,ns=2;s=Channel2.RX3i.A140,A140,2667085824,2025-02-13 15:36:51.836,5.499,0.0,81.4
25,ns=2;s=Channel2.RX3i.A141,A141,2147786492,ns=2;s=Channel2.RX3i.A142,A142,2147516420,2025-02-13 15:36:51.836,5.499,0.0,81.4
1,ns=2;s=Channel2.RX3i.A1,A1,2147524139,ns=2;s=Channel2.RX3i.A10,A10,2147647488,2025-02-13 15:36:51.830,5.494,5.5,81.4
2,ns=2;s=Channel2.RX3i.A100,A100,2147516416,ns=2;s=Channel2.RX3i.A1000,A1000,2147524153,2025-02-13 15:36:51.830,5.494,14.3,81.4
3,ns=2;s=Channel2.RX3i.A101,A101,2655092736,ns=2;s=Channel2.RX3i.A102,A102,2147524165,2025-02-13 15:36:51.830,5.494,0.0,81.4
4,ns=2;s=Channel2.RX3i.A103,A103,32768,ns=2;s=Channel2.RX3i.A104,A104,2147745792,2025-02-13 15:36:51.830,5.494,14.3,81.4
5,ns=2;s=Channel2.RX3i.A105,A105,2147516420,ns=2;s=Channel2.RX3i.A106,A106,2147516416,2025-02-13 15:36:51.830,5.494,0.0,81.4
6,ns=2;s=Channel2.RX3i.A107,A107,2147516416,ns=2;s=Channel2.RX3i.A108,A108,2147647488,2025-02-13 15:36:51.830,5.494,0.0,81.4
7,ns=2;s=Channel2.RX3i.A109,A109,2147516418,ns=2;s=Channel2.RX3i.A11,A11,2147516418,2025-02-13 15:36:51.830,5.494,16.7,81.4
8,ns=2;s=Channel2.RX3i.A110,A110,2657779712,ns=2;s=Channel2.RX3i.A111,A111,2147786350,2025-02-13 15:36:51.830,5.494,0.0,81.4
9,ns=2;s=Channel2.RX3i.A112,A112,2147516420,ns=2;s=Channel2.RX3i.A113,A113,2147516416,2025-02-13 15:36:51.830,5.494,20.0,81.4
10,ns=2;s=Channel2.RX3i.A114,A114,2147516416,ns=2;s=Channel2.RX3i.A115,A115,2147516416,2025-02-13 15:36:51.830,5.494,0.0,81.4
11,ns=2;s=Channel2.RX3i.A116,A116,2147516416,ns=2;s=Channel2.RX3i.A117,A117,2147516416,2025-02-13 15:36:51.830,5.494,14.3,81.4
12,ns=2;s=Channel2.RX3i.A118,A118,2147516416,ns=2;s=Channel2.RX3i.A119,A119,2147516416,2025-02-13 15:36:51.830,5.494,33.3,81.4
13,ns=2;s=Channel2.RX3i.A12,A12,2660597760,ns=2;s=Channel2.RX3i.A120,A120,2147516416,2025-02-13 15:36:51.830,5.494,0.0,81.4
14,ns=2;s=Channel2.RX3i.A121,A121,2147516416,ns=2;s=Channel2.RX3i.A122,A122,2147516416,2025-02-13 15:36:51.830,5.494,20.0,81.4
15,ns=2;s=Channel2.RX3i.A123,A123,2147516416,ns=2;s=Channel2.RX3i.A124,A124,2147516416,2025-02-13 15:36:51.830,5.494,0.0,81.4
16,ns=2;s=Channel2.RX3i.A125,A125,2147516416,ns=2;s=Channel2.RX3i.A126,A126,2147516416,2025-02-13 15:36:51.830,5.494,100.0,81.4
17,ns=2;s=Channel2.RX3i.A127,A127,2147516416,ns=2;s=Channel2.RX3i.A128,A128,2663088128,2025-02-13 15:36:51.830,5.494,0.0,81.4
18,ns=2;s=Channel2.RX3i.A129,A129,2147524287,ns=2;s=Channel2.RX3i.A13,A13,2147786436,2025-02-13 15:36:51.830,5.494,0.0,81.4
19,ns=2;s=Channel2.RX3i.A130,A130,2147516416,ns=2;s=Channel2.RX3i.A131,A131,2664398848,2025-02-13 15:36:51.830,5.494,0.0,81.4
20,ns=2;s=Channel2.RX3i.A132,A132,2147524308,ns=2;s=Channel2.RX3i.A133,A133,2147516416,2025-02-13 15:36:51.830,5.494,0.0,81.4
21,ns=2;s=Channel2.RX3i.A134,A134,2147778560,ns=2;s=Channel2.RX3i.A135,A135,2147516420,2025-02-13 15:36:51.830,5.494,0.0,81.4
22,ns=2;s=Channel2.RX3i.A136,A136,2147516416,ns=2;s=Channel2.RX3i.A137,A137,2147516416,2025-02-13 15:36:51.830,5.494,0.0,81.4
23,ns=2;s=Channel2.RX3i.A138,A138,2147647488,ns=2;s=Channel2.RX3i.A139,A139,2147516418,2025-02-13 15:36:51.830,5.494,0.0,81.4
24,ns=2;s=Channel2.RX3i.A14,A14,2147516420,ns=2;s=Channel2.RX3i.A140,A140,2667085824,2025-02-13 15:36:51.830,5.494,0.0,81.4
25,ns=2;s=Channel2.RX3i.A141,A141,2147786492,ns=2;s=Channel2.RX3i.A142,A142,2147516420,2025-02-13 15:36:51.830,5.494,0.0,81.4
1,ns=2;s=Channel2.RX3i.A1,A1,2147524396,ns=2;s=Channel2.RX3i.A10,A10,2147647488,2025-02-13 15:36:57.433,5.602,4.2,81.5
2,ns=2;s=Channel2.RX3i.A100,A100,2147516416,ns=2;s=Channel2.RX3i.A1000,A1000,2147524410,2025-02-13 15:36:57.433,5.602,0.0,81.5
3,ns=2;s=Channel2.RX3i.A101,A101,2671935488,ns=2;s=Channel2.RX3i.A102,A102,2147524422,2025-02-13 15:36:57.433,5.602,0.0,81.5
4,ns=2;s=Channel2.RX3i.A103,A103,32768,ns=2;s=Channel2.RX3i.A104,A104,2147745792,2025-02-13 15:36:57.433,5.602,0.0,81.5
5,ns=2;s=Channel2.RX3i.A105,A105,2147516420,ns=2;s=Channel2.RX3i.A106,A106,2147516416,2025-02-13 15:36:57.433,5.602,0.0,81.5
6,ns=2;s=Channel2.RX3i.A107,A107,2147516416,ns=2;s=Channel2.RX3i.A108,A108,2147647488,2025-02-13 15:36:57.433,5.602,16.7,81.5
7,ns=2;s=Channel2.RX3i.A109,A109,2147516418,ns=2;s=Channel2.RX3i.A11,A11,2147516418,2025-02-13 15:36:57.433,5.602,0.0,81.5
8,ns=2;s=Channel2.RX3i.A110,A110,2674556928,ns=2;s=Channel2.RX3i.A111,A111,2147786606,2025-02-13 15:36:57.433,5.602,0.0,81.5
9,ns=2;s=Channel2.RX3i.A112,A112,2147516420,ns=2;s=Channel2.RX3i.A113,A113,2147516416,2025-02-13 15:36:57.433,5.602,0.0,81.5
10,ns=2;s=Channel2.RX3i.A114,A114,2147516416,ns=2;s=Channel2.RX3i.A115,A115,2147516416,2025-02-13 15:36:57.433,5.602,16.7,81.5
11,ns=2;s=Channel2.RX3i.A116,A116,2147516416,ns=2;s=Channel2.RX3i.A117,A117,2147516416,2025-02-13 15:36:57.433,5.602,0.0,81.5
12,ns=2;s=Channel2.RX3i.A118,A118,2147516416,ns=2;s=Channel2.RX3i.A119,A119,2147516416,2025-02-13 15:36:57.433,5.602,25.0,81.5
13,ns=2;s=Channel2.RX3i.A12,A12,2677374976,ns=2;s=Channel2.RX3i.A120,A120,2147516416,2025-02-13 15:36:57.433,5.602,0.0,81.5
14,ns=2;s=Channel2.RX3i.A121,A121,2147516416,ns=2;s=Channel2.RX3i.A122,A122,2147516416,2025-02-13 15:36:57.433,5.602,0.0,81.5
15,ns=2;s=Channel2.RX3i.A123,A123,2147516416,ns=2;s=Channel2.RX3i.A124,A124,2147516416,2025-02-13 15:36:57.433,5.602,0.0,81.5
16,ns=2;s=Channel2.RX3i.A125,A125,2147516416,ns=2;s=Channel2.RX3i.A126,A126,2147516416,2025-02-13 15:36:57.433,5.602,0.0,81.5
17,ns=2;s=Channel2.RX3i.A127,A127,2147516416,ns=2;s=Channel2.RX3i.A128,A128,2679799808,2025-02-13 15:36:57.433,5.602,20.0,81.5
18,ns=2;s=Channel2.RX3i.A129,A129,2147524543,ns=2;s=Channel2.RX3i.A13,A13,2147786692,2025-02-13 15:36:57.433,5.602,0.0,81.5
19,ns=2;s=Channel2.RX3i.A130,A130,2147516416,ns=2;s=Channel2.RX3i.A131,A131,2681176064,2025-02-13 15:36:57.433,5.602,0.0,81.5
20,ns=2;s=Channel2.RX3i.A132,A132,2147524564,ns=2;s=Channel2.RX3i.A133,A133,2147516416,2025-02-13 15:36:57.433,5.602,0.0,81.5
21,ns=2;s=Channel2.RX3i.A134,A134,2147778560,ns=2;s=Channel2.RX3i.A135,A135,2147516420,2025-02-13 15:36:57.433,5.602,33.3,81.5
22,ns=2;s=Channel2.RX3i.A136,A136,2147516416,ns=2;s=Channel2.RX3i.A137,A137,2147516416,2025-02-13 15:36:57.433,5.602,0.0,81.5
23,ns=2;s=Channel2.RX3i.A138,A138,2147647488,ns=2;s=Channel2.RX3i.A139,A139,2147516418,2025-02-13 15:36:57.433,5.602,12.5,81.5
24,ns=2;s=Channel2.RX3i.A14,A14,2147516420,ns=2;s=Channel2.RX3i.A140,A140,2683863040,2025-02-13 15:36:57.433,5.602,0.0,81.5
25,ns=2;s=Channel2.RX3i.A141,A141,2147786748,ns=2;s=Channel2.RX3i.A142,A142,2147516420,2025-02-13 15:36:57.433,5.602,25.0,81.5
1,ns=2;s=Channel2.RX3i.A1,A1,2147524396,ns=2;s=Channel2.RX3i.A10,A10,2147647488,2025-02-13 15:36:57.432,5.596,4.2,81.5
2,ns=2;s=Channel2.RX3i.A100,A100,2147516416,ns=2;s=Channel2.RX3i.A1000,A1000,2147524410,2025-02-13 15:36:57.432,5.596,0.0,81.5
3,ns=2;s=Channel2.RX3i.A101,A101,2671935488,ns=2;s=Channel2.RX3i.A102,A102,2147524422,2025-02-13 15:36:57.432,5.596,0.0,81.5
4,ns=2;s=Channel2.RX3i.A103,A103,32768,ns=2;s=Channel2.RX3i.A104,A104,2147745792,2025-02-13 15:36:57.432,5.596,0.0,81.5
5,ns=2;s=Channel2.RX3i.A105,A105,2147516420,ns=2;s=Channel2.RX3i.A106,A106,2147516416,2025-02-13 15:36:57.432,5.596,0.0,81.5
6,ns=2;s=Channel2.RX3i.A107,A107,2147516416,ns=2;s=Channel2.RX3i.A108,A108,2147647488,2025-02-13 15:36:57.432,5.596,0.0,81.5
7,ns=2;s=Channel2.RX3i.A109,A109,2147516418,ns=2;s=Channel2.RX3i.A11,A11,2147516418,2025-02-13 15:36:57.432,5.596,12.5,81.5
8,ns=2;s=Channel2.RX3i.A110,A110,2674556928,ns=2;s=Channel2.RX3i.A111,A111,2147786606,2025-02-13 15:36:57.432,5.596,0.0,81.5
9,ns=2;s=Channel2.RX3i.A112,A112,2147516420,ns=2;s=Channel2.RX3i.A113,A113,2147516416,2025-02-13 15:36:57.432,5.596,0.0,81.5
10,ns=2;s=Channel2.RX3i.A114,A114,2147516416,ns=2;s=Channel2.RX3i.A115,A115,2147516416,2025-02-13 15:36:57.432,5.596,12.5,81.5
11,ns=2;s=Channel2.RX3i.A116,A116,2147516416,ns=2;s=Channel2.RX3i.A117,A117,2147516416,2025-02-13 15:36:57.432,5.596,0.0,81.5
12,ns=2;s=Channel2.RX3i.A118,A118,2147516416,ns=2;s=Channel2.RX3i.A119,A119,2147516416,2025-02-13 15:36:57.432,5.596,12.5,81.5
13,ns=2;s=Channel2.RX3i.A12,A12,2677374976,ns=2;s=Channel2.RX3i.A120,A120,2147516416,2025-02-13 15:36:57.432,5.596,0.0,81.5
14,ns=2;s=Channel2.RX3i.A121,A121,2147516416,ns=2;s=Channel2.RX3i.A122,A122,2147516416,2025-02-13 15:36:57.432,5.596,0.0,81.5
15,ns=2;s=Channel2.RX3i.A123,A123,2147516416,ns=2;s=Channel2.RX3i.A124,A124,2147516416,2025-02-13 15:36:57.432,5.596,0.0,81.5
16,ns=2;s=Channel2.RX3i.A125,A125,2147516416,ns=2;s=Channel2.RX3i.A126,A126,2147516416,2025-02-13 15:36:57.432,5.596,0.0,81.5
17,ns=2;s=Channel2.RX3i.A127,A127,2147516416,ns=2;s=Channel2.RX3i.A128,A128,2679799808,2025-02-13 15:36:57.432,5.596,10.0,81.5
18,ns=2;s=Channel2.RX3i.A129,A129,2147524543,ns=2;s=Channel2.RX3i.A13,A13,2147786692,2025-02-13 15:36:57.432,5.596,0.0,81.5
19,ns=2;s=Channel2.RX3i.A130,A130,2147516416,ns=2;s=Channel2.RX3i.A131,A131,2681176064,2025-02-13 15:36:57.432,5.596,0.0,81.5
20,ns=2;s=Channel2.RX3i.A132,A132,2147524564,ns=2;s=Channel2.RX3i.A133,A133,2147516416,2025-02-13 15:36:57.432,5.596,0.0,81.5
21,ns=2;s=Channel2.RX3i.A134,A134,2147778560,ns=2;s=Channel2.RX3i.A135,A135,2147516420,2025-02-13 15:36:57.432,5.596,40.0,81.5
22,ns=2;s=Channel2.RX3i.A136,A136,2147516416,ns=2;s=Channel2.RX3i.A137,A137,2147516416,2025-02-13 15:36:57.432,5.596,0.0,81.5
23,ns=2;s=Channel2.RX3i.A138,A138,2147647488,ns=2;s=Channel2.RX3i.A139,A139,2147516418,2025-02-13 15:36:57.432,5.596,12.5,81.5
24,ns=2;s=Channel2.RX3i.A14,A14,2147516420,ns=2;s=Channel2.RX3i.A140,A140,2683863040,2025-02-13 15:36:57.432,5.596,0.0,81.5
25,ns=2;s=Channel2.RX3i.A141,A141,2147786748,ns=2;s=Channel2.RX3i.A142,A142,2147516420,2025-02-13 15:36:57.432,5.596,100.0,81.5
1,ns=2;s=Channel2.RX3i.A1,A1,2147524646,ns=2;s=Channel2.RX3i.A10,A10,2147647488,2025-02-13 15:37:02.883,5.451,5.6,81.5
2,ns=2;s=Channel2.RX3i.A100,A100,2147516416,ns=2;s=Channel2.RX3i.A1000,A1000,2147524661,2025-02-13 15:37:02.883,5.451,0.0,81.5
3,ns=2;s=Channel2.RX3i.A101,A101,2688385024,ns=2;s=Channel2.RX3i.A102,A102,2147524673,2025-02-13 15:37:02.883,5.451,14.3,81.5
4,ns=2;s=Channel2.RX3i.A103,A103,32768,ns=2;s=Channel2.RX3i.A104,A104,2147745792,2025-02-13 15:37:02.883,5.451,22.2,81.5
5,ns=2;s=Channel2.RX3i.A105,A105,2147516420,ns=2;s=Channel2.RX3i.A106,A106,2147516416,2025-02-13 15:37:02.883,5.451,0.0,81.5
6,ns=2;s=Channel2.RX3i.A107,A107,2147516416,ns=2;s=Channel2.RX3i.A108,A108,2147647488,2025-02-13 15:37:02.883,5.451,0.0,81.5
7,ns=2;s=Channel2.RX3i.A109,A109,2147516418,ns=2;s=Channel2.RX3i.A11,A11,2147516418,2025-02-13 15:37:02.883,5.451,0.0,81.5
8,ns=2;s=Channel2.RX3i.A110,A110,2691006464,ns=2;s=Channel2.RX3i.A111,A111,2147786857,2025-02-13 15:37:02.883,5.451,25.0,81.5
9,ns=2;s=Channel2.RX3i.A112,A112,2147516420,ns=2;s=Channel2.RX3i.A113,A113,2147516416,2025-02-13 15:37:02.883,5.451,0.0,81.5
10,ns=2;s=Channel2.RX3i.A114,A114,2147516416,ns=2;s=Channel2.RX3i.A115,A115,2147516416,2025-02-13 15:37:02.883,5.451,12.5,81.5
11,ns=2;s=Channel2.RX3i.A116,A116,2147516416,ns=2;s=Channel2.RX3i.A117,A117,2147516416,2025-02-13 15:37:02.883,5.451,0.0,81.5
12,ns=2;s=Channel2.RX3i.A118,A118,2147516416,ns=2;s=Channel2.RX3i.A119,A119,2147516416,2025-02-13 15:37:02.883,5.451,0.0,81.5
13,ns=2;s=Channel2.RX3i.A12,A12,2693824512,ns=2;s=Channel2.RX3i.A120,A120,2147516416,2025-02-13 15:37:02.883,5.451,0.0,81.5
14,ns=2;s=Channel2.RX3i.A121,A121,2147516416,ns=2;s=Channel2.RX3i.A122,A122,2147516416,2025-02-13 15:37:02.883,5.451,28.6,81.5
15,ns=2;s=Channel2.RX3i.A123,A123,2147516416,ns=2;s=Channel2.RX3i.A124,A124,2147516416,2025-02-13 15:37:02.883,5.451,0.0,81.5
16,ns=2;s=Channel2.RX3i.A125,A125,2147516416,ns=2;s=Channel2.RX3i.A126,A126,2147516416,2025-02-13 15:37:02.883,5.451,0.0,81.5
17,ns=2;s=Channel2.RX3i.A127,A127,2147516416,ns=2;s=Channel2.RX3i.A128,A128,2696445952,2025-02-13 15:37:02.883,5.451,0.0,81.5
18,ns=2;s=Channel2.RX3i.A129,A129,2147524796,ns=2;s=Channel2.RX3i.A13,A13,2147786945,2025-02-13 15:37:02.883,5.451,16.7,81.5
19,ns=2;s=Channel2.RX3i.A130,A130,2147516416,ns=2;s=Channel2.RX3i.A131,A131,2697822208,2025-02-13 15:37:02.883,5.451,0.0,81.5
20,ns=2;s=Channel2.RX3i.A132,A132,2147524817,ns=2;s=Channel2.RX3i.A133,A133,2147516416,2025-02-13 15:37:02.883,5.451,12.5,81.5
21,ns=2;s=Channel2.RX3i.A134,A134,2147778560,ns=2;s=Channel2.RX3i.A135,A135,2147516420,2025-02-13 15:37:02.883,5.451,0.0,81.5
22,ns=2;s=Channel2.RX3i.A136,A136,2147516416,ns=2;s=Channel2.RX3i.A137,A137,2147516416,2025-02-13 15:37:02.883,5.451,0.0,81.5
23,ns=2;s=Channel2.RX3i.A138,A138,2147647488,ns=2;s=Channel2.RX3i.A139,A139,2147516418,2025-02-13 15:37:02.883,5.451,0.0,81.5
24,ns=2;s=Channel2.RX3i.A14,A14,2147516420,ns=2;s=Channel2.RX3i.A140,A140,2700443648,2025-02-13 15:37:02.883,5.451,0.0,81.5
25,ns=2;s=Channel2.RX3i.A141,A141,2147787001,ns=2;s=Channel2.RX3i.A142,A142,2147516420,2025-02-13 15:37:02.883,5.451,12.5,81.5
1,ns=2;s=Channel2.RX3i.A1,A1,2147524646,ns=2;s=Channel2.RX3i.A10,A10,2147647488,2025-02-13 15:37:02.884,5.452,5.6,81.5
2,ns=2;s=Channel2.RX3i.A100,A100,2147516416,ns=2;s=Channel2.RX3i.A1000,A1000,2147524661,2025-02-13 15:37:02.884,5.452,0.0,81.5
3,ns=2;s=Channel2.RX3i.A101,A101,2688385024,ns=2;s=Channel2.RX3i.A102,A102,2147524673,2025-02-13 15:37:02.884,5.452,14.3,81.5
4,ns=2;s=Channel2.RX3i.A103,A103,32768,ns=2;s=Channel2.RX3i.A104,A104,2147745792,2025-02-13 15:37:02.884,5.452,100.0,81.5
5,ns=2;s=Channel2.RX3i.A105,A105,2147516420,ns=2;s=Channel2.RX3i.A106,A106,2147516416,2025-02-13 15:37:02.884,5.452,0.0,81.5
6,ns=2;s=Channel2.RX3i.A107,A107,2147516416,ns=2;s=Channel2.RX3i.A108,A108,2147647488,2025-02-13 15:37:02.884,5.452,0.0,81.5
7,ns=2;s=Channel2.RX3i.A109,A109,2147516418,ns=2;s=Channel2.RX3i.A11,A11,2147516418,2025-02-13 15:37:02.884,5.452,0.0,81.5
8,ns=2;s=Channel2.RX3i.A110,A110,2691006464,ns=2;s=Channel2.RX3i.A111,A111,2147786857,2025-02-13 15:37:02.884,5.452,25.0,81.5
9,ns=2;s=Channel2.RX3i.A112,A112,2147516420,ns=2;s=Channel2.RX3i.A113,A113,2147516416,2025-02-13 15:37:02.884,5.452,0.0,81.5
10,ns=2;s=Channel2.RX3i.A114,A114,2147516416,ns=2;s=Channel2.RX3i.A115,A115,2147516416,2025-02-13 15:37:02.884,5.452,12.5,81.5
11,ns=2;s=Channel2.RX3i.A116,A116,2147516416,ns=2;s=Channel2.RX3i.A117,A117,2147516416,2025-02-13 15:37:02.884,5.452,0.0,81.5
12,ns=2;s=Channel2.RX3i.A118,A118,2147516416,ns=2;s=Channel2.RX3i.A119,A119,2147516416,2025-02-13 15:37:02.884,5.452,0.0,81.5
13,ns=2;s=Channel2.RX3i.A12,A12,2693824512,ns=2;s=Channel2.RX3i.A120,A120,2147516416,2025-02-13 15:37:02.884,5.452,0.0,81.5
14,ns=2;s=Channel2.RX3i.A121,A121,2147516416,ns=2;s=Channel2.RX3i.A122,A122,2147516416,2025-02-13 15:37:02.884,5.452,25.0,81.5
15,ns=2;s=Channel2.RX3i.A123,A123,2147516416,ns=2;s=Channel2.RX3i.A124,A124,2147516416,2025-02-13 15:37:02.884,5.452,0.0,81.5
16,ns=2;s=Channel2.RX3i.A125,A125,2147516416,ns=2;s=Channel2.RX3i.A126,A126,2147516416,2025-02-13 15:37:02.884,5.452,0.0,81.5
17,ns=2;s=Channel2.RX3i.A127,A127,2147516416,ns=2;s=Channel2.RX3i.A128,A128,2696445952,2025-02-13 15:37:02.884,5.452,0.0,81.5
18,ns=2;s=Channel2.RX3i.A129,A129,2147524796,ns=2;s=Channel2.RX3i.A13,A13,2147786945,2025-02-13 15:37:02.884,5.452,16.7,81.5
19,ns=2;s=Channel2.RX3i.A130,A130,2147516416,ns=2;s=Channel2.RX3i.A131,A131,2697822208,2025-02-13 15:37:02.884,5.452,14.3,81.5
20,ns=2;s=Channel2.RX3i.A132,A132,2147524817,ns=2;s=Channel2.RX3i.A133,A133,2147516416,2025-02-13 15:37:02.884,5.452,0.0,81.5
21,ns=2;s=Channel2.RX3i.A134,A134,2147778560,ns=2;s=Channel2.RX3i.A135,A135,2147516420,2025-02-13 15:37:02.884,5.452,0.0,81.5
22,ns=2;s=Channel2.RX3i.A136,A136,2147516416,ns=2;s=Channel2.RX3i.A137,A137,2147516416,2025-02-13 15:37:02.884,5.452,0.0,81.5
23,ns=2;s=Channel2.RX3i.A138,A138,2147647488,ns=2;s=Channel2.RX3i.A139,A139,2147516418,2025-02-13 15:37:02.884,5.452,0.0,81.5
24,ns=2;s=Channel2.RX3i.A14,A14,2147516420,ns=2;s=Channel2.RX3i.A140,A140,2700443648,2025-02-13 15:37:02.884,5.452,12.5,81.5
25,ns=2;s=Channel2.RX3i.A141,A141,2147787001,ns=2;s=Channel2.RX3i.A142,A142,2147516420,2025-02-13 15:37:02.884,5.452,0.0,81.5
1,ns=2;s=Channel2.RX3i.A1,A1,2147524898,ns=2;s=Channel2.RX3i.A10,A10,2147647488,2025-02-13 15:37:08.382,5.498,5.2,81.8
2,ns=2;s=Channel2.RX3i.A100,A100,2147516416,ns=2;s=Channel2.RX3i.A1000,A1000,2147524911,2025-02-13 15:37:08.382,5.498,16.7,81.8
3,ns=2;s=Channel2.RX3i.A101,A101,2704834560,ns=2;s=Channel2.RX3i.A102,A102,2147524924,2025-02-13 15:37:08.382,5.498,20.0,81.8
4,ns=2;s=Channel2.RX3i.A103,A103,32768,ns=2;s=Channel2.RX3i.A104,A104,2147745792,2025-02-13 15:37:08.382,5.498,0.0,81.8
5,ns=2;s=Channel2.RX3i.A105,A105,2147516420,ns=2;s=Channel2.RX3i.A106,A106,2147516416,2025-02-13 15:37:08.382,5.498,14.3,81.8
6,ns=2;s=Channel2.RX3i.A107,A107,2147516416,ns=2;s=Channel2.RX3i.A108,A108,2147647488,2025-02-13 15:37:08.382,5.498,0.0,81.8
7,ns=2;s=Channel2.RX3i.A109,A109,2147516418,ns=2;s=Channel2.RX3i.A11,A11,2147516418,2025-02-13 15:37:08.382,5.498,0.0,81.8
8,ns=2;s=Channel2.RX3i.A110,A110,2707521536,ns=2;s=Channel2.RX3i.A111,A111,2147787110,2025-02-13 15:37:08.382,5.498,0.0,81.8
9,ns=2;s=Channel2.RX3i.A112,A112,2147516420,ns=2;s=Channel2.RX3i.A113,A113,2147516416,2025-02-13 15:37:08.382,5.498,0.0,81.8
10,ns=2;s=Channel2.RX3i.A114,A114,2147516416,ns=2;s=Channel2.RX3i.A115,A115,2147516416,2025-02-13 15:37:08.382,5.498,0.0,81.8
11,ns=2;s=Channel2.RX3i.A116,A116,2147516416,ns=2;s=Channel2.RX3i.A117,A117,2147516416,2025-02-13 15:37:08.382,5.498,20.0,81.8
12,ns=2;s=Channel2.RX3i.A118,A118,2147516416,ns=2;s=Channel2.RX3i.A119,A119,2147516416,2025-02-13 15:37:08.382,5.498,0.0,81.8
13,ns=2;s=Channel2.RX3i.A12,A12,2710405120,ns=2;s=Channel2.RX3i.A120,A120,2147516416,2025-02-13 15:37:08.382,5.498,0.0,81.8
14,ns=2;s=Channel2.RX3i.A121,A121,2147516416,ns=2;s=Channel2.RX3i.A122,A122,2147516416,2025-02-13 15:37:08.382,5.498,12.5,81.8
15,ns=2;s=Channel2.RX3i.A123,A123,2147516416,ns=2;s=Channel2.RX3i.A124,A124,2147516416,2025-02-13 15:37:08.382,5.498,0.0,81.8
16,ns=2;s=Channel2.RX3i.A125,A125,2147516416,ns=2;s=Channel2.RX3i.A126,A126,2147516416,2025-02-13 15:37:08.382,5.498,0.0,81.8
17,ns=2;s=Channel2.RX3i.A127,A127,2147516416,ns=2;s=Channel2.RX3i.A128,A128,2712895488,2025-02-13 15:37:08.382,5.498,0.0,81.8
18,ns=2;s=Channel2.RX3i.A129,A129,2147525047,ns=2;s=Channel2.RX3i.A13,A13,2147787197,2025-02-13 15:37:08.382,5.498,0.0,81.8
19,ns=2;s=Channel2.RX3i.A130,A130,2147516416,ns=2;s=Channel2.RX3i.A131,A131,2714337280,2025-02-13 15:37:08.382,5.498,12.5,81.8
20,ns=2;s=Channel2.RX3i.A132,A132,2147525069,ns=2;s=Channel2.RX3i.A133,A133,2147516416,2025-02-13 15:37:08.382,5.498,0.0,81.8
21,ns=2;s=Channel2.RX3i.A134,A134,2147778560,ns=2;s=Channel2.RX3i.A135,A135,2147516420,2025-02-13 15:37:08.382,5.498,0.0,81.8
22,ns=2;s=Channel2.RX3i.A136,A136,2147516416,ns=2;s=Channel2.RX3i.A137,A137,2147516416,2025-02-13 15:37:08.382,5.498,25.0,81.8
23,ns=2;s=Channel2.RX3i.A138,A138,2147647488,ns=2;s=Channel2.RX3i.A139,A139,2147516418,2025-02-13 15:37:08.382,5.498,0.0,81.8
24,ns=2;s=Channel2.RX3i.A14,A14,2147516420,ns=2;s=Channel2.RX3i.A140,A140,2716958720,2025-02-13 15:37:08.382,5.498,28.6,81.8
25,ns=2;s=Channel2.RX3i.A141,A141,2147787253,ns=2;s=Channel2.RX3i.A142,A142,2147516420,2025-02-13 15:37:08.382,5.498,33.3,81.8
1,ns=2;s=Channel2.RX3i.A1,A1,2147524898,ns=2;s=Channel2.RX3i.A10,A10,2147647488,2025-02-13 15:37:08.375,5.491,5.1,81.8
2,ns=2;s=Channel2.RX3i.A100,A100,2147516416,ns=2;s=Channel2.RX3i.A1000,A1000,2147524911,2025-02-13 15:37:08.375,5.491,15.4,81.8
3,ns=2;s=Channel2.RX3i.A101,A101,2704834560,ns=2;s=Channel2.RX3i.A102,A102,2147524924,2025-02-13 15:37:08.375,5.491,50.0,81.8
4,ns=2;s=Channel2.RX3i.A103,A103,32768,ns=2;s=Channel2.RX3i.A104,A104,2147745792,2025-02-13 15:37:08.375,5.491,0.0,81.8
5,ns=2;s=Channel2.RX3i.A105,A105,2147516420,ns=2;s=Channel2.RX3i.A106,A106,2147516416,2025-02-13 15:37:08.375,5.491,12.5,81.8
6,ns=2;s=Channel2.RX3i.A107,A107,2147516416,ns=2;s=Channel2.RX3i.A108,A108,2147647488,2025-02-13 15:37:08.375,5.491,0.0,81.8
7,ns=2;s=Channel2.RX3i.A109,A109,2147516418,ns=2;s=Channel2.RX3i.A11,A11,2147516418,2025-02-13 15:37:08.375,5.491,0.0,81.8
8,ns=2;s=Channel2.RX3i.A110,A110,2707521536,ns=2;s=Channel2.RX3i.A111,A111,2147787110,2025-02-13 15:37:08.375,5.491,0.0,81.8
9,ns=2;s=Channel2.RX3i.A112,A112,2147516420,ns=2;s=Channel2.RX3i.A113,A113,2147516416,2025-02-13 15:37:08.375,5.491,0.0,81.8
10,ns=2;s=Channel2.RX3i.A114,A114,2147516416,ns=2;s=Channel2.RX3i.A115,A115,2147516416,2025-02-13 15:37:08.375,5.491,20.0,81.8
11,ns=2;s=Channel2.RX3i.A116,A116,2147516416,ns=2;s=Channel2.RX3i.A117,A117,2147516416,2025-02-13 15:37:08.375,5.491,0.0,81.8
12,ns=2;s=Channel2.RX3i.A118,A118,2147516416,ns=2;s=Channel2.RX3i.A119,A119,2147516416,2025-02-13 15:37:08.375,5.491,0.0,81.8
13,ns=2;s=Channel2.RX3i.A12,A12,2710405120,ns=2;s=Channel2.RX3i.A120,A120,2147516416,2025-02-13 15:37:08.375,5.491,12.5,81.8
14,ns=2;s=Channel2.RX3i.A121,A121,2147516416,ns=2;s=Channel2.RX3i.A122,A122,2147516416,2025-02-13 15:37:08.375,5.491,0.0,81.8
15,ns=2;s=Channel2.RX3i.A123,A123,2147516416,ns=2;s=Channel2.RX3i.A124,A124,2147516416,2025-02-13 15:37:08.375,5.491,0.0,81.8
16,ns=2;s=Channel2.RX3i.A125,A125,2147516416,ns=2;s=Channel2.RX3i.A126,A126,2147516416,2025-02-13 15:37:08.375,5.491,0.0,81.8
17,ns=2;s=Channel2.RX3i.A127,A127,2147516416,ns=2;s=Channel2.RX3i.A128,A128,2712895488,2025-02-13 15:37:08.375,5.491,0.0,81.8
18,ns=2;s=Channel2.RX3i.A129,A129,2147525047,ns=2;s=Channel2.RX3i.A13,A13,2147787197,2025-02-13 15:37:08.375,5.491,12.5,81.8
19,ns=2;s=Channel2.RX3i.A130,A130,2147516416,ns=2;s=Channel2.RX3i.A131,A131,2714337280,2025-02-13 15:37:08.375,5.491,0.0,81.8
20,ns=2;s=Channel2.RX3i.A132,A132,2147525069,ns=2;s=Channel2.RX3i.A133,A133,2147516416,2025-02-13 15:37:08.375,5.491,0.0,81.8
21,ns=2;s=Channel2.RX3i.A134,A134,2147778560,ns=2;s=Channel2.RX3i.A135,A135,2147516420,2025-02-13 15:37:08.375,5.491,12.5,81.8
22,ns=2;s=Channel2.RX3i.A136,A136,2147516416,ns=2;s=Channel2.RX3i.A137,A137,2147516416,2025-02-13 15:37:08.375,5.491,0.0,81.8
23,ns=2;s=Channel2.RX3i.A138,A138,2147647488,ns=2;s=Channel2.RX3i.A139,A139,2147516418,2025-02-13 15:37:08.375,5.491,25.0,81.8
24,ns=2;s=Channel2.RX3i.A14,A14,2147516420,ns=2;s=Channel2.RX3i.A140,A140,2716958720,2025-02-13 15:37:08.375,5.491,20.0,81.8
25,ns=2;s=Channel2.RX3i.A141,A141,2147787253,ns=2;s=Channel2.RX3i.A142,A142,2147516420,2025-02-13 15:37:08.375,5.491,50.0,81.8
1,ns=2;s=Channel2.RX3i.A1,A1,2147525151,ns=2;s=Channel2.RX3i.A10,A10,2147647488,2025-02-13 15:37:13.885,5.503,7.3,82.4
2,ns=2;s=Channel2.RX3i.A100,A100,2147516416,ns=2;s=Channel2.RX3i.A1000,A1000,2147525165,2025-02-13 15:37:13.885,5.503,7.7,82.4
3,ns=2;s=Channel2.RX3i.A101,A101,2721415168,ns=2;s=Channel2.RX3i.A102,A102,2147525177,2025-02-13 15:37:13.885,5.503,0.0,82.4
4,ns=2;s=Channel2.RX3i.A103,A103,32768,ns=2;s=Channel2.RX3i.A104,A104,2147745792,2025-02-13 15:37:13.885,5.503,12.5,82.4
5,ns=2;s=Channel2.RX3i.A105,A105,2147516420,ns=2;s=Channel2.RX3i.A106,A106,2147516416,2025-02-13 15:37:13.885,5.503,0.0,82.4
6,ns=2;s=Channel2.RX3i.A107,A107,2147516416,ns=2;s=Channel2.RX3i.A108,A108,2147647488,2025-02-13 15:37:13.885,5.503,25.0,82.4
7,ns=2;s=Channel2.RX3i.A109,A109,2147516418,ns=2;s=Channel2.RX3i.A11,A11,2147516418,2025-02-13 15:37:13.885,5.503,28.6,82.4
8,ns=2;s=Channel2.RX3i.A110,A110,2724036608,ns=2;s=Channel2.RX3i.A111,A111,2147787361,2025-02-13 15:37:13.885,5.503,0.0,82.4
9,ns=2;s=Channel2.RX3i.A112,A112,2147516420,ns=2;s=Channel2.RX3i.A113,A113,2147516416,2025-02-13 15:37:13.885,5.503,0.0,82.4
10,ns=2;s=Channel2.RX3i.A114,A114,2147516416,ns=2;s=Channel2.RX3i.A115,A115,2147516416,2025-02-13 15:37:13.885,5.503,14.3,82.4
11,ns=2;s=Channel2.RX3i.A116,A116,2147516416,ns=2;s=Channel2.RX3i.A117,A117,2147516416,2025-02-13 15:37:13.885,5.503,0.0,82.4
12,ns=2;s=Channel2.RX3i.A118,A118,2147516416,ns=2;s=Channel2.RX3i.A119,A119,2147516416,2025-02-13 15:37:13.885,5.503,0.0,82.4
13,ns=2;s=Channel2.RX3i.A12,A12,2726985728,ns=2;s=Channel2.RX3i.A120,A120,2147516416,2025-02-13 15:37:13.885,5.503,50.0,82.4
14,ns=2;s=Channel2.RX3i.A121,A121,2147516416,ns=2;s=Channel2.RX3i.A122,A122,2147516416,2025-02-13 15:37:13.885,5.503,14.3,82.4
15,ns=2;s=Channel2.RX3i.A123,A123,2147516416,ns=2;s=Channel2.RX3i.A124,A124,2147516416,2025-02-13 15:37:13.885,5.503,100.0,82.4
16,ns=2;s=Channel2.RX3i.A125,A125,2147516416,ns=2;s=Channel2.RX3i.A126,A126,2147516416,2025-02-13 15:37:13.885,5.503,37.5,82.4
17,ns=2;s=Channel2.RX3i.A127,A127,2147516416,ns=2;s=Channel2.RX3i.A128,A128,2729476096,2025-02-13 15:37:13.885,5.503,16.7,82.4
18,ns=2;s=Channel2.RX3i.A129,A129,2147525300,ns=2;s=Channel2.RX3i.A13,A13,2147787450,2025-02-13 15:37:13.885,5.503,0.0,82.4
19,ns=2;s=Channel2.RX3i.A130,A130,2147516416,ns=2;s=Channel2.RX3i.A131,A131,2730917888,2025-02-13 15:37:13.885,5.503,0.0,82.4
20,ns=2;s=Channel2.RX3i.A132,A132,2147525322,ns=2;s=Channel2.RX3i.A133,A133,2147516416,2025-02-13 15:37:13.885,5.503,0.0,82.4
21,ns=2;s=Channel2.RX3i.A134,A134,2147778560,ns=2;s=Channel2.RX3i.A135,A135,2147516420,2025-02-13 15:37:13.885,5.503,0.0,82.4
22,ns=2;s=Channel2.RX3i.A136,A136,2147516416,ns=2;s=Channel2.RX3i.A137,A137,2147516416,2025-02-13 15:37:13.885,5.503,0.0,82.4
23,ns=2;s=Channel2.RX3i.A138,A138,2147647488,ns=2;s=Channel2.RX3i.A139,A139,2147516418,2025-02-13 15:37:13.885,5.503,0.0,82.4
24,ns=2;s=Channel2.RX3i.A14,A14,2147516420,ns=2;s=Channel2.RX3i.A140,A140,2733539328,2025-02-13 15:37:13.885,5.503,0.0,82.4
25,ns=2;s=Channel2.RX3i.A141,A141,2147787506,ns=2;s=Channel2.RX3i.A142,A142,2147516420,2025-02-13 15:37:13.885,5.503,12.5,82.4
1,ns=2;s=Channel2.RX3i.A1,A1,2147525151,ns=2;s=Channel2.RX3i.A10,A10,2147647488,2025-02-13 15:37:13.895,5.521,7.2,82.4
2,ns=2;s=Channel2.RX3i.A100,A100,2147516416,ns=2;s=Channel2.RX3i.A1000,A1000,2147525165,2025-02-13 15:37:13.895,5.521,10.0,82.4
3,ns=2;s=Channel2.RX3i.A101,A101,2721415168,ns=2;s=Channel2.RX3i.A102,A102,2147525177,2025-02-13 15:37:13.895,5.521,0.0,82.4
4,ns=2;s=Channel2.RX3i.A103,A103,32768,ns=2;s=Channel2.RX3i.A104,A104,2147745792,2025-02-13 15:37:13.895,5.521,20.0,82.4
5,ns=2;s=Channel2.RX3i.A105,A105,2147516420,ns=2;s=Channel2.RX3i.A106,A106,2147516416,2025-02-13 15:37:13.895,5.521,0.0,82.4
6,ns=2;s=Channel2.RX3i.A107,A107,2147516416,ns=2;s=Channel2.RX3i.A108,A108,2147647488,2025-02-13 15:37:13.895,5.521,25.0,82.4
7,ns=2;s=Channel2.RX3i.A109,A109,2147516418,ns=2;s=Channel2.RX3i.A11,A11,2147516418,2025-02-13 15:37:13.895,5.521,0.0,82.4
8,ns=2;s=Channel2.RX3i.A110,A110,2724036608,ns=2;s=Channel2.RX3i.A111,A111,2147787361,2025-02-13 15:37:13.895,5.521,28.6,82.4
9,ns=2;s=Channel2.RX3i.A112,A112,2147516420,ns=2;s=Channel2.RX3i.A113,A113,2147516416,2025-02-13 15:37:13.895,5.521,0.0,82.4
10,ns=2;s=Channel2.RX3i.A114,A114,2147516416,ns=2;s=Channel2.RX3i.A115,A115,2147516416,2025-02-13 15:37:13.895,5.521,0.0,82.4
11,ns=2;s=Channel2.RX3i.A116,A116,2147516416,ns=2;s=Channel2.RX3i.A117,A117,2147516416,2025-02-13 15:37:13.895,5.521,14.3,82.4
12,ns=2;s=Channel2.RX3i.A118,A118,2147516416,ns=2;s=Channel2.RX3i.A119,A119,2147516416,2025-02-13 15:37:13.895,5.521,0.0,82.4
13,ns=2;s=Channel2.RX3i.A12,A12,2726985728,ns=2;s=Channel2.RX3i.A120,A120,2147516416,2025-02-13 15:37:13.895,5.521,16.7,82.4
14,ns=2;s=Channel2.RX3i.A121,A121,2147516416,ns=2;s=Channel2.RX3i.A122,A122,2147516416,2025-02-13 15:37:13.895,5.521,20.0,82.4
15,ns=2;s=Channel2.RX3i.A123,A123,2147516416,ns=2;s=Channel2.RX3i.A124,A124,2147516416,2025-02-13 15:37:13.895,5.521,33.3,82.4
16,ns=2;s=Channel2.RX3i.A125,A125,2147516416,ns=2;s=Channel2.RX3i.A126,A126,2147516416,2025-02-13 15:37:13.895,5.521,37.5,82.4
17,ns=2;s=Channel2.RX3i.A127,A127,2147516416,ns=2;s=Channel2.RX3i.A128,A128,2729476096,2025-02-13 15:37:13.895,5.521,20.0,82.4
18,ns=2;s=Channel2.RX3i.A129,A129,2147525300,ns=2;s=Channel2.RX3i.A13,A13,2147787450,2025-02-13 15:37:13.895,5.521,0.0,82.4
19,ns=2;s=Channel2.RX3i.A130,A130,2147516416,ns=2;s=Channel2.RX3i.A131,A131,2730917888,2025-02-13 15:37:13.895,5.521,0.0,82.4
20,ns=2;s=Channel2.RX3i.A132,A132,2147525322,ns=2;s=Channel2.RX3i.A133,A133,2147516416,2025-02-13 15:37:13.895,5.521,0.0,82.4
21,ns=2;s=Channel2.RX3i.A134,A134,2147778560,ns=2;s=Channel2.RX3i.A135,A135,2147516420,2025-02-13 15:37:13.895,5.521,0.0,82.4
22,ns=2;s=Channel2.RX3i.A136,A136,2147516416,ns=2;s=Channel2.RX3i.A137,A137,2147516416,2025-02-13 15:37:13.895,5.521,0.0,82.4
23,ns=2;s=Channel2.RX3i.A138,A138,2147647488,ns=2;s=Channel2.RX3i.A139,A139,2147516418,2025-02-13 15:37:13.895,5.521,0.0,82.4
24,ns=2;s=Channel2.RX3i.A14,A14,2147516420,ns=2;s=Channel2.RX3i.A140,A140,2733539328,2025-02-13 15:37:13.895,5.521,14.3,82.4
25,ns=2;s=Channel2.RX3i.A141,A141,2147787506,ns=2;s=Channel2.RX3i.A142,A142,2147516420,2025-02-13 15:37:13.895,5.521,0.0,82.4
1,ns=2;s=Channel2.RX3i.A1,A1,2147525404,ns=2;s=Channel2.RX3i.A10,A10,2147647488,2025-02-13 15:37:19.401,5.516,5.3,82.8
2,ns=2;s=Channel2.RX3i.A100,A100,2147516416,ns=2;s=Channel2.RX3i.A1000,A1000,2147525419,2025-02-13 15:37:19.401,5.516,11.1,82.8
3,ns=2;s=Channel2.RX3i.A101,A101,2738061312,ns=2;s=Channel2.RX3i.A102,A102,2147525431,2025-02-13 15:37:19.401,5.516,0.0,82.8
4,ns=2;s=Channel2.RX3i.A103,A103,32768,ns=2;s=Channel2.RX3i.A104,A104,2147745792,2025-02-13 15:37:19.401,5.516,0.0,82.8
5,ns=2;s=Channel2.RX3i.A105,A105,2147516420,ns=2;s=Channel2.RX3i.A106,A106,2147516416,2025-02-13 15:37:19.401,5.516,14.3,82.8
6,ns=2;s=Channel2.RX3i.A107,A107,2147516416,ns=2;s=Channel2.RX3i.A108,A108,2147647488,2025-02-13 15:37:19.401,5.516,0.0,82.8
7,ns=2;s=Channel2.RX3i.A109,A109,2147516418,ns=2;s=Channel2.RX3i.A11,A11,2147516418,2025-02-13 15:37:19.401,5.516,0.0,82.8
8,ns=2;s=Channel2.RX3i.A110,A110,2740682752,ns=2;s=Channel2.RX3i.A111,A111,2147787616,2025-02-13 15:37:19.401,5.516,25.0,82.8
9,ns=2;s=Channel2.RX3i.A112,A112,2147516420,ns=2;s=Channel2.RX3i.A113,A113,2147516416,2025-02-13 15:37:19.401,5.516,0.0,82.8
10,ns=2;s=Channel2.RX3i.A114,A114,2147516416,ns=2;s=Channel2.RX3i.A115,A115,2147516416,2025-02-13 15:37:19.401,5.516,0.0,82.8
11,ns=2;s=Channel2.RX3i.A116,A116,2147516416,ns=2;s=Channel2.RX3i.A117,A117,2147516416,2025-02-13 15:37:19.401,5.516,0.0,82.8
12,ns=2;s=Channel2.RX3i.A118,A118,2147516416,ns=2;s=Channel2.RX3i.A119,A119,2147516416,2025-02-13 15:37:19.401,5.516,33.3,82.8
13,ns=2;s=Channel2.RX3i.A12,A12,2743500800,ns=2;s=Channel2.RX3i.A120,A120,2147516416,2025-02-13 15:37:19.401,5.516,0.0,82.8
14,ns=2;s=Channel2.RX3i.A121,A121,2147516416,ns=2;s=Channel2.RX3i.A122,A122,2147516416,2025-02-13 15:37:19.401,5.516,0.0,82.8
15,ns=2;s=Channel2.RX3i.A123,A123,2147516416,ns=2;s=Channel2.RX3i.A124,A124,2147516416,2025-02-13 15:37:19.401,5.516,0.0,82.8
16,ns=2;s=Channel2.RX3i.A125,A125,2147516416,ns=2;s=Channel2.RX3i.A126,A126,2147516416,2025-02-13 15:37:19.401,5.516,0.0,82.8
17,ns=2;s=Channel2.RX3i.A127,A127,2147516416,ns=2;s=Channel2.RX3i.A128,A128,2745925632,2025-02-13 15:37:19.401,5.516,0.0,82.8
18,ns=2;s=Channel2.RX3i.A129,A129,2147525552,ns=2;s=Channel2.RX3i.A13,A13,2147787701,2025-02-13 15:37:19.401,5.516,20.0,82.8
19,ns=2;s=Channel2.RX3i.A130,A130,2147516416,ns=2;s=Channel2.RX3i.A131,A131,2747367424,2025-02-13 15:37:19.401,5.516,0.0,82.8
20,ns=2;s=Channel2.RX3i.A132,A132,2147525573,ns=2;s=Channel2.RX3i.A133,A133,2147516416,2025-02-13 15:37:19.401,5.516,0.0,82.8
21,ns=2;s=Channel2.RX3i.A134,A134,2147778560,ns=2;s=Channel2.RX3i.A135,A135,2147516420,2025-02-13 15:37:19.401,5.516,12.5,82.8
22,ns=2;s=Channel2.RX3i.A136,A136,2147516416,ns=2;s=Channel2.RX3i.A137,A137,2147516416,2025-02-13 15:37:19.401,5.516,0.0,82.8
23,ns=2;s=Channel2.RX3i.A138,A138,2147647488,ns=2;s=Channel2.RX3i.A139,A139,2147516418,2025-02-13 15:37:19.401,5.516,33.3,82.8
24,ns=2;s=Channel2.RX3i.A14,A14,2147516420,ns=2;s=Channel2.RX3i.A140,A140,2749988864,2025-02-13 15:37:19.401,5.516,0.0,82.8
25,ns=2;s=Channel2.RX3i.A141,A141,2147787757,ns=2;s=Channel2.RX3i.A142,A142,2147516420,2025-02-13 15:37:19.401,5.516,0.0,82.8
1,ns=2;s=Channel2.RX3i.A1,A1,2147525404,ns=2;s=Channel2.RX3i.A10,A10,2147647488,2025-02-13 15:37:19.402,5.507,5.3,82.8
2,ns=2;s=Channel2.RX3i.A100,A100,2147516416,ns=2;s=Channel2.RX3i.A1000,A1000,2147525419,2025-02-13 15:37:19.402,5.507,11.1,82.8
3,ns=2;s=Channel2.RX3i.A101,A101,2738061312,ns=2;s=Channel2.RX3i.A102,A102,2147525431,2025-02-13 15:37:19.402,5.507,0.0,82.8
4,ns=2;s=Channel2.RX3i.A103,A103,32768,ns=2;s=Channel2.RX3i.A104,A104,2147745792,2025-02-13 15:37:19.402,5.507,0.0,82.8
5,ns=2;s=Channel2.RX3i.A105,A105,2147516420,ns=2;s=Channel2.RX3i.A106,A106,2147516416,2025-02-13 15:37:19.402,5.507,14.3,82.8
6,ns=2;s=Channel2.RX3i.A107,A107,2147516416,ns=2;s=Channel2.RX3i.A108,A108,2147647488,2025-02-13 15:37:19.402,5.507,0.0,82.8
7,ns=2;s=Channel2.RX3i.A109,A109,2147516418,ns=2;s=Channel2.RX3i.A11,A11,2147516418,2025-02-13 15:37:19.402,5.507,0.0,82.8
8,ns=2;s=Channel2.RX3i.A110,A110,2740682752,ns=2;s=Channel2.RX3i.A111,A111,2147787616,2025-02-13 15:37:19.402,5.507,25.0,82.8
9,ns=2;s=Channel2.RX3i.A112,A112,2147516420,ns=2;s=Channel2.RX3i.A113,A113,2147516416,2025-02-13 15:37:19.402,5.507,0.0,82.8
10,ns=2;s=Channel2.RX3i.A114,A114,2147516416,ns=2;s=Channel2.RX3i.A115,A115,2147516416,2025-02-13 15:37:19.402,5.507,0.0,82.8
11,ns=2;s=Channel2.RX3i.A116,A116,2147516416,ns=2;s=Channel2.RX3i.A117,A117,2147516416,2025-02-13 15:37:19.402,5.507,0.0,82.8
12,ns=2;s=Channel2.RX3i.A118,A118,2147516416,ns=2;s=Channel2.RX3i.A119,A119,2147516416,2025-02-13 15:37:19.402,5.507,33.3,82.8
13,ns=2;s=Channel2.RX3i.A12,A12,2743500800,ns=2;s=Channel2.RX3i.A120,A120,2147516416,2025-02-13 15:37:19.402,5.507,0.0,82.8
14,ns=2;s=Channel2.RX3i.A121,A121,2147516416,ns=2;s=Channel2.RX3i.A122,A122,2147516416,2025-02-13 15:37:19.402,5.507,0.0,82.8
15,ns=2;s=Channel2.RX3i.A123,A123,2147516416,ns=2;s=Channel2.RX3i.A124,A124,2147516416,2025-02-13 15:37:19.402,5.507,0.0,82.8
16,ns=2;s=Channel2.RX3i.A125,A125,2147516416,ns=2;s=Channel2.RX3i.A126,A126,2147516416,2025-02-13 15:37:19.402,5.507,0.0,82.8
17,ns=2;s=Channel2.RX3i.A127,A127,2147516416,ns=2;s=Channel2.RX3i.A128,A128,2745925632,2025-02-13 15:37:19.402,5.507,0.0,82.8
18,ns=2;s=Channel2.RX3i.A129,A129,2147525552,ns=2;s=Channel2.RX3i.A13,A13,2147787701,2025-02-13 15:37:19.402,5.507,20.0,82.8
19,ns=2;s=Channel2.RX3i.A130,A130,2147516416,ns=2;s=Channel2.RX3i.A131,A131,2747367424,2025-02-13 15:37:19.402,5.507,0.0,82.8
20,ns=2;s=Channel2.RX3i.A132,A132,2147525573,ns=2;s=Channel2.RX3i.A133,A133,2147516416,2025-02-13 15:37:19.402,5.507,16.7,82.8
21,ns=2;s=Channel2.RX3i.A134,A134,2147778560,ns=2;s=Channel2.RX3i.A135,A135,2147516420,2025-02-13 15:37:19.402,5.507,0.0,82.8
22,ns=2;s=Channel2.RX3i.A136,A136,2147516416,ns=2;s=Channel2.RX3i.A137,A137,2147516416,2025-02-13 15:37:19.402,5.507,14.3,82.8
23,ns=2;s=Channel2.RX3i.A138,A138,2147647488,ns=2;s=Channel2.RX3i.A139,A139,2147516418,2025-02-13 15:37:19.402,5.507,0.0,82.8
24,ns=2;s=Channel2.RX3i.A14,A14,2147516420,ns=2;s=Channel2.RX3i.A140,A140,2749988864,2025-02-13 15:37:19.402,5.507,0.0,82.8
25,ns=2;s=Channel2.RX3i.A141,A141,2147787757,ns=2;s=Channel2.RX3i.A142,A142,2147516420,2025-02-13 15:37:19.402,5.507,0.0,82.8
1,ns=2;s=Channel2.RX3i.A1,A1,2147525655,ns=2;s=Channel2.RX3i.A10,A10,2147647488,2025-02-13 15:37:24.869,5.467,5.7,83.0
2,ns=2;s=Channel2.RX3i.A100,A100,2147516416,ns=2;s=Channel2.RX3i.A1000,A1000,2147525669,2025-02-13 15:37:24.869,5.467,0.0,83.0
3,ns=2;s=Channel2.RX3i.A101,A101,2754445312,ns=2;s=Channel2.RX3i.A102,A102,2147525682,2025-02-13 15:37:24.869,5.467,0.0,83.0
4,ns=2;s=Channel2.RX3i.A103,A103,32768,ns=2;s=Channel2.RX3i.A104,A104,2147745792,2025-02-13 15:37:24.869,5.467,25.0,83.0
5,ns=2;s=Channel2.RX3i.A105,A105,2147516420,ns=2;s=Channel2.RX3i.A106,A106,2147516416,2025-02-13 15:37:24.869,5.467,0.0,83.0
6,ns=2;s=Channel2.RX3i.A107,A107,2147516416,ns=2;s=Channel2.RX3i.A108,A108,2147647488,2025-02-13 15:37:24.869,5.467,25.0,83.0
7,ns=2;s=Channel2.RX3i.A109,A109,2147516418,ns=2;s=Channel2.RX3i.A11,A11,2147516418,2025-02-13 15:37:24.869,5.467,0.0,83.0
8,ns=2;s=Channel2.RX3i.A110,A110,2757132288,ns=2;s=Channel2.RX3i.A111,A111,2147787866,2025-02-13 15:37:24.869,5.467,33.3,83.0
9,ns=2;s=Channel2.RX3i.A112,A112,2147516420,ns=2;s=Channel2.RX3i.A113,A113,2147516416,2025-02-13 15:37:24.869,5.467,66.7,83.0
10,ns=2;s=Channel2.RX3i.A114,A114,2147516416,ns=2;s=Channel2.RX3i.A115,A115,2147516416,2025-02-13 15:37:24.869,5.467,0.0,83.0
11,ns=2;s=Channel2.RX3i.A116,A116,2147516416,ns=2;s=Channel2.RX3i.A117,A117,2147516416,2025-02-13 15:37:24.869,5.467,0.0,83.0
12,ns=2;s=Channel2.RX3i.A118,A118,2147516416,ns=2;s=Channel2.RX3i.A119,A119,2147516416,2025-02-13 15:37:24.869,5.467,0.0,83.0
13,ns=2;s=Channel2.RX3i.A12,A12,2759950336,ns=2;s=Channel2.RX3i.A120,A120,2147516416,2025-02-13 15:37:24.869,5.467,14.3,83.0
14,ns=2;s=Channel2.RX3i.A121,A121,2147516416,ns=2;s=Channel2.RX3i.A122,A122,2147516416,2025-02-13 15:37:24.869,5.467,0.0,83.0
15,ns=2;s=Channel2.RX3i.A123,A123,2147516416,ns=2;s=Channel2.RX3i.A124,A124,2147516416,2025-02-13 15:37:24.869,5.467,14.3,83.0
16,ns=2;s=Channel2.RX3i.A125,A125,2147516416,ns=2;s=Channel2.RX3i.A126,A126,2147516416,2025-02-13 15:37:24.869,5.467,0.0,83.0
17,ns=2;s=Channel2.RX3i.A127,A127,2147516416,ns=2;s=Channel2.RX3i.A128,A128,2762375168,2025-02-13 15:37:24.869,5.467,12.5,83.0
18,ns=2;s=Channel2.RX3i.A129,A129,2147525803,ns=2;s=Channel2.RX3i.A13,A13,2147787952,2025-02-13 15:37:24.869,5.467,0.0,83.0
19,ns=2;s=Channel2.RX3i.A130,A130,2147516416,ns=2;s=Channel2.RX3i.A131,A131,2763751424,2025-02-13 15:37:24.869,5.467,0.0,83.0
20,ns=2;s=Channel2.RX3i.A132,A132,2147525824,ns=2;s=Channel2.RX3i.A133,A133,2147516416,2025-02-13 15:37:24.869,5.467,14.3,83.0
21,ns=2;s=Channel2.RX3i.A134,A134,2147778560,ns=2;s=Channel2.RX3i.A135,A135,2147516420,2025-02-13 15:37:24.869,5.467,0.0,83.0
22,ns=2;s=Channel2.RX3i.A136,A136,2147516416,ns=2;s=Channel2.RX3i.A137,A137,2147516416,2025-02-13 15:37:24.869,5.467,20.0,83.0
23,ns=2;s=Channel2.RX3i.A138,A138,2147647488,ns=2;s=Channel2.RX3i.A139,A139,2147516418,2025-02-13 15:37:24.869,5.467,0.0,83.0
24,ns=2;s=Channel2.RX3i.A14,A14,2147516420,ns=2;s=Channel2.RX3i.A140,A140,2766372864,2025-02-13 15:37:24.869,5.467,0.0,83.0
25,ns=2;s=Channel2.RX3i.A141,A141,2147788008,ns=2;s=Channel2.RX3i.A142,A142,2147516420,2025-02-13 15:37:24.869,5.467,0.0,83.0
1,ns=2;s=Channel2.RX3i.A1,A1,2147525655,ns=2;s=Channel2.RX3i.A10,A10,2147647488,2025-02-13 15:37:24.867,5.466,5.7,83.0
2,ns=2;s=Channel2.RX3i.A100,A100,2147516416,ns=2;s=Channel2.RX3i.A1000,A1000,2147525669,2025-02-13 15:37:24.867,5.466,0.0,83.0
3,ns=2;s=Channel2.RX3i.A101,A101,2754445312,ns=2;s=Channel2.RX3i.A102,A102,2147525682,2025-02-13 15:37:24.867,5.466,0.0,83.0
4,ns=2;s=Channel2.RX3i.A103,A103,32768,ns=2;s=Channel2.RX3i.A104,A104,2147745792,2025-02-13 15:37:24.867,5.466,28.6,83.0
5,ns=2;s=Channel2.RX3i.A105,A105,2147516420,ns=2;s=Channel2.RX3i.A106,A106,2147516416,2025-02-13 15:37:24.867,5.466,0.0,83.0
6,ns=2;s=Channel2.RX3i.A107,A107,2147516416,ns=2;s=Channel2.RX3i.A108,A108,2147647488,2025-02-13 15:37:24.867,5.466,25.0,83.0
7,ns=2;s=Channel2.RX3i.A109,A109,2147516418,ns=2;s=Channel2.RX3i.A11,A11,2147516418,2025-02-13 15:37:24.867,5.466,0.0,83.0
8,ns=2;s=Channel2.RX3i.A110,A110,2757132288,ns=2;s=Channel2.RX3i.A111,A111,2147787866,2025-02-13 15:37:24.867,5.466,33.3,83.0
9,ns=2;s=Channel2.RX3i.A112,A112,2147516420,ns=2;s=Channel2.RX3i.A113,A113,2147516416,2025-02-13 15:37:24.867,5.466,57.1,83.0
10,ns=2;s=Channel2.RX3i.A114,A114,2147516416,ns=2;s=Channel2.RX3i.A115,A115,2147516416,2025-02-13 15:37:24.867,5.466,0.0,83.0
11,ns=2;s=Channel2.RX3i.A116,A116,2147516416,ns=2;s=Channel2.RX3i.A117,A117,2147516416,2025-02-13 15:37:24.867,5.466,0.0,83.0
12,ns=2;s=Channel2.RX3i.A118,A118,2147516416,ns=2;s=Channel2.RX3i.A119,A119,2147516416,2025-02-13 15:37:24.867,5.466,0.0,83.0
13,ns=2;s=Channel2.RX3i.A12,A12,2759950336,ns=2;s=Channel2.RX3i.A120,A120,2147516416,2025-02-13 15:37:24.867,5.466,16.7,83.0
14,ns=2;s=Channel2.RX3i.A121,A121,2147516416,ns=2;s=Channel2.RX3i.A122,A122,2147516416,2025-02-13 15:37:24.867,5.466,0.0,83.0
15,ns=2;s=Channel2.RX3i.A123,A123,2147516416,ns=2;s=Channel2.RX3i.A124,A124,2147516416,2025-02-13 15:37:24.867,5.466,16.7,83.0
16,ns=2;s=Channel2.RX3i.A125,A125,2147516416,ns=2;s=Channel2.RX3i.A126,A126,2147516416,2025-02-13 15:37:24.867,5.466,0.0,83.0
17,ns=2;s=Channel2.RX3i.A127,A127,2147516416,ns=2;s=Channel2.RX3i.A128,A128,2762375168,2025-02-13 15:37:24.867,5.466,12.5,83.0
18,ns=2;s=Channel2.RX3i.A129,A129,2147525803,ns=2;s=Channel2.RX3i.A13,A13,2147787952,2025-02-13 15:37:24.867,5.466,0.0,83.0
19,ns=2;s=Channel2.RX3i.A130,A130,2147516416,ns=2;s=Channel2.RX3i.A131,A131,2763751424,2025-02-13 15:37:24.867,5.466,0.0,83.0
20,ns=2;s=Channel2.RX3i.A132,A132,2147525824,ns=2;s=Channel2.RX3i.A133,A133,2147516416,2025-02-13 15:37:24.867,5.466,16.7,83.0
21,ns=2;s=Channel2.RX3i.A134,A134,2147778560,ns=2;s=Channel2.RX3i.A135,A135,2147516420,2025-02-13 15:37:24.867,5.466,0.0,83.0
22,ns=2;s=Channel2.RX3i.A136,A136,2147516416,ns=2;s=Channel2.RX3i.A137,A137,2147516416,2025-02-13 15:37:24.867,5.466,14.3,83.0
23,ns=2;s=Channel2.RX3i.A138,A138,2147647488,ns=2;s=Channel2.RX3i.A139,A139,2147516418,2025-02-13 15:37:24.867,5.466,0.0,83.0
24,ns=2;s=Channel2.RX3i.A14,A14,2147516420,ns=2;s=Channel2.RX3i.A140,A140,2766372864,2025-02-13 15:37:24.867,5.466,0.0,83.0
25,ns=2;s=Channel2.RX3i.A141,A141,2147788008,ns=2;s=Channel2.RX3i.A142,A142,2147516420,2025-02-13 15:37:24.867,5.466,0.0,83.0
1,ns=2;s=Channel2.RX3i.A1,A1,2147525907,ns=2;s=Channel2.RX3i.A10,A10,2147647488,2025-02-13 15:37:30.353,5.484,10.3,83.1
2,ns=2;s=Channel2.RX3i.A100,A100,2147516416,ns=2;s=Channel2.RX3i.A1000,A1000,2147525920,2025-02-13 15:37:30.353,5.484,0.0,83.1
3,ns=2;s=Channel2.RX3i.A101,A101,2770960384,ns=2;s=Channel2.RX3i.A102,A102,2147525933,2025-02-13 15:37:30.353,5.484,14.3,83.1
4,ns=2;s=Channel2.RX3i.A103,A103,32768,ns=2;s=Channel2.RX3i.A104,A104,2147745792,2025-02-13 15:37:30.353,5.484,0.0,83.1
5,ns=2;s=Channel2.RX3i.A105,A105,2147516420,ns=2;s=Channel2.RX3i.A106,A106,2147516416,2025-02-13 15:37:30.353,5.484,28.6,83.1
6,ns=2;s=Channel2.RX3i.A107,A107,2147516416,ns=2;s=Channel2.RX3i.A108,A108,2147647488,2025-02-13 15:37:30.353,5.484,20.0,83.1
7,ns=2;s=Channel2.RX3i.A109,A109,2147516418,ns=2;s=Channel2.RX3i.A11,A11,2147516418,2025-02-13 15:37:30.353,5.484,0.0,83.1
8,ns=2;s=Channel2.RX3i.A110,A110,2773581824,ns=2;s=Channel2.RX3i.A111,A111,2147788117,2025-02-13 15:37:30.353,5.484,28.6,83.1
9,ns=2;s=Channel2.RX3i.A112,A112,2147516420,ns=2;s=Channel2.RX3i.A113,A113,2147516416,2025-02-13 15:37:30.353,5.484,16.7,83.1
10,ns=2;s=Channel2.RX3i.A114,A114,2147516416,ns=2;s=Channel2.RX3i.A115,A115,2147516416,2025-02-13 15:37:30.353,5.484,0.0,83.1
11,ns=2;s=Channel2.RX3i.A116,A116,2147516416,ns=2;s=Channel2.RX3i.A117,A117,2147516416,2025-02-13 15:37:30.353,5.484,25.0,83.1
12,ns=2;s=Channel2.RX3i.A118,A118,2147516416,ns=2;s=Channel2.RX3i.A119,A119,2147516416,2025-02-13 15:37:30.353,5.484,0.0,83.1
13,ns=2;s=Channel2.RX3i.A12,A12,2776399872,ns=2;s=Channel2.RX3i.A120,A120,2147516416,2025-02-13 15:37:30.353,5.484,50.0,83.1
14,ns=2;s=Channel2.RX3i.A121,A121,2147516416,ns=2;s=Channel2.RX3i.A122,A122,2147516416,2025-02-13 15:37:30.353,5.484,0.0,83.1
15,ns=2;s=Channel2.RX3i.A123,A123,2147516416,ns=2;s=Channel2.RX3i.A124,A124,2147516416,2025-02-13 15:37:30.353,5.484,16.7,83.1
16,ns=2;s=Channel2.RX3i.A125,A125,2147516416,ns=2;s=Channel2.RX3i.A126,A126,2147516416,2025-02-13 15:37:30.353,5.484,0.0,83.1
17,ns=2;s=Channel2.RX3i.A127,A127,2147516416,ns=2;s=Channel2.RX3i.A128,A128,2778955776,2025-02-13 15:37:30.353,5.484,14.3,83.1
18,ns=2;s=Channel2.RX3i.A129,A129,2147526055,ns=2;s=Channel2.RX3i.A13,A13,2147788204,2025-02-13 15:37:30.353,5.484,0.0,83.2
19,ns=2;s=Channel2.RX3i.A130,A130,2147516416,ns=2;s=Channel2.RX3i.A131,A131,2780332032,2025-02-13 15:37:30.353,5.484,0.0,83.2
20,ns=2;s=Channel2.RX3i.A132,A132,2147526076,ns=2;s=Channel2.RX3i.A133,A133,2147516416,2025-02-13 15:37:30.353,5.484,50.0,83.1
21,ns=2;s=Channel2.RX3i.A134,A134,2147778560,ns=2;s=Channel2.RX3i.A135,A135,2147516420,2025-02-13 15:37:30.353,5.484,14.3,83.1
22,ns=2;s=Channel2.RX3i.A136,A136,2147516416,ns=2;s=Channel2.RX3i.A137,A137,2147516416,2025-02-13 15:37:30.353,5.484,33.3,83.2
23,ns=2;s=Channel2.RX3i.A138,A138,2147647488,ns=2;s=Channel2.RX3i.A139,A139,2147516418,2025-02-13 15:37:30.353,5.484,0.0,83.2
24,ns=2;s=Channel2.RX3i.A14,A14,2147516420,ns=2;s=Channel2.RX3i.A140,A140,2782953472,2025-02-13 15:37:30.353,5.484,0.0,83.2
25,ns=2;s=Channel2.RX3i.A141,A141,2147788260,ns=2;s=Channel2.RX3i.A142,A142,2147516420,2025-02-13 15:37:30.353,5.484,0.0,83.2
1,ns=2;s=Channel2.RX3i.A1,A1,2147525907,ns=2;s=Channel2.RX3i.A10,A10,2147647488,2025-02-13 15:37:30.358,5.491,10.4,83.1
2,ns=2;s=Channel2.RX3i.A100,A100,2147516416,ns=2;s=Channel2.RX3i.A1000,A1000,2147525920,2025-02-13 15:37:30.358,5.491,0.0,83.1
3,ns=2;s=Channel2.RX3i.A101,A101,2770960384,ns=2;s=Channel2.RX3i.A102,A102,2147525933,2025-02-13 15:37:30.358,5.491,33.3,83.1
4,ns=2;s=Channel2.RX3i.A103,A103,32768,ns=2;s=Channel2.RX3i.A104,A104,2147745792,2025-02-13 15:37:30.358,5.491,0.0,83.1
5,ns=2;s=Channel2.RX3i.A105,A105,2147516420,ns=2;s=Channel2.RX3i.A106,A106,2147516416,2025-02-13 15:37:30.358,5.491,28.6,83.1
6,ns=2;s=Channel2.RX3i.A107,A107,2147516416,ns=2;s=Channel2.RX3i.A108,A108,2147647488,2025-02-13 15:37:30.358,5.491,20.0,83.1
7,ns=2;s=Channel2.RX3i.A109,A109,2147516418,ns=2;s=Channel2.RX3i.A11,A11,2147516418,2025-02-13 15:37:30.358,5.491,0.0,83.1
8,ns=2;s=Channel2.RX3i.A110,A110,2773581824,ns=2;s=Channel2.RX3i.A111,A111,2147788117,2025-02-13 15:37:30.358,5.491,28.6,83.1
9,ns=2;s=Channel2.RX3i.A112,A112,2147516420,ns=2;s=Channel2.RX3i.A113,A113,2147516416,2025-02-13 15:37:30.358,5.491,33.3,83.1
10,ns=2;s=Channel2.RX3i.A114,A114,2147516416,ns=2;s=Channel2.RX3i.A115,A115,2147516416,2025-02-13 15:37:30.358,5.491,0.0,83.1
11,ns=2;s=Channel2.RX3i.A116,A116,2147516416,ns=2;s=Channel2.RX3i.A117,A117,2147516416,2025-02-13 15:37:30.358,5.491,25.0,83.1
12,ns=2;s=Channel2.RX3i.A118,A118,2147516416,ns=2;s=Channel2.RX3i.A119,A119,2147516416,2025-02-13 15:37:30.358,5.491,0.0,83.1
13,ns=2;s=Channel2.RX3i.A12,A12,2776399872,ns=2;s=Channel2.RX3i.A120,A120,2147516416,2025-02-13 15:37:30.358,5.491,12.5,83.1
14,ns=2;s=Channel2.RX3i.A121,A121,2147516416,ns=2;s=Channel2.RX3i.A122,A122,2147516416,2025-02-13 15:37:30.358,5.491,0.0,83.1
15,ns=2;s=Channel2.RX3i.A123,A123,2147516416,ns=2;s=Channel2.RX3i.A124,A124,2147516416,2025-02-13 15:37:30.358,5.491,16.7,83.1
16,ns=2;s=Channel2.RX3i.A125,A125,2147516416,ns=2;s=Channel2.RX3i.A126,A126,2147516416,2025-02-13 15:37:30.358,5.491,33.3,83.1
17,ns=2;s=Channel2.RX3i.A127,A127,2147516416,ns=2;s=Channel2.RX3i.A128,A128,2778955776,2025-02-13 15:37:30.358,5.491,0.0,83.1
18,ns=2;s=Channel2.RX3i.A129,A129,2147526055,ns=2;s=Channel2.RX3i.A13,A13,2147788204,2025-02-13 15:37:30.358,5.491,0.0,83.2
19,ns=2;s=Channel2.RX3i.A130,A130,2147516416,ns=2;s=Channel2.RX3i.A131,A131,2780332032,2025-02-13 15:37:30.358,5.491,33.3,83.1
20,ns=2;s=Channel2.RX3i.A132,A132,2147526076,ns=2;s=Channel2.RX3i.A133,A133,2147516416,2025-02-13 15:37:30.358,5.491,16.7,83.1
21,ns=2;s=Channel2.RX3i.A134,A134,2147778560,ns=2;s=Channel2.RX3i.A135,A135,2147516420,2025-02-13 15:37:30.358,5.491,25.0,83.2
22,ns=2;s=Channel2.RX3i.A136,A136,2147516416,ns=2;s=Channel2.RX3i.A137,A137,2147516416,2025-02-13 15:37:30.358,5.491,33.3,83.2
23,ns=2;s=Channel2.RX3i.A138,A138,2147647488,ns=2;s=Channel2.RX3i.A139,A139,2147516418,2025-02-13 15:37:30.358,5.491,0.0,83.2
24,ns=2;s=Channel2.RX3i.A14,A14,2147516420,ns=2;s=Channel2.RX3i.A140,A140,2782953472,2025-02-13 15:37:30.358,5.491,0.0,83.2
25,ns=2;s=Channel2.RX3i.A141,A141,2147788260,ns=2;s=Channel2.RX3i.A142,A142,2147516420,2025-02-13 15:37:30.358,5.491,14.3,83.2
1,ns=2;s=Channel2.RX3i.A1,A1,2147526158,ns=2;s=Channel2.RX3i.A10,A10,2147647488,2025-02-13 15:37:35.832,5.479,3.6,83.3
2,ns=2;s=Channel2.RX3i.A100,A100,2147516416,ns=2;s=Channel2.RX3i.A1000,A1000,2147526172,2025-02-13 15:37:35.832,5.479,16.7,83.3
3,ns=2;s=Channel2.RX3i.A101,A101,2787475456,ns=2;s=Channel2.RX3i.A102,A102,2147526185,2025-02-13 15:37:35.832,5.479,0.0,83.3
4,ns=2;s=Channel2.RX3i.A103,A103,32768,ns=2;s=Channel2.RX3i.A104,A104,2147745792,2025-02-13 15:37:35.832,5.479,0.0,83.3
5,ns=2;s=Channel2.RX3i.A105,A105,2147516420,ns=2;s=Channel2.RX3i.A106,A106,2147516416,2025-02-13 15:37:35.832,5.479,0.0,83.3
6,ns=2;s=Channel2.RX3i.A107,A107,2147516416,ns=2;s=Channel2.RX3i.A108,A108,2147647488,2025-02-13 15:37:35.832,5.479,40.0,83.3
7,ns=2;s=Channel2.RX3i.A109,A109,2147516418,ns=2;s=Channel2.RX3i.A11,A11,2147516418,2025-02-13 15:37:35.832,5.479,0.0,83.3
8,ns=2;s=Channel2.RX3i.A110,A110,2790162432,ns=2;s=Channel2.RX3i.A111,A111,2147788370,2025-02-13 15:37:35.832,5.479,28.6,83.3
9,ns=2;s=Channel2.RX3i.A112,A112,2147516420,ns=2;s=Channel2.RX3i.A113,A113,2147516416,2025-02-13 15:37:35.832,5.479,0.0,83.3
10,ns=2;s=Channel2.RX3i.A114,A114,2147516416,ns=2;s=Channel2.RX3i.A115,A115,2147516416,2025-02-13 15:37:35.832,5.479,0.0,83.3
11,ns=2;s=Channel2.RX3i.A116,A116,2147516416,ns=2;s=Channel2.RX3i.A117,A117,2147516416,2025-02-13 15:37:35.832,5.479,14.3,83.3
12,ns=2;s=Channel2.RX3i.A118,A118,2147516416,ns=2;s=Channel2.RX3i.A119,A119,2147516416,2025-02-13 15:37:35.832,5.479,0.0,83.3
13,ns=2;s=Channel2.RX3i.A12,A12,2792980480,ns=2;s=Channel2.RX3i.A120,A120,2147516416,2025-02-13 15:37:35.832,5.479,28.6,83.3
14,ns=2;s=Channel2.RX3i.A121,A121,2147516416,ns=2;s=Channel2.RX3i.A122,A122,2147516416,2025-02-13 15:37:35.832,5.479,0.0,83.3
15,ns=2;s=Channel2.RX3i.A123,A123,2147516416,ns=2;s=Channel2.RX3i.A124,A124,2147516416,2025-02-13 15:37:35.832,5.479,12.5,83.3
16,ns=2;s=Channel2.RX3i.A125,A125,2147516416,ns=2;s=Channel2.RX3i.A126,A126,2147516416,2025-02-13 15:37:35.832,5.479,40.0,83.3
17,ns=2;s=Channel2.RX3i.A127,A127,2147516416,ns=2;s=Channel2.RX3i.A128,A128,2795405312,2025-02-13 15:37:35.832,5.479,0.0,83.3
18,ns=2;s=Channel2.RX3i.A129,A129,2147526307,ns=2;s=Channel2.RX3i.A13,A13,2147788456,2025-02-13 15:37:35.832,5.479,12.5,83.3
19,ns=2;s=Channel2.RX3i.A130,A130,2147516416,ns=2;s=Channel2.RX3i.A131,A131,2796847104,2025-02-13 15:37:35.832,5.479,0.0,83.3
20,ns=2;s=Channel2.RX3i.A132,A132,2147526328,ns=2;s=Channel2.RX3i.A133,A133,2147516416,2025-02-13 15:37:35.832,5.479,12.5,83.3
21,ns=2;s=Channel2.RX3i.A134,A134,2147778560,ns=2;s=Channel2.RX3i.A135,A135,2147516420,2025-02-13 15:37:35.832,5.479,16.7,83.3
22,ns=2;s=Channel2.RX3i.A136,A136,2147516416,ns=2;s=Channel2.RX3i.A137,A137,2147516416,2025-02-13 15:37:35.832,5.479,0.0,83.3
23,ns=2;s=Channel2.RX3i.A138,A138,2147647488,ns=2;s=Channel2.RX3i.A139,A139,2147516418,2025-02-13 15:37:35.832,5.479,0.0,83.3
24,ns=2;s=Channel2.RX3i.A14,A14,2147516420,ns=2;s=Channel2.RX3i.A140,A140,2799468544,2025-02-13 15:37:35.832,5.479,12.5,83.3
25,ns=2;s=Channel2.RX3i.A141,A141,2147788512,ns=2;s=Channel2.RX3i.A142,A142,2147516420,2025-02-13 15:37:35.832,5.479,42.9,83.3
1,ns=2;s=Channel2.RX3i.A1,A1,2147526158,ns=2;s=Channel2.RX3i.A10,A10,2147647488,2025-02-13 15:37:35.879,5.521,3.6,83.3
2,ns=2;s=Channel2.RX3i.A100,A100,2147516416,ns=2;s=Channel2.RX3i.A1000,A1000,2147526172,2025-02-13 15:37:35.879,5.521,20.0,83.3
3,ns=2;s=Channel2.RX3i.A101,A101,2787475456,ns=2;s=Channel2.RX3i.A102,A102,2147526185,2025-02-13 15:37:35.879,5.521,0.0,83.3
4,ns=2;s=Channel2.RX3i.A103,A103,32768,ns=2;s=Channel2.RX3i.A104,A104,2147745792,2025-02-13 15:37:35.879,5.521,0.0,83.3
5,ns=2;s=Channel2.RX3i.A105,A105,2147516420,ns=2;s=Channel2.RX3i.A106,A106,2147516416,2025-02-13 15:37:35.879,5.521,0.0,83.3
6,ns=2;s=Channel2.RX3i.A107,A107,2147516416,ns=2;s=Channel2.RX3i.A108,A108,2147647488,2025-02-13 15:37:35.879,5.521,36.4,83.3
7,ns=2;s=Channel2.RX3i.A109,A109,2147516418,ns=2;s=Channel2.RX3i.A11,A11,2147516418,2025-02-13 15:37:35.879,5.521,0.0,83.3
8,ns=2;s=Channel2.RX3i.A110,A110,2790162432,ns=2;s=Channel2.RX3i.A111,A111,2147788370,2025-02-13 15:37:35.879,5.521,28.6,83.3
9,ns=2;s=Channel2.RX3i.A112,A112,2147516420,ns=2;s=Channel2.RX3i.A113,A113,2147516416,2025-02-13 15:37:35.879,5.521,0.0,83.3
10,ns=2;s=Channel2.RX3i.A114,A114,2147516416,ns=2;s=Channel2.RX3i.A115,A115,2147516416,2025-02-13 15:37:35.879,5.521,0.0,83.3
11,ns=2;s=Channel2.RX3i.A116,A116,2147516416,ns=2;s=Channel2.RX3i.A117,A117,2147516416,2025-02-13 15:37:35.879,5.521,12.5,83.3
12,ns=2;s=Channel2.RX3i.A118,A118,2147516416,ns=2;s=Channel2.RX3i.A119,A119,2147516416,2025-02-13 15:37:35.879,5.521,0.0,83.3
13,ns=2;s=Channel2.RX3i.A12,A12,2792980480,ns=2;s=Channel2.RX3i.A120,A120,2147516416,2025-02-13 15:37:35.879,5.521,25.0,83.3
14,ns=2;s=Channel2.RX3i.A121,A121,2147516416,ns=2;s=Channel2.RX3i.A122,A122,2147516416,2025-02-13 15:37:35.879,5.521,20.0,83.3
15,ns=2;s=Channel2.RX3i.A123,A123,2147516416,ns=2;s=Channel2.RX3i.A124,A124,2147516416,2025-02-13 15:37:35.879,5.521,0.0,83.3
16,ns=2;s=Channel2.RX3i.A125,A125,2147516416,ns=2;s=Channel2.RX3i.A126,A126,2147516416,2025-02-13 15:37:35.879,5.521,25.0,83.3
17,ns=2;s=Channel2.RX3i.A127,A127,2147516416,ns=2;s=Channel2.RX3i.A128,A128,2795405312,2025-02-13 15:37:35.879,5.521,0.0,83.3
18,ns=2;s=Channel2.RX3i.A129,A129,2147526307,ns=2;s=Channel2.RX3i.A13,A13,2147788456,2025-02-13 15:37:35.879,5.521,12.5,83.3
19,ns=2;s=Channel2.RX3i.A130,A130,2147516416,ns=2;s=Channel2.RX3i.A131,A131,2796847104,2025-02-13 15:37:35.879,5.521,12.5,83.3
20,ns=2;s=Channel2.RX3i.A132,A132,2147526328,ns=2;s=Channel2.RX3i.A133,A133,2147516416,2025-02-13 15:37:35.879,5.521,0.0,83.3
21,ns=2;s=Channel2.RX3i.A134,A134,2147778560,ns=2;s=Channel2.RX3i.A135,A135,2147516420,2025-02-13 15:37:35.879,5.521,12.5,83.3
22,ns=2;s=Channel2.RX3i.A136,A136,2147516416,ns=2;s=Channel2.RX3i.A137,A137,2147516416,2025-02-13 15:37:35.879,5.521,0.0,83.3
23,ns=2;s=Channel2.RX3i.A138,A138,2147647488,ns=2;s=Channel2.RX3i.A139,A139,2147516418,2025-02-13 15:37:35.879,5.521,12.5,83.3
24,ns=2;s=Channel2.RX3i.A14,A14,2147516420,ns=2;s=Channel2.RX3i.A140,A140,2799468544,2025-02-13 15:37:35.879,5.521,20.0,83.3
25,ns=2;s=Channel2.RX3i.A141,A141,2147788512,ns=2;s=Channel2.RX3i.A142,A142,2147516420,2025-02-13 15:37:35.879,5.521,100.0,83.3
1,ns=2;s=Channel2.RX3i.A1,A1,2147526411,ns=2;s=Channel2.RX3i.A10,A10,2147647488,2025-02-13 15:37:41.353,5.475,4.8,83.3
2,ns=2;s=Channel2.RX3i.A100,A100,2147516416,ns=2;s=Channel2.RX3i.A1000,A1000,2147526426,2025-02-13 15:37:41.353,5.475,0.0,83.3
3,ns=2;s=Channel2.RX3i.A101,A101,2804056064,ns=2;s=Channel2.RX3i.A102,A102,2147526438,2025-02-13 15:37:41.353,5.475,0.0,83.3
4,ns=2;s=Channel2.RX3i.A103,A103,32768,ns=2;s=Channel2.RX3i.A104,A104,2147745792,2025-02-13 15:37:41.353,5.475,12.5,83.3
5,ns=2;s=Channel2.RX3i.A105,A105,2147516420,ns=2;s=Channel2.RX3i.A106,A106,2147516416,2025-02-13 15:37:41.353,5.475,16.7,83.3
6,ns=2;s=Channel2.RX3i.A107,A107,2147516416,ns=2;s=Channel2.RX3i.A108,A108,2147647488,2025-02-13 15:37:41.353,5.475,100.0,83.3
7,ns=2;s=Channel2.RX3i.A109,A109,2147516418,ns=2;s=Channel2.RX3i.A11,A11,2147516418,2025-02-13 15:37:41.353,5.475,0.0,83.3
8,ns=2;s=Channel2.RX3i.A110,A110,2806677504,ns=2;s=Channel2.RX3i.A111,A111,2147788623,2025-02-13 15:37:41.353,5.475,40.0,83.3
9,ns=2;s=Channel2.RX3i.A112,A112,2147516420,ns=2;s=Channel2.RX3i.A113,A113,2147516416,2025-02-13 15:37:41.353,5.475,0.0,83.3
10,ns=2;s=Channel2.RX3i.A114,A114,2147516416,ns=2;s=Channel2.RX3i.A115,A115,2147516416,2025-02-13 15:37:41.353,5.475,0.0,83.3
11,ns=2;s=Channel2.RX3i.A116,A116,2147516416,ns=2;s=Channel2.RX3i.A117,A117,2147516416,2025-02-13 15:37:41.353,5.475,12.5,83.3
12,ns=2;s=Channel2.RX3i.A118,A118,2147516416,ns=2;s=Channel2.RX3i.A119,A119,2147516416,2025-02-13 15:37:41.353,5.475,0.0,83.3
13,ns=2;s=Channel2.RX3i.A12,A12,2809495552,ns=2;s=Channel2.RX3i.A120,A120,2147516416,2025-02-13 15:37:41.353,5.475,33.3,83.3
14,ns=2;s=Channel2.RX3i.A121,A121,2147516416,ns=2;s=Channel2.RX3i.A122,A122,2147516416,2025-02-13 15:37:41.353,5.475,0.0,83.3
15,ns=2;s=Channel2.RX3i.A123,A123,2147516416,ns=2;s=Channel2.RX3i.A124,A124,2147516416,2025-02-13 15:37:41.353,5.475,0.0,83.3
16,ns=2;s=Channel2.RX3i.A125,A125,2147516416,ns=2;s=Channel2.RX3i.A126,A126,2147516416,2025-02-13 15:37:41.353,5.475,0.0,83.3
17,ns=2;s=Channel2.RX3i.A127,A127,2147516416,ns=2;s=Channel2.RX3i.A128,A128,2811985920,2025-02-13 15:37:41.353,5.475,0.0,83.3
18,ns=2;s=Channel2.RX3i.A129,A129,2147526559,ns=2;s=Channel2.RX3i.A13,A13,2147788708,2025-02-13 15:37:41.353,5.475,33.3,83.3
19,ns=2;s=Channel2.RX3i.A130,A130,2147516416,ns=2;s=Channel2.RX3i.A131,A131,2813362176,2025-02-13 15:37:41.353,5.475,0.0,83.3
20,ns=2;s=Channel2.RX3i.A132,A132,2147526581,ns=2;s=Channel2.RX3i.A133,A133,2147516416,2025-02-13 15:37:41.353,5.475,14.3,83.3
21,ns=2;s=Channel2.RX3i.A134,A134,2147778560,ns=2;s=Channel2.RX3i.A135,A135,2147516420,2025-02-13 15:37:41.353,5.475,0.0,83.3
22,ns=2;s=Channel2.RX3i.A136,A136,2147516416,ns=2;s=Channel2.RX3i.A137,A137,2147516416,2025-02-13 15:37:41.353,5.475,0.0,83.3
23,ns=2;s=Channel2.RX3i.A138,A138,2147647488,ns=2;s=Channel2.RX3i.A139,A139,2147516418,2025-02-13 15:37:41.353,5.475,0.0,83.3
24,ns=2;s=Channel2.RX3i.A14,A14,2147516420,ns=2;s=Channel2.RX3i.A140,A140,2816049152,2025-02-13 15:37:41.353,5.475,0.0,83.3
25,ns=2;s=Channel2.RX3i.A141,A141,2147788765,ns=2;s=Channel2.RX3i.A142,A142,2147516420,2025-02-13 15:37:41.353,5.475,100.0,83.3
1,ns=2;s=Channel2.RX3i.A1,A1,2147526411,ns=2;s=Channel2.RX3i.A10,A10,2147647488,2025-02-13 15:37:41.337,5.505,4.8,83.3
2,ns=2;s=Channel2.RX3i.A100,A100,2147516416,ns=2;s=Channel2.RX3i.A1000,A1000,2147526426,2025-02-13 15:37:41.337,5.505,0.0,83.3
3,ns=2;s=Channel2.RX3i.A101,A101,2804056064,ns=2;s=Channel2.RX3i.A102,A102,2147526438,2025-02-13 15:37:41.337,5.505,0.0,83.3
4,ns=2;s=Channel2.RX3i.A103,A103,32768,ns=2;s=Channel2.RX3i.A104,A104,2147745792,2025-02-13 15:37:41.337,5.505,14.3,83.3
5,ns=2;s=Channel2.RX3i.A105,A105,2147516420,ns=2;s=Channel2.RX3i.A106,A106,2147516416,2025-02-13 15:37:41.337,5.505,0.0,83.3
6,ns=2;s=Channel2.RX3i.A107,A107,2147516416,ns=2;s=Channel2.RX3i.A108,A108,2147647488,2025-02-13 15:37:41.337,5.505,37.5,83.3
7,ns=2;s=Channel2.RX3i.A109,A109,2147516418,ns=2;s=Channel2.RX3i.A11,A11,2147516418,2025-02-13 15:37:41.337,5.505,0.0,83.3
8,ns=2;s=Channel2.RX3i.A110,A110,2806677504,ns=2;s=Channel2.RX3i.A111,A111,2147788623,2025-02-13 15:37:41.337,5.505,22.2,83.3
9,ns=2;s=Channel2.RX3i.A112,A112,2147516420,ns=2;s=Channel2.RX3i.A113,A113,2147516416,2025-02-13 15:37:41.337,5.505,0.0,83.3
10,ns=2;s=Channel2.RX3i.A114,A114,2147516416,ns=2;s=Channel2.RX3i.A115,A115,2147516416,2025-02-13 15:37:41.337,5.505,0.0,83.3
11,ns=2;s=Channel2.RX3i.A116,A116,2147516416,ns=2;s=Channel2.RX3i.A117,A117,2147516416,2025-02-13 15:37:41.337,5.505,14.3,83.3
12,ns=2;s=Channel2.RX3i.A118,A118,2147516416,ns=2;s=Channel2.RX3i.A119,A119,2147516416,2025-02-13 15:37:41.337,5.505,0.0,83.3
13,ns=2;s=Channel2.RX3i.A12,A12,2809495552,ns=2;s=Channel2.RX3i.A120,A120,2147516416,2025-02-13 15:37:41.337,5.505,12.5,83.3
14,ns=2;s=Channel2.RX3i.A121,A121,2147516416,ns=2;s=Channel2.RX3i.A122,A122,2147516416,2025-02-13 15:37:41.337,5.505,0.0,83.3
15,ns=2;s=Channel2.RX3i.A123,A123,2147516416,ns=2;s=Channel2.RX3i.A124,A124,2147516416,2025-02-13 15:37:41.337,5.505,0.0,83.3
16,ns=2;s=Channel2.RX3i.A125,A125,2147516416,ns=2;s=Channel2.RX3i.A126,A126,2147516416,2025-02-13 15:37:41.337,5.505,0.0,83.3
17,ns=2;s=Channel2.RX3i.A127,A127,2147516416,ns=2;s=Channel2.RX3i.A128,A128,2811985920,2025-02-13 15:37:41.337,5.505,0.0,83.3
18,ns=2;s=Channel2.RX3i.A129,A129,2147526559,ns=2;s=Channel2.RX3i.A13,A13,2147788708,2025-02-13 15:37:41.337,5.505,14.3,83.3
19,ns=2;s=Channel2.RX3i.A130,A130,2147516416,ns=2;s=Channel2.RX3i.A131,A131,2813362176,2025-02-13 15:37:41.337,5.505,0.0,83.3
20,ns=2;s=Channel2.RX3i.A132,A132,2147526581,ns=2;s=Channel2.RX3i.A133,A133,2147516416,2025-02-13 15:37:41.337,5.505,14.3,83.3
21,ns=2;s=Channel2.RX3i.A134,A134,2147778560,ns=2;s=Channel2.RX3i.A135,A135,2147516420,2025-02-13 15:37:41.337,5.505,0.0,83.3
22,ns=2;s=Channel2.RX3i.A136,A136,2147516416,ns=2;s=Channel2.RX3i.A137,A137,2147516416,2025-02-13 15:37:41.337,5.505,0.0,83.3
23,ns=2;s=Channel2.RX3i.A138,A138,2147647488,ns=2;s=Channel2.RX3i.A139,A139,2147516418,2025-02-13 15:37:41.337,5.505,0.0,83.3
24,ns=2;s=Channel2.RX3i.A14,A14,2147516420,ns=2;s=Channel2.RX3i.A140,A140,2816049152,2025-02-13 15:37:41.337,5.505,14.3,83.3
25,ns=2;s=Channel2.RX3i.A141,A141,2147788765,ns=2;s=Channel2.RX3i.A142,A142,2147516420,2025-02-13 15:37:41.337,5.505,0.0,83.3
1,ns=2;s=Channel2.RX3i.A1,A1,2147526663,ns=2;s=Channel2.RX3i.A10,A10,2147647488,2025-02-13 15:37:46.824,5.487,3.9,83.2
2,ns=2;s=Channel2.RX3i.A100,A100,2147516416,ns=2;s=Channel2.RX3i.A1000,A1000,2147526677,2025-02-13 15:37:46.824,5.487,16.7,83.2
3,ns=2;s=Channel2.RX3i.A101,A101,2820505600,ns=2;s=Channel2.RX3i.A102,A102,2147526689,2025-02-13 15:37:46.824,5.487,0.0,83.2
4,ns=2;s=Channel2.RX3i.A103,A103,32768,ns=2;s=Channel2.RX3i.A104,A104,2147745792,2025-02-13 15:37:46.824,5.487,20.0,83.2
5,ns=2;s=Channel2.RX3i.A105,A105,2147516420,ns=2;s=Channel2.RX3i.A106,A106,2147516416,2025-02-13 15:37:46.824,5.487,0.0,83.2
6,ns=2;s=Channel2.RX3i.A107,A107,2147516416,ns=2;s=Channel2.RX3i.A108,A108,2147647488,2025-02-13 15:37:46.824,5.487,14.3,83.2
7,ns=2;s=Channel2.RX3i.A109,A109,2147516418,ns=2;s=Channel2.RX3i.A11,A11,2147516418,2025-02-13 15:37:46.824,5.487,0.0,83.2
8,ns=2;s=Channel2.RX3i.A110,A110,2823127040,ns=2;s=Channel2.RX3i.A111,A111,2147788873,2025-02-13 15:37:46.824,5.487,0.0,83.2
9,ns=2;s=Channel2.RX3i.A112,A112,2147516420,ns=2;s=Channel2.RX3i.A113,A113,2147516416,2025-02-13 15:37:46.824,5.487,25.0,83.1
10,ns=2;s=Channel2.RX3i.A114,A114,2147516416,ns=2;s=Channel2.RX3i.A115,A115,2147516416,2025-02-13 15:37:46.824,5.487,0.0,83.1
11,ns=2;s=Channel2.RX3i.A116,A116,2147516416,ns=2;s=Channel2.RX3i.A117,A117,2147516416,2025-02-13 15:37:46.824,5.487,12.5,83.1
12,ns=2;s=Channel2.RX3i.A118,A118,2147516416,ns=2;s=Channel2.RX3i.A119,A119,2147516416,2025-02-13 15:37:46.824,5.487,0.0,83.1
13,ns=2;s=Channel2.RX3i.A12,A12,2825945088,ns=2;s=Channel2.RX3i.A120,A120,2147516416,2025-02-13 15:37:46.824,5.487,14.3,83.1
14,ns=2;s=Channel2.RX3i.A121,A121,2147516416,ns=2;s=Channel2.RX3i.A122,A122,2147516416,2025-02-13 15:37:46.824,5.487,14.3,83.1
15,ns=2;s=Channel2.RX3i.A123,A123,2147516416,ns=2;s=Channel2.RX3i.A124,A124,2147516416,2025-02-13 15:37:46.824,5.487,0.0,83.1
16,ns=2;s=Channel2.RX3i.A125,A125,2147516416,ns=2;s=Channel2.RX3i.A126,A126,2147516416,2025-02-13 15:37:46.824,5.487,50.0,83.1
17,ns=2;s=Channel2.RX3i.A127,A127,2147516416,ns=2;s=Channel2.RX3i.A128,A128,2828435456,2025-02-13 15:37:46.824,5.487,0.0,83.1
18,ns=2;s=Channel2.RX3i.A129,A129,2147526810,ns=2;s=Channel2.RX3i.A13,A13,2147788960,2025-02-13 15:37:46.824,5.487,14.3,83.1
19,ns=2;s=Channel2.RX3i.A130,A130,2147516416,ns=2;s=Channel2.RX3i.A131,A131,2829811712,2025-02-13 15:37:46.824,5.487,0.0,83.1
20,ns=2;s=Channel2.RX3i.A132,A132,2147526831,ns=2;s=Channel2.RX3i.A133,A133,2147516416,2025-02-13 15:37:46.824,5.487,25.0,83.1
21,ns=2;s=Channel2.RX3i.A134,A134,2147778560,ns=2;s=Channel2.RX3i.A135,A135,2147516420,2025-02-13 15:37:46.824,5.487,0.0,83.1
22,ns=2;s=Channel2.RX3i.A136,A136,2147516416,ns=2;s=Channel2.RX3i.A137,A137,2147516416,2025-02-13 15:37:46.824,5.487,25.0,83.1
23,ns=2;s=Channel2.RX3i.A138,A138,2147647488,ns=2;s=Channel2.RX3i.A139,A139,2147516418,2025-02-13 15:37:46.824,5.487,0.0,83.1
24,ns=2;s=Channel2.RX3i.A14,A14,2147516420,ns=2;s=Channel2.RX3i.A140,A140,2832433152,2025-02-13 15:37:46.824,5.487,0.0,83.1
25,ns=2;s=Channel2.RX3i.A141,A141,2147789015,ns=2;s=Channel2.RX3i.A142,A142,2147516420,2025-02-13 15:37:46.824,5.487,20.0,83.1
1,ns=2;s=Channel2.RX3i.A1,A1,2147526663,ns=2;s=Channel2.RX3i.A10,A10,2147647488,2025-02-13 15:37:46.821,5.468,3.9,83.2
2,ns=2;s=Channel2.RX3i.A100,A100,2147516416,ns=2;s=Channel2.RX3i.A1000,A1000,2147526677,2025-02-13 15:37:46.821,5.468,14.3,83.2
3,ns=2;s=Channel2.RX3i.A101,A101,2820505600,ns=2;s=Channel2.RX3i.A102,A102,2147526689,2025-02-13 15:37:46.821,5.468,0.0,83.2
4,ns=2;s=Channel2.RX3i.A103,A103,32768,ns=2;s=Channel2.RX3i.A104,A104,2147745792,2025-02-13 15:37:46.821,5.468,22.2,83.2
5,ns=2;s=Channel2.RX3i.A105,A105,2147516420,ns=2;s=Channel2.RX3i.A106,A106,2147516416,2025-02-13 15:37:46.821,5.468,0.0,83.2
6,ns=2;s=Channel2.RX3i.A107,A107,2147516416,ns=2;s=Channel2.RX3i.A108,A108,2147647488,2025-02-13 15:37:46.821,5.468,14.3,83.2
7,ns=2;s=Channel2.RX3i.A109,A109,2147516418,ns=2;s=Channel2.RX3i.A11,A11,2147516418,2025-02-13 15:37:46.821,5.468,0.0,83.2
8,ns=2;s=Channel2.RX3i.A110,A110,2823127040,ns=2;s=Channel2.RX3i.A111,A111,2147788873,2025-02-13 15:37:46.821,5.468,0.0,83.2
9,ns=2;s=Channel2.RX3i.A112,A112,2147516420,ns=2;s=Channel2.RX3i.A113,A113,2147516416,2025-02-13 15:37:46.821,5.468,22.2,83.1
10,ns=2;s=Channel2.RX3i.A114,A114,2147516416,ns=2;s=Channel2.RX3i.A115,A115,2147516416,2025-02-13 15:37:46.821,5.468,0.0,83.1
11,ns=2;s=Channel2.RX3i.A116,A116,2147516416,ns=2;s=Channel2.RX3i.A117,A117,2147516416,2025-02-13 15:37:46.821,5.468,12.5,83.1
12,ns=2;s=Channel2.RX3i.A118,A118,2147516416,ns=2;s=Channel2.RX3i.A119,A119,2147516416,2025-02-13 15:37:46.821,5.468,0.0,83.1
13,ns=2;s=Channel2.RX3i.A12,A12,2825945088,ns=2;s=Channel2.RX3i.A120,A120,2147516416,2025-02-13 15:37:46.821,5.468,14.3,83.1
14,ns=2;s=Channel2.RX3i.A121,A121,2147516416,ns=2;s=Channel2.RX3i.A122,A122,2147516416,2025-02-13 15:37:46.821,5.468,11.1,83.1
15,ns=2;s=Channel2.RX3i.A123,A123,2147516416,ns=2;s=Channel2.RX3i.A124,A124,2147516416,2025-02-13 15:37:46.821,5.468,0.0,83.1
16,ns=2;s=Channel2.RX3i.A125,A125,2147516416,ns=2;s=Channel2.RX3i.A126,A126,2147516416,2025-02-13 15:37:46.821,5.468,50.0,83.1
17,ns=2;s=Channel2.RX3i.A127,A127,2147516416,ns=2;s=Channel2.RX3i.A128,A128,2828435456,2025-02-13 15:37:46.821,5.468,33.3,83.1
18,ns=2;s=Channel2.RX3i.A129,A129,2147526810,ns=2;s=Channel2.RX3i.A13,A13,2147788960,2025-02-13 15:37:46.821,5.468,0.0,83.1
19,ns=2;s=Channel2.RX3i.A130,A130,2147516416,ns=2;s=Channel2.RX3i.A131,A131,2829811712,2025-02-13 15:37:46.821,5.468,33.3,83.1
20,ns=2;s=Channel2.RX3i.A132,A132,2147526831,ns=2;s=Channel2.RX3i.A133,A133,2147516416,2025-02-13 15:37:46.821,5.468,20.0,83.1
21,ns=2;s=Channel2.RX3i.A134,A134,2147778560,ns=2;s=Channel2.RX3i.A135,A135,2147516420,2025-02-13 15:37:46.821,5.468,20.0,83.1
22,ns=2;s=Channel2.RX3i.A136,A136,2147516416,ns=2;s=Channel2.RX3i.A137,A137,2147516416,2025-02-13 15:37:46.821,5.468,33.3,83.1
23,ns=2;s=Channel2.RX3i.A138,A138,2147647488,ns=2;s=Channel2.RX3i.A139,A139,2147516418,2025-02-13 15:37:46.821,5.468,0.0,83.1
24,ns=2;s=Channel2.RX3i.A14,A14,2147516420,ns=2;s=Channel2.RX3i.A140,A140,2832433152,2025-02-13 15:37:46.821,5.468,0.0,83.1
25,ns=2;s=Channel2.RX3i.A141,A141,2147789015,ns=2;s=Channel2.RX3i.A142,A142,2147516420,2025-02-13 15:37:46.821,5.468,14.3,83.1
1,ns=2;s=Channel2.RX3i.A1,A1,2147526915,ns=2;s=Channel2.RX3i.A10,A10,2147647488,2025-02-13 15:37:52.334,5.513,8.0,80.1
2,ns=2;s=Channel2.RX3i.A100,A100,2147516416,ns=2;s=Channel2.RX3i.A1000,A1000,2147526930,2025-02-13 15:37:52.334,5.513,0.0,80.1
3,ns=2;s=Channel2.RX3i.A101,A101,2837086208,ns=2;s=Channel2.RX3i.A102,A102,2147526942,2025-02-13 15:37:52.334,5.513,0.0,80.1
4,ns=2;s=Channel2.RX3i.A103,A103,32768,ns=2;s=Channel2.RX3i.A104,A104,2147745792,2025-02-13 15:37:52.334,5.513,12.5,80.1
5,ns=2;s=Channel2.RX3i.A105,A105,2147516420,ns=2;s=Channel2.RX3i.A106,A106,2147516416,2025-02-13 15:37:52.334,5.513,0.0,80.1
6,ns=2;s=Channel2.RX3i.A107,A107,2147516416,ns=2;s=Channel2.RX3i.A108,A108,2147647488,2025-02-13 15:37:52.334,5.513,0.0,80.1
7,ns=2;s=Channel2.RX3i.A109,A109,2147516418,ns=2;s=Channel2.RX3i.A11,A11,2147516418,2025-02-13 15:37:52.334,5.513,0.0,80.1
8,ns=2;s=Channel2.RX3i.A110,A110,2839773184,ns=2;s=Channel2.RX3i.A111,A111,2147789127,2025-02-13 15:37:52.334,5.513,16.7,80.1
9,ns=2;s=Channel2.RX3i.A112,A112,2147516420,ns=2;s=Channel2.RX3i.A113,A113,2147516416,2025-02-13 15:37:52.334,5.513,0.0,80.1
10,ns=2;s=Channel2.RX3i.A114,A114,2147516416,ns=2;s=Channel2.RX3i.A115,A115,2147516416,2025-02-13 15:37:52.334,5.513,0.0,80.1
11,ns=2;s=Channel2.RX3i.A116,A116,2147516416,ns=2;s=Channel2.RX3i.A117,A117,2147516416,2025-02-13 15:37:52.334,5.513,0.0,80.1
12,ns=2;s=Channel2.RX3i.A118,A118,2147516416,ns=2;s=Channel2.RX3i.A119,A119,2147516416,2025-02-13 15:37:52.334,5.513,0.0,80.1
13,ns=2;s=Channel2.RX3i.A12,A12,2842591232,ns=2;s=Channel2.RX3i.A120,A120,2147516416,2025-02-13 15:37:52.334,5.513,0.0,80.1
14,ns=2;s=Channel2.RX3i.A121,A121,2147516416,ns=2;s=Channel2.RX3i.A122,A122,2147516416,2025-02-13 15:37:52.334,5.513,50.0,80.1
15,ns=2;s=Channel2.RX3i.A123,A123,2147516416,ns=2;s=Channel2.RX3i.A124,A124,2147516416,2025-02-13 15:37:52.334,5.513,16.7,80.1
16,ns=2;s=Channel2.RX3i.A125,A125,2147516416,ns=2;s=Channel2.RX3i.A126,A126,2147516416,2025-02-13 15:37:52.334,5.513,0.0,80.1
17,ns=2;s=Channel2.RX3i.A127,A127,2147516416,ns=2;s=Channel2.RX3i.A128,A128,2845081600,2025-02-13 15:37:52.334,5.513,14.3,80.1
18,ns=2;s=Channel2.RX3i.A129,A129,2147527064,ns=2;s=Channel2.RX3i.A13,A13,2147789213,2025-02-13 15:37:52.334,5.513,16.7,80.1
19,ns=2;s=Channel2.RX3i.A130,A130,2147516416,ns=2;s=Channel2.RX3i.A131,A131,2846457856,2025-02-13 15:37:52.334,5.513,0.0,80.1
20,ns=2;s=Channel2.RX3i.A132,A132,2147527085,ns=2;s=Channel2.RX3i.A133,A133,2147516416,2025-02-13 15:37:52.334,5.513,0.0,80.1
21,ns=2;s=Channel2.RX3i.A134,A134,2147778560,ns=2;s=Channel2.RX3i.A135,A135,2147516420,2025-02-13 15:37:52.334,5.513,33.3,80.1
22,ns=2;s=Channel2.RX3i.A136,A136,2147516416,ns=2;s=Channel2.RX3i.A137,A137,2147516416,2025-02-13 15:37:52.334,5.513,0.0,80.1
23,ns=2;s=Channel2.RX3i.A138,A138,2147647488,ns=2;s=Channel2.RX3i.A139,A139,2147516418,2025-02-13 15:37:52.334,5.513,0.0,80.1
24,ns=2;s=Channel2.RX3i.A14,A14,2147516420,ns=2;s=Channel2.RX3i.A140,A140,2849079296,2025-02-13 15:37:52.334,5.513,0.0,80.1
25,ns=2;s=Channel2.RX3i.A141,A141,2147789269,ns=2;s=Channel2.RX3i.A142,A142,2147516420,2025-02-13 15:37:52.334,5.513,0.0,80.1
1,ns=2;s=Channel2.RX3i.A1,A1,2147526915,ns=2;s=Channel2.RX3i.A10,A10,2147647488,2025-02-13 15:37:52.329,5.505,8.0,80.1
2,ns=2;s=Channel2.RX3i.A100,A100,2147516416,ns=2;s=Channel2.RX3i.A1000,A1000,2147526930,2025-02-13 15:37:52.329,5.505,0.0,80.1
3,ns=2;s=Channel2.RX3i.A101,A101,2837086208,ns=2;s=Channel2.RX3i.A102,A102,2147526942,2025-02-13 15:37:52.329,5.505,50.0,80.1
4,ns=2;s=Channel2.RX3i.A103,A103,32768,ns=2;s=Channel2.RX3i.A104,A104,2147745792,2025-02-13 15:37:52.329,5.505,0.0,80.1
5,ns=2;s=Channel2.RX3i.A105,A105,2147516420,ns=2;s=Channel2.RX3i.A106,A106,2147516416,2025-02-13 15:37:52.329,5.505,0.0,80.1
6,ns=2;s=Channel2.RX3i.A107,A107,2147516416,ns=2;s=Channel2.RX3i.A108,A108,2147647488,2025-02-13 15:37:52.329,5.505,0.0,80.1
7,ns=2;s=Channel2.RX3i.A109,A109,2147516418,ns=2;s=Channel2.RX3i.A11,A11,2147516418,2025-02-13 15:37:52.329,5.505,0.0,80.1
8,ns=2;s=Channel2.RX3i.A110,A110,2839773184,ns=2;s=Channel2.RX3i.A111,A111,2147789127,2025-02-13 15:37:52.329,5.505,10.0,80.1
9,ns=2;s=Channel2.RX3i.A112,A112,2147516420,ns=2;s=Channel2.RX3i.A113,A113,2147516416,2025-02-13 15:37:52.329,5.505,0.0,80.1
10,ns=2;s=Channel2.RX3i.A114,A114,2147516416,ns=2;s=Channel2.RX3i.A115,A115,2147516416,2025-02-13 15:37:52.329,5.505,0.0,80.1
11,ns=2;s=Channel2.RX3i.A116,A116,2147516416,ns=2;s=Channel2.RX3i.A117,A117,2147516416,2025-02-13 15:37:52.329,5.505,0.0,80.1
12,ns=2;s=Channel2.RX3i.A118,A118,2147516416,ns=2;s=Channel2.RX3i.A119,A119,2147516416,2025-02-13 15:37:52.329,5.505,0.0,80.1
13,ns=2;s=Channel2.RX3i.A12,A12,2842591232,ns=2;s=Channel2.RX3i.A120,A120,2147516416,2025-02-13 15:37:52.329,5.505,0.0,80.1
14,ns=2;s=Channel2.RX3i.A121,A121,2147516416,ns=2;s=Channel2.RX3i.A122,A122,2147516416,2025-02-13 15:37:52.329,5.505,12.5,80.1
15,ns=2;s=Channel2.RX3i.A123,A123,2147516416,ns=2;s=Channel2.RX3i.A124,A124,2147516416,2025-02-13 15:37:52.329,5.505,0.0,80.1
16,ns=2;s=Channel2.RX3i.A125,A125,2147516416,ns=2;s=Channel2.RX3i.A126,A126,2147516416,2025-02-13 15:37:52.329,5.505,12.5,80.1
17,ns=2;s=Channel2.RX3i.A127,A127,2147516416,ns=2;s=Channel2.RX3i.A128,A128,2845081600,2025-02-13 15:37:52.329,5.505,20.0,80.1
18,ns=2;s=Channel2.RX3i.A129,A129,2147527064,ns=2;s=Channel2.RX3i.A13,A13,2147789213,2025-02-13 15:37:52.329,5.505,0.0,80.1
19,ns=2;s=Channel2.RX3i.A130,A130,2147516416,ns=2;s=Channel2.RX3i.A131,A131,2846457856,2025-02-13 15:37:52.329,5.505,12.5,80.1
20,ns=2;s=Channel2.RX3i.A132,A132,2147527085,ns=2;s=Channel2.RX3i.A133,A133,2147516416,2025-02-13 15:37:52.329,5.505,0.0,80.1
21,ns=2;s=Channel2.RX3i.A134,A134,2147778560,ns=2;s=Channel2.RX3i.A135,A135,2147516420,2025-02-13 15:37:52.329,5.505,25.0,80.1
22,ns=2;s=Channel2.RX3i.A136,A136,2147516416,ns=2;s=Channel2.RX3i.A137,A137,2147516416,2025-02-13 15:37:52.329,5.505,0.0,80.1
23,ns=2;s=Channel2.RX3i.A138,A138,2147647488,ns=2;s=Channel2.RX3i.A139,A139,2147516418,2025-02-13 15:37:52.329,5.505,0.0,80.1
24,ns=2;s=Channel2.RX3i.A14,A14,2147516420,ns=2;s=Channel2.RX3i.A140,A140,2849079296,2025-02-13 15:37:52.329,5.505,0.0,80.1
25,ns=2;s=Channel2.RX3i.A141,A141,2147789269,ns=2;s=Channel2.RX3i.A142,A142,2147516420,2025-02-13 15:37:52.329,5.505,0.0,80.1
1,ns=2;s=Channel2.RX3i.A1,A1,2147527167,ns=2;s=Channel2.RX3i.A10,A10,2147647488,2025-02-13 15:37:57.826,5.497,4.4,80.1
2,ns=2;s=Channel2.RX3i.A100,A100,2147516416,ns=2;s=Channel2.RX3i.A1000,A1000,2147527181,2025-02-13 15:37:57.826,5.497,0.0,80.1
3,ns=2;s=Channel2.RX3i.A101,A101,2853601280,ns=2;s=Channel2.RX3i.A102,A102,2147527194,2025-02-13 15:37:57.826,5.497,100.0,80.1
4,ns=2;s=Channel2.RX3i.A103,A103,32768,ns=2;s=Channel2.RX3i.A104,A104,2147745792,2025-02-13 15:37:57.826,5.497,0.0,80.1
5,ns=2;s=Channel2.RX3i.A105,A105,2147516420,ns=2;s=Channel2.RX3i.A106,A106,2147516416,2025-02-13 15:37:57.826,5.497,50.0,80.1
6,ns=2;s=Channel2.RX3i.A107,A107,2147516416,ns=2;s=Channel2.RX3i.A108,A108,2147647488,2025-02-13 15:37:57.826,5.497,0.0,80.1
7,ns=2;s=Channel2.RX3i.A109,A109,2147516418,ns=2;s=Channel2.RX3i.A11,A11,2147516418,2025-02-13 15:37:57.826,5.497,0.0,80.1
8,ns=2;s=Channel2.RX3i.A110,A110,2856157184,ns=2;s=Channel2.RX3i.A111,A111,2147789378,2025-02-13 15:37:57.826,5.497,0.0,80.1
9,ns=2;s=Channel2.RX3i.A112,A112,2147516420,ns=2;s=Channel2.RX3i.A113,A113,2147516416,2025-02-13 15:37:57.826,5.497,0.0,80.1
10,ns=2;s=Channel2.RX3i.A114,A114,2147516416,ns=2;s=Channel2.RX3i.A115,A115,2147516416,2025-02-13 15:37:57.826,5.497,0.0,80.1
11,ns=2;s=Channel2.RX3i.A116,A116,2147516416,ns=2;s=Channel2.RX3i.A117,A117,2147516416,2025-02-13 15:37:57.826,5.497,12.5,80.1
12,ns=2;s=Channel2.RX3i.A118,A118,2147516416,ns=2;s=Channel2.RX3i.A119,A119,2147516416,2025-02-13 15:37:57.826,5.497,0.0,80.1
13,ns=2;s=Channel2.RX3i.A12,A12,2859040768,ns=2;s=Channel2.RX3i.A120,A120,2147516416,2025-02-13 15:37:57.826,5.497,14.3,80.1
14,ns=2;s=Channel2.RX3i.A121,A121,2147516416,ns=2;s=Channel2.RX3i.A122,A122,2147516416,2025-02-13 15:37:57.826,5.497,0.0,80.1
15,ns=2;s=Channel2.RX3i.A123,A123,2147516416,ns=2;s=Channel2.RX3i.A124,A124,2147516416,2025-02-13 15:37:57.826,5.497,0.0,80.1
16,ns=2;s=Channel2.RX3i.A125,A125,2147516416,ns=2;s=Channel2.RX3i.A126,A126,2147516416,2025-02-13 15:37:57.826,5.497,0.0,80.1
17,ns=2;s=Channel2.RX3i.A127,A127,2147516416,ns=2;s=Channel2.RX3i.A128,A128,2861531136,2025-02-13 15:37:57.826,5.497,14.3,80.1
18,ns=2;s=Channel2.RX3i.A129,A129,2147527316,ns=2;s=Channel2.RX3i.A13,A13,2147789464,2025-02-13 15:37:57.826,5.497,0.0,80.1
19,ns=2;s=Channel2.RX3i.A130,A130,2147516416,ns=2;s=Channel2.RX3i.A131,A131,2862907392,2025-02-13 15:37:57.826,5.497,14.3,80.1
20,ns=2;s=Channel2.RX3i.A132,A132,2147527336,ns=2;s=Channel2.RX3i.A133,A133,2147516416,2025-02-13 15:37:57.826,5.497,0.0,80.1
21,ns=2;s=Channel2.RX3i.A134,A134,2147778560,ns=2;s=Channel2.RX3i.A135,A135,2147516420,2025-02-13 15:37:57.826,5.497,0.0,80.1
22,ns=2;s=Channel2.RX3i.A136,A136,2147516416,ns=2;s=Channel2.RX3i.A137,A137,2147516416,2025-02-13 15:37:57.826,5.497,0.0,80.1
23,ns=2;s=Channel2.RX3i.A138,A138,2147647488,ns=2;s=Channel2.RX3i.A139,A139,2147516418,2025-02-13 15:37:57.826,5.497,0.0,80.1
24,ns=2;s=Channel2.RX3i.A14,A14,2147516420,ns=2;s=Channel2.RX3i.A140,A140,2865528832,2025-02-13 15:37:57.826,5.497,0.0,80.1
25,ns=2;s=Channel2.RX3i.A141,A141,2147789520,ns=2;s=Channel2.RX3i.A142,A142,2147516420,2025-02-13 15:37:57.826,5.497,0.0,80.1
1,ns=2;s=Channel2.RX3i.A1,A1,2147527167,ns=2;s=Channel2.RX3i.A10,A10,2147647488,2025-02-13 15:37:57.825,5.491,4.4,80.1
2,ns=2;s=Channel2.RX3i.A100,A100,2147516416,ns=2;s=Channel2.RX3i.A1000,A1000,2147527181,2025-02-13 15:37:57.825,5.491,0.0,80.1
3,ns=2;s=Channel2.RX3i.A101,A101,2853601280,ns=2;s=Channel2.RX3i.A102,A102,2147527194,2025-02-13 15:37:57.825,5.491,100.0,80.1
4,ns=2;s=Channel2.RX3i.A103,A103,32768,ns=2;s=Channel2.RX3i.A104,A104,2147745792,2025-02-13 15:37:57.825,5.491,0.0,80.1
5,ns=2;s=Channel2.RX3i.A105,A105,2147516420,ns=2;s=Channel2.RX3i.A106,A106,2147516416,2025-02-13 15:37:57.825,5.491,50.0,80.1
6,ns=2;s=Channel2.RX3i.A107,A107,2147516416,ns=2;s=Channel2.RX3i.A108,A108,2147647488,2025-02-13 15:37:57.825,5.491,0.0,80.1
7,ns=2;s=Channel2.RX3i.A109,A109,2147516418,ns=2;s=Channel2.RX3i.A11,A11,2147516418,2025-02-13 15:37:57.825,5.491,0.0,80.1
8,ns=2;s=Channel2.RX3i.A110,A110,2856157184,ns=2;s=Channel2.RX3i.A111,A111,2147789378,2025-02-13 15:37:57.825,5.491,0.0,80.1
9,ns=2;s=Channel2.RX3i.A112,A112,2147516420,ns=2;s=Channel2.RX3i.A113,A113,2147516416,2025-02-13 15:37:57.825,5.491,0.0,80.1
10,ns=2;s=Channel2.RX3i.A114,A114,2147516416,ns=2;s=Channel2.RX3i.A115,A115,2147516416,2025-02-13 15:37:57.825,5.491,0.0,80.1
11,ns=2;s=Channel2.RX3i.A116,A116,2147516416,ns=2;s=Channel2.RX3i.A117,A117,2147516416,2025-02-13 15:37:57.825,5.491,14.3,80.1
12,ns=2;s=Channel2.RX3i.A118,A118,2147516416,ns=2;s=Channel2.RX3i.A119,A119,2147516416,2025-02-13 15:37:57.825,5.491,0.0,80.1
13,ns=2;s=Channel2.RX3i.A12,A12,2859040768,ns=2;s=Channel2.RX3i.A120,A120,2147516416,2025-02-13 15:37:57.825,5.491,14.3,80.1
14,ns=2;s=Channel2.RX3i.A121,A121,2147516416,ns=2;s=Channel2.RX3i.A122,A122,2147516416,2025-02-13 15:37:57.825,5.491,0.0,80.1
15,ns=2;s=Channel2.RX3i.A123,A123,2147516416,ns=2;s=Channel2.RX3i.A124,A124,2147516416,2025-02-13 15:37:57.825,5.491,0.0,80.1
16,ns=2;s=Channel2.RX3i.A125,A125,2147516416,ns=2;s=Channel2.RX3i.A126,A126,2147516416,2025-02-13 15:37:57.825,5.491,100.0,80.1
17,ns=2;s=Channel2.RX3i.A127,A127,2147516416,ns=2;s=Channel2.RX3i.A128,A128,2861531136,2025-02-13 15:37:57.825,5.491,0.0,80.1
18,ns=2;s=Channel2.RX3i.A129,A129,2147527316,ns=2;s=Channel2.RX3i.A13,A13,2147789464,2025-02-13 15:37:57.825,5.491,0.0,80.1
19,ns=2;s=Channel2.RX3i.A130,A130,2147516416,ns=2;s=Channel2.RX3i.A131,A131,2862907392,2025-02-13 15:37:57.825,5.491,14.3,80.1
20,ns=2;s=Channel2.RX3i.A132,A132,2147527336,ns=2;s=Channel2.RX3i.A133,A133,2147516416,2025-02-13 15:37:57.825,5.491,0.0,80.1
21,ns=2;s=Channel2.RX3i.A134,A134,2147778560,ns=2;s=Channel2.RX3i.A135,A135,2147516420,2025-02-13 15:37:57.825,5.491,0.0,80.1
22,ns=2;s=Channel2.RX3i.A136,A136,2147516416,ns=2;s=Channel2.RX3i.A137,A137,2147516416,2025-02-13 15:37:57.825,5.491,0.0,80.1
23,ns=2;s=Channel2.RX3i.A138,A138,2147647488,ns=2;s=Channel2.RX3i.A139,A139,2147516418,2025-02-13 15:37:57.825,5.491,0.0,80.1
24,ns=2;s=Channel2.RX3i.A14,A14,2147516420,ns=2;s=Channel2.RX3i.A140,A140,2865528832,2025-02-13 15:37:57.825,5.491,0.0,80.1
25,ns=2;s=Channel2.RX3i.A141,A141,2147789520,ns=2;s=Channel2.RX3i.A142,A142,2147516420,2025-02-13 15:37:57.825,5.491,0.0,80.1
1,ns=2;s=Channel2.RX3i.A1,A1,2147527434,ns=2;s=Channel2.RX3i.A10,A10,2147647488,2025-02-13 15:38:03.621,5.796,4.8,80.2
2,ns=2;s=Channel2.RX3i.A100,A100,2147516416,ns=2;s=Channel2.RX3i.A1000,A1000,2147527448,2025-02-13 15:38:03.621,5.796,11.1,80.2
3,ns=2;s=Channel2.RX3i.A101,A101,2871033856,ns=2;s=Channel2.RX3i.A102,A102,2147527460,2025-02-13 15:38:03.621,5.796,0.0,80.2
4,ns=2;s=Channel2.RX3i.A103,A103,32768,ns=2;s=Channel2.RX3i.A104,A104,2147745792,2025-02-13 15:38:03.621,5.796,33.3,80.2
5,ns=2;s=Channel2.RX3i.A105,A105,2147516420,ns=2;s=Channel2.RX3i.A106,A106,2147516416,2025-02-13 15:38:03.621,5.796,0.0,80.2
6,ns=2;s=Channel2.RX3i.A107,A107,2147516416,ns=2;s=Channel2.RX3i.A108,A108,2147647488,2025-02-13 15:38:03.621,5.796,16.7,80.2
7,ns=2;s=Channel2.RX3i.A109,A109,2147516418,ns=2;s=Channel2.RX3i.A11,A11,2147516418,2025-02-13 15:38:03.621,5.796,0.0,80.2
8,ns=2;s=Channel2.RX3i.A110,A110,2873655296,ns=2;s=Channel2.RX3i.A111,A111,2147789644,2025-02-13 15:38:03.621,5.796,50.0,80.2
9,ns=2;s=Channel2.RX3i.A112,A112,2147516420,ns=2;s=Channel2.RX3i.A113,A113,2147516416,2025-02-13 15:38:03.621,5.796,0.0,80.2
10,ns=2;s=Channel2.RX3i.A114,A114,2147516416,ns=2;s=Channel2.RX3i.A115,A115,2147516416,2025-02-13 15:38:03.621,5.796,50.0,80.2
11,ns=2;s=Channel2.RX3i.A116,A116,2147516416,ns=2;s=Channel2.RX3i.A117,A117,2147516416,2025-02-13 15:38:03.621,5.796,0.0,80.2
12,ns=2;s=Channel2.RX3i.A118,A118,2147516416,ns=2;s=Channel2.RX3i.A119,A119,2147516416,2025-02-13 15:38:03.621,5.796,16.7,80.2
13,ns=2;s=Channel2.RX3i.A12,A12,2876538880,ns=2;s=Channel2.RX3i.A120,A120,2147516416,2025-02-13 15:38:03.621,5.796,0.0,80.2
14,ns=2;s=Channel2.RX3i.A121,A121,2147516416,ns=2;s=Channel2.RX3i.A122,A122,2147516416,2025-02-13 15:38:03.621,5.796,25.0,80.2
15,ns=2;s=Channel2.RX3i.A123,A123,2147516416,ns=2;s=Channel2.RX3i.A124,A124,2147516416,2025-02-13 15:38:03.621,5.796,0.0,80.2
16,ns=2;s=Channel2.RX3i.A125,A125,2147516416,ns=2;s=Channel2.RX3i.A126,A126,2147516416,2025-02-13 15:38:03.621,5.796,0.0,80.2
17,ns=2;s=Channel2.RX3i.A127,A127,2147516416,ns=2;s=Channel2.RX3i.A128,A128,2879094784,2025-02-13 15:38:03.621,5.796,14.3,80.2
18,ns=2;s=Channel2.RX3i.A129,A129,2147527583,ns=2;s=Channel2.RX3i.A13,A13,2147789732,2025-02-13 15:38:03.621,5.796,100.0,80.2
19,ns=2;s=Channel2.RX3i.A130,A130,2147516416,ns=2;s=Channel2.RX3i.A131,A131,2880471040,2025-02-13 15:38:03.621,5.796,12.5,80.2
20,ns=2;s=Channel2.RX3i.A132,A132,2147527604,ns=2;s=Channel2.RX3i.A133,A133,2147516416,2025-02-13 15:38:03.621,5.796,0.0,80.2
21,ns=2;s=Channel2.RX3i.A134,A134,2147778560,ns=2;s=Channel2.RX3i.A135,A135,2147516420,2025-02-13 15:38:03.621,5.796,14.3,80.2
22,ns=2;s=Channel2.RX3i.A136,A136,2147516416,ns=2;s=Channel2.RX3i.A137,A137,2147516416,2025-02-13 15:38:03.621,5.796,0.0,80.2
23,ns=2;s=Channel2.RX3i.A138,A138,2147647488,ns=2;s=Channel2.RX3i.A139,A139,2147516418,2025-02-13 15:38:03.621,5.796,0.0,80.2
24,ns=2;s=Channel2.RX3i.A14,A14,2147516420,ns=2;s=Channel2.RX3i.A140,A140,2883092480,2025-02-13 15:38:03.621,5.796,16.7,80.2
25,ns=2;s=Channel2.RX3i.A141,A141,2147789788,ns=2;s=Channel2.RX3i.A142,A142,2147516420,2025-02-13 15:38:03.621,5.796,0.0,80.2
1,ns=2;s=Channel2.RX3i.A1,A1,2147527434,ns=2;s=Channel2.RX3i.A10,A10,2147647488,2025-02-13 15:38:03.621,5.795,4.8,80.2
2,ns=2;s=Channel2.RX3i.A100,A100,2147516416,ns=2;s=Channel2.RX3i.A1000,A1000,2147527448,2025-02-13 15:38:03.621,5.795,11.1,80.2
3,ns=2;s=Channel2.RX3i.A101,A101,2871033856,ns=2;s=Channel2.RX3i.A102,A102,2147527460,2025-02-13 15:38:03.621,5.795,0.0,80.2
4,ns=2;s=Channel2.RX3i.A103,A103,32768,ns=2;s=Channel2.RX3i.A104,A104,2147745792,2025-02-13 15:38:03.621,5.795,14.3,80.2
5,ns=2;s=Channel2.RX3i.A105,A105,2147516420,ns=2;s=Channel2.RX3i.A106,A106,2147516416,2025-02-13 15:38:03.621,5.795,0.0,80.2
6,ns=2;s=Channel2.RX3i.A107,A107,2147516416,ns=2;s=Channel2.RX3i.A108,A108,2147647488,2025-02-13 15:38:03.621,5.795,12.5,80.2
7,ns=2;s=Channel2.RX3i.A109,A109,2147516418,ns=2;s=Channel2.RX3i.A11,A11,2147516418,2025-02-13 15:38:03.621,5.795,12.5,80.2
8,ns=2;s=Channel2.RX3i.A110,A110,2873655296,ns=2;s=Channel2.RX3i.A111,A111,2147789644,2025-02-13 15:38:03.621,5.795,0.0,80.2
9,ns=2;s=Channel2.RX3i.A112,A112,2147516420,ns=2;s=Channel2.RX3i.A113,A113,2147516416,2025-02-13 15:38:03.621,5.795,14.3,80.2
10,ns=2;s=Channel2.RX3i.A114,A114,2147516416,ns=2;s=Channel2.RX3i.A115,A115,2147516416,2025-02-13 15:38:03.621,5.795,0.0,80.2
11,ns=2;s=Channel2.RX3i.A116,A116,2147516416,ns=2;s=Channel2.RX3i.A117,A117,2147516416,2025-02-13 15:38:03.621,5.795,50.0,80.2
12,ns=2;s=Channel2.RX3i.A118,A118,2147516416,ns=2;s=Channel2.RX3i.A119,A119,2147516416,2025-02-13 15:38:03.621,5.795,0.0,80.2
13,ns=2;s=Channel2.RX3i.A12,A12,2876538880,ns=2;s=Channel2.RX3i.A120,A120,2147516416,2025-02-13 15:38:03.621,5.795,28.6,80.2
14,ns=2;s=Channel2.RX3i.A121,A121,2147516416,ns=2;s=Channel2.RX3i.A122,A122,2147516416,2025-02-13 15:38:03.621,5.795,0.0,80.2
15,ns=2;s=Channel2.RX3i.A123,A123,2147516416,ns=2;s=Channel2.RX3i.A124,A124,2147516416,2025-02-13 15:38:03.621,5.795,0.0,80.2
16,ns=2;s=Channel2.RX3i.A125,A125,2147516416,ns=2;s=Channel2.RX3i.A126,A126,2147516416,2025-02-13 15:38:03.621,5.795,50.0,80.2
17,ns=2;s=Channel2.RX3i.A127,A127,2147516416,ns=2;s=Channel2.RX3i.A128,A128,2879094784,2025-02-13 15:38:03.621,5.795,16.7,80.2
18,ns=2;s=Channel2.RX3i.A129,A129,2147527583,ns=2;s=Channel2.RX3i.A13,A13,2147789732,2025-02-13 15:38:03.621,5.795,14.3,80.2
19,ns=2;s=Channel2.RX3i.A130,A130,2147516416,ns=2;s=Channel2.RX3i.A131,A131,2880471040,2025-02-13 15:38:03.621,5.795,0.0,80.2
20,ns=2;s=Channel2.RX3i.A132,A132,2147527604,ns=2;s=Channel2.RX3i.A133,A133,2147516416,2025-02-13 15:38:03.621,5.795,16.7,80.2
21,ns=2;s=Channel2.RX3i.A134,A134,2147778560,ns=2;s=Channel2.RX3i.A135,A135,2147516420,2025-02-13 15:38:03.621,5.795,0.0,80.2
22,ns=2;s=Channel2.RX3i.A136,A136,2147516416,ns=2;s=Channel2.RX3i.A137,A137,2147516416,2025-02-13 15:38:03.621,5.795,0.0,80.2
23,ns=2;s=Channel2.RX3i.A138,A138,2147647488,ns=2;s=Channel2.RX3i.A139,A139,2147516418,2025-02-13 15:38:03.621,5.795,0.0,80.2
24,ns=2;s=Channel2.RX3i.A14,A14,2147516420,ns=2;s=Channel2.RX3i.A140,A140,2883092480,2025-02-13 15:38:03.621,5.795,16.7,80.2
25,ns=2;s=Channel2.RX3i.A141,A141,2147789788,ns=2;s=Channel2.RX3i.A142,A142,2147516420,2025-02-13 15:38:03.621,5.795,0.0,80.2
1,ns=2;s=Channel2.RX3i.A1,A1,2147527707,ns=2;s=Channel2.RX3i.A10,A10,2147647488,2025-02-13 15:38:09.561,5.94,4.7,80.5
2,ns=2;s=Channel2.RX3i.A100,A100,2147516416,ns=2;s=Channel2.RX3i.A1000,A1000,2147527721,2025-02-13 15:38:09.561,5.94,0.0,80.5
3,ns=2;s=Channel2.RX3i.A101,A101,2888925184,ns=2;s=Channel2.RX3i.A102,A102,2147527734,2025-02-13 15:38:09.561,5.94,14.3,80.5
4,ns=2;s=Channel2.RX3i.A103,A103,32768,ns=2;s=Channel2.RX3i.A104,A104,2147745792,2025-02-13 15:38:09.561,5.94,50.0,80.5
5,ns=2;s=Channel2.RX3i.A105,A105,2147516420,ns=2;s=Channel2.RX3i.A106,A106,2147516416,2025-02-13 15:38:09.561,5.94,0.0,80.5
6,ns=2;s=Channel2.RX3i.A107,A107,2147516416,ns=2;s=Channel2.RX3i.A108,A108,2147647488,2025-02-13 15:38:09.561,5.94,14.3,80.5
7,ns=2;s=Channel2.RX3i.A109,A109,2147516418,ns=2;s=Channel2.RX3i.A11,A11,2147516418,2025-02-13 15:38:09.561,5.94,33.3,80.5
8,ns=2;s=Channel2.RX3i.A110,A110,2891612160,ns=2;s=Channel2.RX3i.A111,A111,2147789918,2025-02-13 15:38:09.561,5.94,0.0,80.5
9,ns=2;s=Channel2.RX3i.A112,A112,2147516420,ns=2;s=Channel2.RX3i.A113,A113,2147516416,2025-02-13 15:38:09.561,5.94,20.0,80.4
10,ns=2;s=Channel2.RX3i.A114,A114,2147516416,ns=2;s=Channel2.RX3i.A115,A115,2147516416,2025-02-13 15:38:09.561,5.94,0.0,80.4
11,ns=2;s=Channel2.RX3i.A116,A116,2147516416,ns=2;s=Channel2.RX3i.A117,A117,2147516416,2025-02-13 15:38:09.561,5.94,0.0,80.4
12,ns=2;s=Channel2.RX3i.A118,A118,2147516416,ns=2;s=Channel2.RX3i.A119,A119,2147516416,2025-02-13 15:38:09.561,5.94,0.0,80.4
13,ns=2;s=Channel2.RX3i.A12,A12,2894495744,ns=2;s=Channel2.RX3i.A120,A120,2147516416,2025-02-13 15:38:09.561,5.94,0.0,80.4
14,ns=2;s=Channel2.RX3i.A121,A121,2147516416,ns=2;s=Channel2.RX3i.A122,A122,2147516416,2025-02-13 15:38:09.561,5.94,20.0,80.4
15,ns=2;s=Channel2.RX3i.A123,A123,2147516416,ns=2;s=Channel2.RX3i.A124,A124,2147516416,2025-02-13 15:38:09.561,5.94,0.0,80.4
16,ns=2;s=Channel2.RX3i.A125,A125,2147516416,ns=2;s=Channel2.RX3i.A126,A126,2147516416,2025-02-13 15:38:09.561,5.94,14.3,80.4
17,ns=2;s=Channel2.RX3i.A127,A127,2147516416,ns=2;s=Channel2.RX3i.A128,A128,2896920576,2025-02-13 15:38:09.561,5.94,0.0,80.4
18,ns=2;s=Channel2.RX3i.A129,A129,2147527856,ns=2;s=Channel2.RX3i.A13,A13,2147790006,2025-02-13 15:38:09.561,5.94,0.0,80.4
19,ns=2;s=Channel2.RX3i.A130,A130,2147516416,ns=2;s=Channel2.RX3i.A131,A131,2898362368,2025-02-13 15:38:09.561,5.94,16.7,80.4
20,ns=2;s=Channel2.RX3i.A132,A132,2147527877,ns=2;s=Channel2.RX3i.A133,A133,2147516416,2025-02-13 15:38:09.561,5.94,0.0,80.4
21,ns=2;s=Channel2.RX3i.A134,A134,2147778560,ns=2;s=Channel2.RX3i.A135,A135,2147516420,2025-02-13 15:38:09.561,5.94,0.0,80.4
22,ns=2;s=Channel2.RX3i.A136,A136,2147516416,ns=2;s=Channel2.RX3i.A137,A137,2147516416,2025-02-13 15:38:09.561,5.94,0.0,80.4
23,ns=2;s=Channel2.RX3i.A138,A138,2147647488,ns=2;s=Channel2.RX3i.A139,A139,2147516418,2025-02-13 15:38:09.561,5.94,0.0,80.4
24,ns=2;s=Channel2.RX3i.A14,A14,2147516420,ns=2;s=Channel2.RX3i.A140,A140,2900918272,2025-02-13 15:38:09.561,5.94,0.0,80.4
25,ns=2;s=Channel2.RX3i.A141,A141,2147790061,ns=2;s=Channel2.RX3i.A142,A142,2147516420,2025-02-13 15:38:09.561,5.94,0.0,80.4
1,ns=2;s=Channel2.RX3i.A1,A1,2147527707,ns=2;s=Channel2.RX3i.A10,A10,2147647488,2025-02-13 15:38:09.561,5.94,4.7,80.5
2,ns=2;s=Channel2.RX3i.A100,A100,2147516416,ns=2;s=Channel2.RX3i.A1000,A1000,2147527721,2025-02-13 15:38:09.561,5.94,0.0,80.5
3,ns=2;s=Channel2.RX3i.A101,A101,2888925184,ns=2;s=Channel2.RX3i.A102,A102,2147527734,2025-02-13 15:38:09.561,5.94,16.7,80.5
4,ns=2;s=Channel2.RX3i.A103,A103,32768,ns=2;s=Channel2.RX3i.A104,A104,2147745792,2025-02-13 15:38:09.561,5.94,50.0,80.5
5,ns=2;s=Channel2.RX3i.A105,A105,2147516420,ns=2;s=Channel2.RX3i.A106,A106,2147516416,2025-02-13 15:38:09.561,5.94,12.5,80.5
6,ns=2;s=Channel2.RX3i.A107,A107,2147516416,ns=2;s=Channel2.RX3i.A108,A108,2147647488,2025-02-13 15:38:09.561,5.94,0.0,80.5
7,ns=2;s=Channel2.RX3i.A109,A109,2147516418,ns=2;s=Channel2.RX3i.A11,A11,2147516418,2025-02-13 15:38:09.561,5.94,12.5,80.5
8,ns=2;s=Channel2.RX3i.A110,A110,2891612160,ns=2;s=Channel2.RX3i.A111,A111,2147789918,2025-02-13 15:38:09.561,5.94,12.5,80.5
9,ns=2;s=Channel2.RX3i.A112,A112,2147516420,ns=2;s=Channel2.RX3i.A113,A113,2147516416,2025-02-13 15:38:09.561,5.94,0.0,80.5
10,ns=2;s=Channel2.RX3i.A114,A114,2147516416,ns=2;s=Channel2.RX3i.A115,A115,2147516416,2025-02-13 15:38:09.561,5.94,16.7,80.4
11,ns=2;s=Channel2.RX3i.A116,A116,2147516416,ns=2;s=Channel2.RX3i.A117,A117,2147516416,2025-02-13 15:38:09.561,5.94,0.0,80.4
12,ns=2;s=Channel2.RX3i.A118,A118,2147516416,ns=2;s=Channel2.RX3i.A119,A119,2147516416,2025-02-13 15:38:09.561,5.94,0.0,80.4
13,ns=2;s=Channel2.RX3i.A12,A12,2894495744,ns=2;s=Channel2.RX3i.A120,A120,2147516416,2025-02-13 15:38:09.561,5.94,0.0,80.4
14,ns=2;s=Channel2.RX3i.A121,A121,2147516416,ns=2;s=Channel2.RX3i.A122,A122,2147516416,2025-02-13 15:38:09.561,5.94,0.0,80.4
15,ns=2;s=Channel2.RX3i.A123,A123,2147516416,ns=2;s=Channel2.RX3i.A124,A124,2147516416,2025-02-13 15:38:09.561,5.94,16.7,80.4
16,ns=2;s=Channel2.RX3i.A125,A125,2147516416,ns=2;s=Channel2.RX3i.A126,A126,2147516416,2025-02-13 15:38:09.561,5.94,0.0,80.4
17,ns=2;s=Channel2.RX3i.A127,A127,2147516416,ns=2;s=Channel2.RX3i.A128,A128,2896920576,2025-02-13 15:38:09.561,5.94,14.3,80.4
18,ns=2;s=Channel2.RX3i.A129,A129,2147527856,ns=2;s=Channel2.RX3i.A13,A13,2147790006,2025-02-13 15:38:09.561,5.94,0.0,80.4
19,ns=2;s=Channel2.RX3i.A130,A130,2147516416,ns=2;s=Channel2.RX3i.A131,A131,2898362368,2025-02-13 15:38:09.561,5.94,0.0,80.4
20,ns=2;s=Channel2.RX3i.A132,A132,2147527877,ns=2;s=Channel2.RX3i.A133,A133,2147516416,2025-02-13 15:38:09.561,5.94,12.5,80.4
21,ns=2;s=Channel2.RX3i.A134,A134,2147778560,ns=2;s=Channel2.RX3i.A135,A135,2147516420,2025-02-13 15:38:09.561,5.94,0.0,80.4
22,ns=2;s=Channel2.RX3i.A136,A136,2147516416,ns=2;s=Channel2.RX3i.A137,A137,2147516416,2025-02-13 15:38:09.561,5.94,0.0,80.4
23,ns=2;s=Channel2.RX3i.A138,A138,2147647488,ns=2;s=Channel2.RX3i.A139,A139,2147516418,2025-02-13 15:38:09.561,5.94,0.0,80.4
24,ns=2;s=Channel2.RX3i.A14,A14,2147516420,ns=2;s=Channel2.RX3i.A140,A140,2900918272,2025-02-13 15:38:09.561,5.94,0.0,80.4
25,ns=2;s=Channel2.RX3i.A141,A141,2147790061,ns=2;s=Channel2.RX3i.A142,A142,2147516420,2025-02-13 15:38:09.561,5.94,0.0,80.4
1,ns=2;s=Channel2.RX3i.A1,A1,2147528011,ns=2;s=Channel2.RX3i.A10,A10,2147647488,2025-02-13 15:38:16.186,6.624,5.8,80.4
2,ns=2;s=Channel2.RX3i.A100,A100,2147516416,ns=2;s=Channel2.RX3i.A1000,A1000,2147528025,2025-02-13 15:38:16.186,6.624,12.5,80.4
3,ns=2;s=Channel2.RX3i.A101,A101,2908848128,ns=2;s=Channel2.RX3i.A102,A102,2147528038,2025-02-13 15:38:16.186,6.624,14.3,80.4
4,ns=2;s=Channel2.RX3i.A103,A103,32768,ns=2;s=Channel2.RX3i.A104,A104,2147745792,2025-02-13 15:38:16.186,6.624,14.3,80.4
5,ns=2;s=Channel2.RX3i.A105,A105,2147516420,ns=2;s=Channel2.RX3i.A106,A106,2147516416,2025-02-13 15:38:16.186,6.624,0.0,80.4
6,ns=2;s=Channel2.RX3i.A107,A107,2147516416,ns=2;s=Channel2.RX3i.A108,A108,2147647488,2025-02-13 15:38:16.186,6.624,12.5,80.4
7,ns=2;s=Channel2.RX3i.A109,A109,2147516418,ns=2;s=Channel2.RX3i.A11,A11,2147516418,2025-02-13 15:38:16.186,6.624,0.0,80.4
8,ns=2;s=Channel2.RX3i.A110,A110,2911600640,ns=2;s=Channel2.RX3i.A111,A111,2147790223,2025-02-13 15:38:16.186,6.624,0.0,80.4
9,ns=2;s=Channel2.RX3i.A112,A112,2147516420,ns=2;s=Channel2.RX3i.A113,A113,2147516416,2025-02-13 15:38:16.186,6.624,0.0,80.4
10,ns=2;s=Channel2.RX3i.A114,A114,2147516416,ns=2;s=Channel2.RX3i.A115,A115,2147516416,2025-02-13 15:38:16.186,6.624,0.0,80.4
11,ns=2;s=Channel2.RX3i.A116,A116,2147516416,ns=2;s=Channel2.RX3i.A117,A117,2147516416,2025-02-13 15:38:16.186,6.624,25.0,80.4
12,ns=2;s=Channel2.RX3i.A118,A118,2147516416,ns=2;s=Channel2.RX3i.A119,A119,2147516416,2025-02-13 15:38:16.186,6.624,0.0,80.4
13,ns=2;s=Channel2.RX3i.A12,A12,2914418688,ns=2;s=Channel2.RX3i.A120,A120,2147516416,2025-02-13 15:38:16.186,6.624,0.0,80.4
14,ns=2;s=Channel2.RX3i.A121,A121,2147516416,ns=2;s=Channel2.RX3i.A122,A122,2147516416,2025-02-13 15:38:16.186,6.624,0.0,80.4
15,ns=2;s=Channel2.RX3i.A123,A123,2147516416,ns=2;s=Channel2.RX3i.A124,A124,2147516416,2025-02-13 15:38:16.186,6.624,14.3,80.4
16,ns=2;s=Channel2.RX3i.A125,A125,2147516416,ns=2;s=Channel2.RX3i.A126,A126,2147516416,2025-02-13 15:38:16.186,6.624,0.0,80.4
17,ns=2;s=Channel2.RX3i.A127,A127,2147516416,ns=2;s=Channel2.RX3i.A128,A128,2916909056,2025-02-13 15:38:16.186,6.624,25.0,80.4
18,ns=2;s=Channel2.RX3i.A129,A129,2147528160,ns=2;s=Channel2.RX3i.A13,A13,2147790310,2025-02-13 15:38:16.186,6.624,0.0,80.4
19,ns=2;s=Channel2.RX3i.A130,A130,2147516416,ns=2;s=Channel2.RX3i.A131,A131,2918285312,2025-02-13 15:38:16.186,6.624,12.5,80.4
20,ns=2;s=Channel2.RX3i.A132,A132,2147528182,ns=2;s=Channel2.RX3i.A133,A133,2147516416,2025-02-13 15:38:16.186,6.624,25.0,80.4
21,ns=2;s=Channel2.RX3i.A134,A134,2147778560,ns=2;s=Channel2.RX3i.A135,A135,2147516420,2025-02-13 15:38:16.186,6.624,0.0,80.4
22,ns=2;s=Channel2.RX3i.A136,A136,2147516416,ns=2;s=Channel2.RX3i.A137,A137,2147516416,2025-02-13 15:38:16.186,6.624,14.3,80.4
23,ns=2;s=Channel2.RX3i.A138,A138,2147647488,ns=2;s=Channel2.RX3i.A139,A139,2147516418,2025-02-13 15:38:16.186,6.624,0.0,80.4
24,ns=2;s=Channel2.RX3i.A14,A14,2147516420,ns=2;s=Channel2.RX3i.A140,A140,2920906752,2025-02-13 15:38:16.186,6.624,0.0,80.4
25,ns=2;s=Channel2.RX3i.A141,A141,2147790365,ns=2;s=Channel2.RX3i.A142,A142,2147516420,2025-02-13 15:38:16.186,6.624,0.0,80.4
1,ns=2;s=Channel2.RX3i.A1,A1,2147528011,ns=2;s=Channel2.RX3i.A10,A10,2147647488,2025-02-13 15:38:16.184,6.623,5.8,80.4
2,ns=2;s=Channel2.RX3i.A100,A100,2147516416,ns=2;s=Channel2.RX3i.A1000,A1000,2147528025,2025-02-13 15:38:16.184,6.623,12.5,80.4
3,ns=2;s=Channel2.RX3i.A101,A101,2908848128,ns=2;s=Channel2.RX3i.A102,A102,2147528038,2025-02-13 15:38:16.184,6.623,14.3,80.4
4,ns=2;s=Channel2.RX3i.A103,A103,32768,ns=2;s=Channel2.RX3i.A104,A104,2147745792,2025-02-13 15:38:16.184,6.623,12.5,80.4
5,ns=2;s=Channel2.RX3i.A105,A105,2147516420,ns=2;s=Channel2.RX3i.A106,A106,2147516416,2025-02-13 15:38:16.184,6.623,0.0,80.4
6,ns=2;s=Channel2.RX3i.A107,A107,2147516416,ns=2;s=Channel2.RX3i.A108,A108,2147647488,2025-02-13 15:38:16.184,6.623,14.3,80.4
7,ns=2;s=Channel2.RX3i.A109,A109,2147516418,ns=2;s=Channel2.RX3i.A11,A11,2147516418,2025-02-13 15:38:16.184,6.623,0.0,80.4
8,ns=2;s=Channel2.RX3i.A110,A110,2911600640,ns=2;s=Channel2.RX3i.A111,A111,2147790223,2025-02-13 15:38:16.184,6.623,0.0,80.4
9,ns=2;s=Channel2.RX3i.A112,A112,2147516420,ns=2;s=Channel2.RX3i.A113,A113,2147516416,2025-02-13 15:38:16.184,6.623,0.0,80.4
10,ns=2;s=Channel2.RX3i.A114,A114,2147516416,ns=2;s=Channel2.RX3i.A115,A115,2147516416,2025-02-13 15:38:16.184,6.623,0.0,80.4
11,ns=2;s=Channel2.RX3i.A116,A116,2147516416,ns=2;s=Channel2.RX3i.A117,A117,2147516416,2025-02-13 15:38:16.184,6.623,25.0,80.4
12,ns=2;s=Channel2.RX3i.A118,A118,2147516416,ns=2;s=Channel2.RX3i.A119,A119,2147516416,2025-02-13 15:38:16.184,6.623,0.0,80.4
13,ns=2;s=Channel2.RX3i.A12,A12,2914418688,ns=2;s=Channel2.RX3i.A120,A120,2147516416,2025-02-13 15:38:16.184,6.623,0.0,80.4
14,ns=2;s=Channel2.RX3i.A121,A121,2147516416,ns=2;s=Channel2.RX3i.A122,A122,2147516416,2025-02-13 15:38:16.184,6.623,50.0,80.4
15,ns=2;s=Channel2.RX3i.A123,A123,2147516416,ns=2;s=Channel2.RX3i.A124,A124,2147516416,2025-02-13 15:38:16.184,6.623,0.0,80.4
16,ns=2;s=Channel2.RX3i.A125,A125,2147516416,ns=2;s=Channel2.RX3i.A126,A126,2147516416,2025-02-13 15:38:16.184,6.623,33.3,80.4
17,ns=2;s=Channel2.RX3i.A127,A127,2147516416,ns=2;s=Channel2.RX3i.A128,A128,2916909056,2025-02-13 15:38:16.184,6.623,20.0,80.4
18,ns=2;s=Channel2.RX3i.A129,A129,2147528160,ns=2;s=Channel2.RX3i.A13,A13,2147790310,2025-02-13 15:38:16.184,6.623,16.7,80.4
19,ns=2;s=Channel2.RX3i.A130,A130,2147516416,ns=2;s=Channel2.RX3i.A131,A131,2918285312,2025-02-13 15:38:16.184,6.623,0.0,80.4
20,ns=2;s=Channel2.RX3i.A132,A132,2147528182,ns=2;s=Channel2.RX3i.A133,A133,2147516416,2025-02-13 15:38:16.184,6.623,14.3,80.4
21,ns=2;s=Channel2.RX3i.A134,A134,2147778560,ns=2;s=Channel2.RX3i.A135,A135,2147516420,2025-02-13 15:38:16.184,6.623,25.0,80.4
22,ns=2;s=Channel2.RX3i.A136,A136,2147516416,ns=2;s=Channel2.RX3i.A137,A137,2147516416,2025-02-13 15:38:16.184,6.623,0.0,80.4
23,ns=2;s=Channel2.RX3i.A138,A138,2147647488,ns=2;s=Channel2.RX3i.A139,A139,2147516418,2025-02-13 15:38:16.184,6.623,0.0,80.4
24,ns=2;s=Channel2.RX3i.A14,A14,2147516420,ns=2;s=Channel2.RX3i.A140,A140,2920906752,2025-02-13 15:38:16.184,6.623,0.0,80.4
25,ns=2;s=Channel2.RX3i.A141,A141,2147790365,ns=2;s=Channel2.RX3i.A142,A142,2147516420,2025-02-13 15:38:16.184,6.623,12.5,80.4
1,ns=2;s=Channel2.RX3i.A1,A1,2147528263,ns=2;s=Channel2.RX3i.A10,A10,2147647488,2025-02-13 15:38:21.661,5.475,3.8,80.4
2,ns=2;s=Channel2.RX3i.A100,A100,2147516416,ns=2;s=Channel2.RX3i.A1000,A1000,2147528278,2025-02-13 15:38:21.661,5.475,7.7,80.4
3,ns=2;s=Channel2.RX3i.A101,A101,2925428736,ns=2;s=Channel2.RX3i.A102,A102,2147528290,2025-02-13 15:38:21.661,5.475,0.0,80.4
4,ns=2;s=Channel2.RX3i.A103,A103,32768,ns=2;s=Channel2.RX3i.A104,A104,2147745792,2025-02-13 15:38:21.661,5.475,16.7,80.4
5,ns=2;s=Channel2.RX3i.A105,A105,2147516420,ns=2;s=Channel2.RX3i.A106,A106,2147516416,2025-02-13 15:38:21.661,5.475,14.3,80.4
6,ns=2;s=Channel2.RX3i.A107,A107,2147516416,ns=2;s=Channel2.RX3i.A108,A108,2147647488,2025-02-13 15:38:21.661,5.475,0.0,80.4
7,ns=2;s=Channel2.RX3i.A109,A109,2147516418,ns=2;s=Channel2.RX3i.A11,A11,2147516418,2025-02-13 15:38:21.661,5.475,0.0,80.4
8,ns=2;s=Channel2.RX3i.A110,A110,2928115712,ns=2;s=Channel2.RX3i.A111,A111,2147790476,2025-02-13 15:38:21.661,5.475,0.0,80.4
9,ns=2;s=Channel2.RX3i.A112,A112,2147516420,ns=2;s=Channel2.RX3i.A113,A113,2147516416,2025-02-13 15:38:21.661,5.475,0.0,80.4
10,ns=2;s=Channel2.RX3i.A114,A114,2147516416,ns=2;s=Channel2.RX3i.A115,A115,2147516416,2025-02-13 15:38:21.661,5.475,14.3,80.4
11,ns=2;s=Channel2.RX3i.A116,A116,2147516416,ns=2;s=Channel2.RX3i.A117,A117,2147516416,2025-02-13 15:38:21.661,5.475,0.0,80.4
12,ns=2;s=Channel2.RX3i.A118,A118,2147516416,ns=2;s=Channel2.RX3i.A119,A119,2147516416,2025-02-13 15:38:21.661,5.475,0.0,80.4
13,ns=2;s=Channel2.RX3i.A12,A12,2930933760,ns=2;s=Channel2.RX3i.A120,A120,2147516416,2025-02-13 15:38:21.661,5.475,0.0,80.4
14,ns=2;s=Channel2.RX3i.A121,A121,2147516416,ns=2;s=Channel2.RX3i.A122,A122,2147516416,2025-02-13 15:38:21.661,5.475,0.0,80.4
15,ns=2;s=Channel2.RX3i.A123,A123,2147516416,ns=2;s=Channel2.RX3i.A124,A124,2147516416,2025-02-13 15:38:21.661,5.475,0.0,80.4
16,ns=2;s=Channel2.RX3i.A125,A125,2147516416,ns=2;s=Channel2.RX3i.A126,A126,2147516416,2025-02-13 15:38:21.661,5.475,0.0,80.4
17,ns=2;s=Channel2.RX3i.A127,A127,2147516416,ns=2;s=Channel2.RX3i.A128,A128,2933424128,2025-02-13 15:38:21.661,5.475,0.0,80.4
18,ns=2;s=Channel2.RX3i.A129,A129,2147528412,ns=2;s=Channel2.RX3i.A13,A13,2147790562,2025-02-13 15:38:21.661,5.475,33.3,80.4
19,ns=2;s=Channel2.RX3i.A130,A130,2147516416,ns=2;s=Channel2.RX3i.A131,A131,2934865920,2025-02-13 15:38:21.661,5.475,0.0,80.4
20,ns=2;s=Channel2.RX3i.A132,A132,2147528434,ns=2;s=Channel2.RX3i.A133,A133,2147516416,2025-02-13 15:38:21.661,5.475,12.5,80.4
21,ns=2;s=Channel2.RX3i.A134,A134,2147778560,ns=2;s=Channel2.RX3i.A135,A135,2147516420,2025-02-13 15:38:21.661,5.475,0.0,80.4
22,ns=2;s=Channel2.RX3i.A136,A136,2147516416,ns=2;s=Channel2.RX3i.A137,A137,2147516416,2025-02-13 15:38:21.661,5.475,0.0,80.4
23,ns=2;s=Channel2.RX3i.A138,A138,2147647488,ns=2;s=Channel2.RX3i.A139,A139,2147516418,2025-02-13 15:38:21.661,5.475,0.0,80.4
24,ns=2;s=Channel2.RX3i.A14,A14,2147516420,ns=2;s=Channel2.RX3i.A140,A140,2937487360,2025-02-13 15:38:21.661,5.475,0.0,80.4
25,ns=2;s=Channel2.RX3i.A141,A141,2147790618,ns=2;s=Channel2.RX3i.A142,A142,2147516420,2025-02-13 15:38:21.661,5.475,0.0,80.4
1,ns=2;s=Channel2.RX3i.A1,A1,2147528263,ns=2;s=Channel2.RX3i.A10,A10,2147647488,2025-02-13 15:38:21.666,5.482,3.8,80.4
2,ns=2;s=Channel2.RX3i.A100,A100,2147516416,ns=2;s=Channel2.RX3i.A1000,A1000,2147528278,2025-02-13 15:38:21.666,5.482,7.7,80.4
3,ns=2;s=Channel2.RX3i.A101,A101,2925428736,ns=2;s=Channel2.RX3i.A102,A102,2147528290,2025-02-13 15:38:21.666,5.482,0.0,80.4
4,ns=2;s=Channel2.RX3i.A103,A103,32768,ns=2;s=Channel2.RX3i.A104,A104,2147745792,2025-02-13 15:38:21.666,5.482,16.7,80.4
5,ns=2;s=Channel2.RX3i.A105,A105,2147516420,ns=2;s=Channel2.RX3i.A106,A106,2147516416,2025-02-13 15:38:21.666,5.482,12.5,80.4
6,ns=2;s=Channel2.RX3i.A107,A107,2147516416,ns=2;s=Channel2.RX3i.A108,A108,2147647488,2025-02-13 15:38:21.666,5.482,0.0,80.4
7,ns=2;s=Channel2.RX3i.A109,A109,2147516418,ns=2;s=Channel2.RX3i.A11,A11,2147516418,2025-02-13 15:38:21.666,5.482,0.0,80.4
8,ns=2;s=Channel2.RX3i.A110,A110,2928115712,ns=2;s=Channel2.RX3i.A111,A111,2147790476,2025-02-13 15:38:21.666,5.482,0.0,80.4
9,ns=2;s=Channel2.RX3i.A112,A112,2147516420,ns=2;s=Channel2.RX3i.A113,A113,2147516416,2025-02-13 15:38:21.666,5.482,0.0,80.4
10,ns=2;s=Channel2.RX3i.A114,A114,2147516416,ns=2;s=Channel2.RX3i.A115,A115,2147516416,2025-02-13 15:38:21.666,5.482,14.3,80.4
11,ns=2;s=Channel2.RX3i.A116,A116,2147516416,ns=2;s=Channel2.RX3i.A117,A117,2147516416,2025-02-13 15:38:21.666,5.482,0.0,80.4
12,ns=2;s=Channel2.RX3i.A118,A118,2147516416,ns=2;s=Channel2.RX3i.A119,A119,2147516416,2025-02-13 15:38:21.666,5.482,0.0,80.4
13,ns=2;s=Channel2.RX3i.A12,A12,2930933760,ns=2;s=Channel2.RX3i.A120,A120,2147516416,2025-02-13 15:38:21.666,5.482,0.0,80.4
14,ns=2;s=Channel2.RX3i.A121,A121,2147516416,ns=2;s=Channel2.RX3i.A122,A122,2147516416,2025-02-13 15:38:21.666,5.482,0.0,80.4
15,ns=2;s=Channel2.RX3i.A123,A123,2147516416,ns=2;s=Channel2.RX3i.A124,A124,2147516416,2025-02-13 15:38:21.666,5.482,0.0,80.4
16,ns=2;s=Channel2.RX3i.A125,A125,2147516416,ns=2;s=Channel2.RX3i.A126,A126,2147516416,2025-02-13 15:38:21.666,5.482,0.0,80.4
17,ns=2;s=Channel2.RX3i.A127,A127,2147516416,ns=2;s=Channel2.RX3i.A128,A128,2933424128,2025-02-13 15:38:21.666,5.482,0.0,80.4
18,ns=2;s=Channel2.RX3i.A129,A129,2147528412,ns=2;s=Channel2.RX3i.A13,A13,2147790562,2025-02-13 15:38:21.666,5.482,33.3,80.4
19,ns=2;s=Channel2.RX3i.A130,A130,2147516416,ns=2;s=Channel2.RX3i.A131,A131,2934865920,2025-02-13 15:38:21.666,5.482,0.0,80.4
20,ns=2;s=Channel2.RX3i.A132,A132,2147528434,ns=2;s=Channel2.RX3i.A133,A133,2147516416,2025-02-13 15:38:21.666,5.482,25.0,80.4
21,ns=2;s=Channel2.RX3i.A134,A134,2147778560,ns=2;s=Channel2.RX3i.A135,A135,2147516420,2025-02-13 15:38:21.666,5.482,0.0,80.4
22,ns=2;s=Channel2.RX3i.A136,A136,2147516416,ns=2;s=Channel2.RX3i.A137,A137,2147516416,2025-02-13 15:38:21.666,5.482,0.0,80.4
23,ns=2;s=Channel2.RX3i.A138,A138,2147647488,ns=2;s=Channel2.RX3i.A139,A139,2147516418,2025-02-13 15:38:21.666,5.482,0.0,80.4
24,ns=2;s=Channel2.RX3i.A14,A14,2147516420,ns=2;s=Channel2.RX3i.A140,A140,2937487360,2025-02-13 15:38:21.666,5.482,0.0,80.4
25,ns=2;s=Channel2.RX3i.A141,A141,2147790618,ns=2;s=Channel2.RX3i.A142,A142,2147516420,2025-02-13 15:38:21.666,5.482,0.0,80.4
1,ns=2;s=Channel2.RX3i.A1,A1,2147528516,ns=2;s=Channel2.RX3i.A10,A10,2147647488,2025-02-13 15:38:27.183,5.522,4.7,80.4
2,ns=2;s=Channel2.RX3i.A100,A100,2147516416,ns=2;s=Channel2.RX3i.A1000,A1000,2147528530,2025-02-13 15:38:27.183,5.522,12.5,80.4
3,ns=2;s=Channel2.RX3i.A101,A101,2941943808,ns=2;s=Channel2.RX3i.A102,A102,2147528543,2025-02-13 15:38:27.183,5.522,0.0,80.4
4,ns=2;s=Channel2.RX3i.A103,A103,32768,ns=2;s=Channel2.RX3i.A104,A104,2147745792,2025-02-13 15:38:27.183,5.522,14.3,80.4
5,ns=2;s=Channel2.RX3i.A105,A105,2147516420,ns=2;s=Channel2.RX3i.A106,A106,2147516416,2025-02-13 15:38:27.183,5.522,0.0,80.4
6,ns=2;s=Channel2.RX3i.A107,A107,2147516416,ns=2;s=Channel2.RX3i.A108,A108,2147647488,2025-02-13 15:38:27.183,5.522,12.5,80.4
7,ns=2;s=Channel2.RX3i.A109,A109,2147516418,ns=2;s=Channel2.RX3i.A11,A11,2147516418,2025-02-13 15:38:27.183,5.522,0.0,80.4
8,ns=2;s=Channel2.RX3i.A110,A110,2944696320,ns=2;s=Channel2.RX3i.A111,A111,2147790728,2025-02-13 15:38:27.183,5.522,14.3,80.4
9,ns=2;s=Channel2.RX3i.A112,A112,2147516420,ns=2;s=Channel2.RX3i.A113,A113,2147516416,2025-02-13 15:38:27.183,5.522,0.0,80.4
10,ns=2;s=Channel2.RX3i.A114,A114,2147516416,ns=2;s=Channel2.RX3i.A115,A115,2147516416,2025-02-13 15:38:27.183,5.522,12.5,80.4
11,ns=2;s=Channel2.RX3i.A116,A116,2147516416,ns=2;s=Channel2.RX3i.A117,A117,2147516416,2025-02-13 15:38:27.183,5.522,0.0,80.4
12,ns=2;s=Channel2.RX3i.A118,A118,2147516416,ns=2;s=Channel2.RX3i.A119,A119,2147516416,2025-02-13 15:38:27.183,5.522,0.0,80.4
13,ns=2;s=Channel2.RX3i.A12,A12,2947514368,ns=2;s=Channel2.RX3i.A120,A120,2147516416,2025-02-13 15:38:27.183,5.522,0.0,80.4
14,ns=2;s=Channel2.RX3i.A121,A121,2147516416,ns=2;s=Channel2.RX3i.A122,A122,2147516416,2025-02-13 15:38:27.183,5.522,12.5,80.4
15,ns=2;s=Channel2.RX3i.A123,A123,2147516416,ns=2;s=Channel2.RX3i.A124,A124,2147516416,2025-02-13 15:38:27.183,5.522,0.0,80.4
16,ns=2;s=Channel2.RX3i.A125,A125,2147516416,ns=2;s=Channel2.RX3i.A126,A126,2147516416,2025-02-13 15:38:27.183,5.522,14.3,80.4
17,ns=2;s=Channel2.RX3i.A127,A127,2147516416,ns=2;s=Channel2.RX3i.A128,A128,2950070272,2025-02-13 15:38:27.183,5.522,0.0,80.4
18,ns=2;s=Channel2.RX3i.A129,A129,2147528666,ns=2;s=Channel2.RX3i.A13,A13,2147790815,2025-02-13 15:38:27.183,5.522,0.0,80.4
19,ns=2;s=Channel2.RX3i.A130,A130,2147516416,ns=2;s=Channel2.RX3i.A131,A131,2951446528,2025-02-13 15:38:27.183,5.522,0.0,80.3
20,ns=2;s=Channel2.RX3i.A132,A132,2147528687,ns=2;s=Channel2.RX3i.A133,A133,2147516416,2025-02-13 15:38:27.183,5.522,0.0,80.3
21,ns=2;s=Channel2.RX3i.A134,A134,2147778560,ns=2;s=Channel2.RX3i.A135,A135,2147516420,2025-02-13 15:38:27.183,5.522,0.0,80.3
22,ns=2;s=Channel2.RX3i.A136,A136,2147516416,ns=2;s=Channel2.RX3i.A137,A137,2147516416,2025-02-13 15:38:27.183,5.522,0.0,80.3
23,ns=2;s=Channel2.RX3i.A138,A138,2147647488,ns=2;s=Channel2.RX3i.A139,A139,2147516418,2025-02-13 15:38:27.183,5.522,0.0,80.3
24,ns=2;s=Channel2.RX3i.A14,A14,2147516420,ns=2;s=Channel2.RX3i.A140,A140,2954067968,2025-02-13 15:38:27.183,5.522,0.0,80.3
25,ns=2;s=Channel2.RX3i.A141,A141,2147790871,ns=2;s=Channel2.RX3i.A142,A142,2147516420,2025-02-13 15:38:27.183,5.522,0.0,80.3
1,ns=2;s=Channel2.RX3i.A1,A1,2147528516,ns=2;s=Channel2.RX3i.A10,A10,2147647488,2025-02-13 15:38:27.185,5.519,4.7,80.4
2,ns=2;s=Channel2.RX3i.A100,A100,2147516416,ns=2;s=Channel2.RX3i.A1000,A1000,2147528530,2025-02-13 15:38:27.185,5.519,11.1,80.4
3,ns=2;s=Channel2.RX3i.A101,A101,2941943808,ns=2;s=Channel2.RX3i.A102,A102,2147528543,2025-02-13 15:38:27.185,5.519,0.0,80.4
4,ns=2;s=Channel2.RX3i.A103,A103,32768,ns=2;s=Channel2.RX3i.A104,A104,2147745792,2025-02-13 15:38:27.185,5.519,12.5,80.4
5,ns=2;s=Channel2.RX3i.A105,A105,2147516420,ns=2;s=Channel2.RX3i.A106,A106,2147516416,2025-02-13 15:38:27.185,5.519,0.0,80.4
6,ns=2;s=Channel2.RX3i.A107,A107,2147516416,ns=2;s=Channel2.RX3i.A108,A108,2147647488,2025-02-13 15:38:27.185,5.519,14.3,80.4
7,ns=2;s=Channel2.RX3i.A109,A109,2147516418,ns=2;s=Channel2.RX3i.A11,A11,2147516418,2025-02-13 15:38:27.185,5.519,0.0,80.4
8,ns=2;s=Channel2.RX3i.A110,A110,2944696320,ns=2;s=Channel2.RX3i.A111,A111,2147790728,2025-02-13 15:38:27.185,5.519,12.5,80.4
9,ns=2;s=Channel2.RX3i.A112,A112,2147516420,ns=2;s=Channel2.RX3i.A113,A113,2147516416,2025-02-13 15:38:27.185,5.519,14.3,80.4
10,ns=2;s=Channel2.RX3i.A114,A114,2147516416,ns=2;s=Channel2.RX3i.A115,A115,2147516416,2025-02-13 15:38:27.185,5.519,0.0,80.4
11,ns=2;s=Channel2.RX3i.A116,A116,2147516416,ns=2;s=Channel2.RX3i.A117,A117,2147516416,2025-02-13 15:38:27.185,5.519,0.0,80.4
12,ns=2;s=Channel2.RX3i.A118,A118,2147516416,ns=2;s=Channel2.RX3i.A119,A119,2147516416,2025-02-13 15:38:27.185,5.519,0.0,80.4
13,ns=2;s=Channel2.RX3i.A12,A12,2947514368,ns=2;s=Channel2.RX3i.A120,A120,2147516416,2025-02-13 15:38:27.185,5.519,12.5,80.4
14,ns=2;s=Channel2.RX3i.A121,A121,2147516416,ns=2;s=Channel2.RX3i.A122,A122,2147516416,2025-02-13 15:38:27.185,5.519,0.0,80.4
15,ns=2;s=Channel2.RX3i.A123,A123,2147516416,ns=2;s=Channel2.RX3i.A124,A124,2147516416,2025-02-13 15:38:27.185,5.519,14.3,80.4
16,ns=2;s=Channel2.RX3i.A125,A125,2147516416,ns=2;s=Channel2.RX3i.A126,A126,2147516416,2025-02-13 15:38:27.185,5.519,0.0,80.4
17,ns=2;s=Channel2.RX3i.A127,A127,2147516416,ns=2;s=Channel2.RX3i.A128,A128,2950070272,2025-02-13 15:38:27.185,5.519,0.0,80.4
18,ns=2;s=Channel2.RX3i.A129,A129,2147528666,ns=2;s=Channel2.RX3i.A13,A13,2147790815,2025-02-13 15:38:27.185,5.519,0.0,80.3
19,ns=2;s=Channel2.RX3i.A130,A130,2147516416,ns=2;s=Channel2.RX3i.A131,A131,2951446528,2025-02-13 15:38:27.185,5.519,0.0,80.3
20,ns=2;s=Channel2.RX3i.A132,A132,2147528687,ns=2;s=Channel2.RX3i.A133,A133,2147516416,2025-02-13 15:38:27.185,5.519,0.0,80.3
21,ns=2;s=Channel2.RX3i.A134,A134,2147778560,ns=2;s=Channel2.RX3i.A135,A135,2147516420,2025-02-13 15:38:27.185,5.519,0.0,80.3
22,ns=2;s=Channel2.RX3i.A136,A136,2147516416,ns=2;s=Channel2.RX3i.A137,A137,2147516416,2025-02-13 15:38:27.185,5.519,0.0,80.3
23,ns=2;s=Channel2.RX3i.A138,A138,2147647488,ns=2;s=Channel2.RX3i.A139,A139,2147516418,2025-02-13 15:38:27.185,5.519,0.0,80.3
24,ns=2;s=Channel2.RX3i.A14,A14,2147516420,ns=2;s=Channel2.RX3i.A140,A140,2954067968,2025-02-13 15:38:27.185,5.519,0.0,80.3
25,ns=2;s=Channel2.RX3i.A141,A141,2147790871,ns=2;s=Channel2.RX3i.A142,A142,2147516420,2025-02-13 15:38:27.185,5.519,0.0,80.3
1,ns=2;s=Channel2.RX3i.A1,A1,2147528768,ns=2;s=Channel2.RX3i.A10,A10,2147647488,2025-02-13 15:38:32.683,5.498,7.5,80.5
2,ns=2;s=Channel2.RX3i.A100,A100,2147516416,ns=2;s=Channel2.RX3i.A1000,A1000,2147528782,2025-02-13 15:38:32.683,5.498,9.1,80.5
3,ns=2;s=Channel2.RX3i.A101,A101,2958524416,ns=2;s=Channel2.RX3i.A102,A102,2147528795,2025-02-13 15:38:32.683,5.498,0.0,80.5
4,ns=2;s=Channel2.RX3i.A103,A103,32768,ns=2;s=Channel2.RX3i.A104,A104,2147745792,2025-02-13 15:38:32.683,5.498,12.5,80.5
5,ns=2;s=Channel2.RX3i.A105,A105,2147516420,ns=2;s=Channel2.RX3i.A106,A106,2147516416,2025-02-13 15:38:32.683,5.498,0.0,80.5
6,ns=2;s=Channel2.RX3i.A107,A107,2147516416,ns=2;s=Channel2.RX3i.A108,A108,2147647488,2025-02-13 15:38:32.683,5.498,0.0,80.5
7,ns=2;s=Channel2.RX3i.A109,A109,2147516418,ns=2;s=Channel2.RX3i.A11,A11,2147516418,2025-02-13 15:38:32.683,5.498,0.0,80.5
8,ns=2;s=Channel2.RX3i.A110,A110,2961145856,ns=2;s=Channel2.RX3i.A111,A111,2147790979,2025-02-13 15:38:32.683,5.498,0.0,80.5
9,ns=2;s=Channel2.RX3i.A112,A112,2147516420,ns=2;s=Channel2.RX3i.A113,A113,2147516416,2025-02-13 15:38:32.683,5.498,40.0,80.5
10,ns=2;s=Channel2.RX3i.A114,A114,2147516416,ns=2;s=Channel2.RX3i.A115,A115,2147516416,2025-02-13 15:38:32.683,5.498,0.0,80.5
11,ns=2;s=Channel2.RX3i.A116,A116,2147516416,ns=2;s=Channel2.RX3i.A117,A117,2147516416,2025-02-13 15:38:32.683,5.498,0.0,80.5
12,ns=2;s=Channel2.RX3i.A118,A118,2147516416,ns=2;s=Channel2.RX3i.A119,A119,2147516416,2025-02-13 15:38:32.683,5.498,0.0,80.5
13,ns=2;s=Channel2.RX3i.A12,A12,2963898368,ns=2;s=Channel2.RX3i.A120,A120,2147516416,2025-02-13 15:38:32.683,5.498,100.0,80.5
14,ns=2;s=Channel2.RX3i.A121,A121,2147516416,ns=2;s=Channel2.RX3i.A122,A122,2147516416,2025-02-13 15:38:32.683,5.498,0.0,80.5
15,ns=2;s=Channel2.RX3i.A123,A123,2147516416,ns=2;s=Channel2.RX3i.A124,A124,2147516416,2025-02-13 15:38:32.683,5.498,0.0,80.5
16,ns=2;s=Channel2.RX3i.A125,A125,2147516416,ns=2;s=Channel2.RX3i.A126,A126,2147516416,2025-02-13 15:38:32.683,5.498,0.0,80.5
17,ns=2;s=Channel2.RX3i.A127,A127,2147516416,ns=2;s=Channel2.RX3i.A128,A128,2966388736,2025-02-13 15:38:32.683,5.498,0.0,80.5
18,ns=2;s=Channel2.RX3i.A129,A129,2147528916,ns=2;s=Channel2.RX3i.A13,A13,2147791065,2025-02-13 15:38:32.683,5.498,33.3,80.4
19,ns=2;s=Channel2.RX3i.A130,A130,2147516416,ns=2;s=Channel2.RX3i.A131,A131,2967830528,2025-02-13 15:38:32.683,5.498,0.0,80.4
20,ns=2;s=Channel2.RX3i.A132,A132,2147528937,ns=2;s=Channel2.RX3i.A133,A133,2147516416,2025-02-13 15:38:32.683,5.498,12.5,80.4
21,ns=2;s=Channel2.RX3i.A134,A134,2147778560,ns=2;s=Channel2.RX3i.A135,A135,2147516420,2025-02-13 15:38:32.683,5.498,33.3,80.4
22,ns=2;s=Channel2.RX3i.A136,A136,2147516416,ns=2;s=Channel2.RX3i.A137,A137,2147516416,2025-02-13 15:38:32.683,5.498,20.0,80.4
23,ns=2;s=Channel2.RX3i.A138,A138,2147647488,ns=2;s=Channel2.RX3i.A139,A139,2147516418,2025-02-13 15:38:32.683,5.498,66.7,80.4
24,ns=2;s=Channel2.RX3i.A14,A14,2147516420,ns=2;s=Channel2.RX3i.A140,A140,2970451968,2025-02-13 15:38:32.683,5.498,16.7,80.4
25,ns=2;s=Channel2.RX3i.A141,A141,2147791121,ns=2;s=Channel2.RX3i.A142,A142,2147516420,2025-02-13 15:38:32.683,5.498,20.0,80.4
1,ns=2;s=Channel2.RX3i.A1,A1,2147528768,ns=2;s=Channel2.RX3i.A10,A10,2147647488,2025-02-13 15:38:32.670,5.487,7.5,80.5
2,ns=2;s=Channel2.RX3i.A100,A100,2147516416,ns=2;s=Channel2.RX3i.A1000,A1000,2147528782,2025-02-13 15:38:32.670,5.487,9.1,80.5
3,ns=2;s=Channel2.RX3i.A101,A101,2958524416,ns=2;s=Channel2.RX3i.A102,A102,2147528795,2025-02-13 15:38:32.670,5.487,0.0,80.5
4,ns=2;s=Channel2.RX3i.A103,A103,32768,ns=2;s=Channel2.RX3i.A104,A104,2147745792,2025-02-13 15:38:32.670,5.487,12.5,80.5
5,ns=2;s=Channel2.RX3i.A105,A105,2147516420,ns=2;s=Channel2.RX3i.A106,A106,2147516416,2025-02-13 15:38:32.670,5.487,0.0,80.5
6,ns=2;s=Channel2.RX3i.A107,A107,2147516416,ns=2;s=Channel2.RX3i.A108,A108,2147647488,2025-02-13 15:38:32.670,5.487,0.0,80.5
7,ns=2;s=Channel2.RX3i.A109,A109,2147516418,ns=2;s=Channel2.RX3i.A11,A11,2147516418,2025-02-13 15:38:32.670,5.487,0.0,80.5
8,ns=2;s=Channel2.RX3i.A110,A110,2961145856,ns=2;s=Channel2.RX3i.A111,A111,2147790979,2025-02-13 15:38:32.670,5.487,0.0,80.5
9,ns=2;s=Channel2.RX3i.A112,A112,2147516420,ns=2;s=Channel2.RX3i.A113,A113,2147516416,2025-02-13 15:38:32.670,5.487,40.0,80.5
10,ns=2;s=Channel2.RX3i.A114,A114,2147516416,ns=2;s=Channel2.RX3i.A115,A115,2147516416,2025-02-13 15:38:32.670,5.487,0.0,80.5
11,ns=2;s=Channel2.RX3i.A116,A116,2147516416,ns=2;s=Channel2.RX3i.A117,A117,2147516416,2025-02-13 15:38:32.670,5.487,0.0,80.5
12,ns=2;s=Channel2.RX3i.A118,A118,2147516416,ns=2;s=Channel2.RX3i.A119,A119,2147516416,2025-02-13 15:38:32.670,5.487,0.0,80.5
13,ns=2;s=Channel2.RX3i.A12,A12,2963898368,ns=2;s=Channel2.RX3i.A120,A120,2147516416,2025-02-13 15:38:32.670,5.487,14.3,80.5
14,ns=2;s=Channel2.RX3i.A121,A121,2147516416,ns=2;s=Channel2.RX3i.A122,A122,2147516416,2025-02-13 15:38:32.670,5.487,0.0,80.5
15,ns=2;s=Channel2.RX3i.A123,A123,2147516416,ns=2;s=Channel2.RX3i.A124,A124,2147516416,2025-02-13 15:38:32.670,5.487,0.0,80.5
16,ns=2;s=Channel2.RX3i.A125,A125,2147516416,ns=2;s=Channel2.RX3i.A126,A126,2147516416,2025-02-13 15:38:32.670,5.487,0.0,80.5
17,ns=2;s=Channel2.RX3i.A127,A127,2147516416,ns=2;s=Channel2.RX3i.A128,A128,2966388736,2025-02-13 15:38:32.670,5.487,0.0,80.5
18,ns=2;s=Channel2.RX3i.A129,A129,2147528916,ns=2;s=Channel2.RX3i.A13,A13,2147791065,2025-02-13 15:38:32.670,5.487,14.3,80.4
19,ns=2;s=Channel2.RX3i.A130,A130,2147516416,ns=2;s=Channel2.RX3i.A131,A131,2967830528,2025-02-13 15:38:32.670,5.487,0.0,80.4
20,ns=2;s=Channel2.RX3i.A132,A132,2147528937,ns=2;s=Channel2.RX3i.A133,A133,2147516416,2025-02-13 15:38:32.670,5.487,14.3,80.4
21,ns=2;s=Channel2.RX3i.A134,A134,2147778560,ns=2;s=Channel2.RX3i.A135,A135,2147516420,2025-02-13 15:38:32.670,5.487,12.5,80.4
22,ns=2;s=Channel2.RX3i.A136,A136,2147516416,ns=2;s=Channel2.RX3i.A137,A137,2147516416,2025-02-13 15:38:32.670,5.487,100.0,80.4
23,ns=2;s=Channel2.RX3i.A138,A138,2147647488,ns=2;s=Channel2.RX3i.A139,A139,2147516418,2025-02-13 15:38:32.670,5.487,25.0,80.4
24,ns=2;s=Channel2.RX3i.A14,A14,2147516420,ns=2;s=Channel2.RX3i.A140,A140,2970451968,2025-02-13 15:38:32.670,5.487,100.0,80.4
25,ns=2;s=Channel2.RX3i.A141,A141,2147791121,ns=2;s=Channel2.RX3i.A142,A142,2147516420,2025-02-13 15:38:32.670,5.487,25.0,80.4
1,ns=2;s=Channel2.RX3i.A1,A1,2147529020,ns=2;s=Channel2.RX3i.A10,A10,2147647488,2025-02-13 15:38:38.160,5.477,7.2,80.8
2,ns=2;s=Channel2.RX3i.A100,A100,2147516416,ns=2;s=Channel2.RX3i.A1000,A1000,2147529034,2025-02-13 15:38:38.160,5.477,0.0,80.8
3,ns=2;s=Channel2.RX3i.A101,A101,2975039488,ns=2;s=Channel2.RX3i.A102,A102,2147529047,2025-02-13 15:38:38.160,5.477,12.5,80.8
4,ns=2;s=Channel2.RX3i.A103,A103,32768,ns=2;s=Channel2.RX3i.A104,A104,2147745792,2025-02-13 15:38:38.160,5.477,0.0,80.8
5,ns=2;s=Channel2.RX3i.A105,A105,2147516420,ns=2;s=Channel2.RX3i.A106,A106,2147516416,2025-02-13 15:38:38.160,5.477,12.5,80.8
6,ns=2;s=Channel2.RX3i.A107,A107,2147516416,ns=2;s=Channel2.RX3i.A108,A108,2147647488,2025-02-13 15:38:38.160,5.477,0.0,80.8
7,ns=2;s=Channel2.RX3i.A109,A109,2147516418,ns=2;s=Channel2.RX3i.A11,A11,2147516418,2025-02-13 15:38:38.160,5.477,0.0,80.8
8,ns=2;s=Channel2.RX3i.A110,A110,2977660928,ns=2;s=Channel2.RX3i.A111,A111,2147791232,2025-02-13 15:38:38.160,5.477,0.0,80.7
9,ns=2;s=Channel2.RX3i.A112,A112,2147516420,ns=2;s=Channel2.RX3i.A113,A113,2147516416,2025-02-13 15:38:38.160,5.477,0.0,80.7
10,ns=2;s=Channel2.RX3i.A114,A114,2147516416,ns=2;s=Channel2.RX3i.A115,A115,2147516416,2025-02-13 15:38:38.160,5.477,15.4,80.7
11,ns=2;s=Channel2.RX3i.A116,A116,2147516416,ns=2;s=Channel2.RX3i.A117,A117,2147516416,2025-02-13 15:38:38.160,5.477,0.0,80.7
12,ns=2;s=Channel2.RX3i.A118,A118,2147516416,ns=2;s=Channel2.RX3i.A119,A119,2147516416,2025-02-13 15:38:38.160,5.477,14.3,80.7
13,ns=2;s=Channel2.RX3i.A12,A12,2980478976,ns=2;s=Channel2.RX3i.A120,A120,2147516416,2025-02-13 15:38:38.160,5.477,0.0,80.7
14,ns=2;s=Channel2.RX3i.A121,A121,2147516416,ns=2;s=Channel2.RX3i.A122,A122,2147516416,2025-02-13 15:38:38.160,5.477,0.0,80.7
15,ns=2;s=Channel2.RX3i.A123,A123,2147516416,ns=2;s=Channel2.RX3i.A124,A124,2147516416,2025-02-13 15:38:38.160,5.477,0.0,80.7
16,ns=2;s=Channel2.RX3i.A125,A125,2147516416,ns=2;s=Channel2.RX3i.A126,A126,2147516416,2025-02-13 15:38:38.160,5.477,12.5,80.9
17,ns=2;s=Channel2.RX3i.A127,A127,2147516416,ns=2;s=Channel2.RX3i.A128,A128,2983034880,2025-02-13 15:38:38.160,5.477,14.3,80.9
18,ns=2;s=Channel2.RX3i.A129,A129,2147529169,ns=2;s=Channel2.RX3i.A13,A13,2147791319,2025-02-13 15:38:38.160,5.477,0.0,80.9
19,ns=2;s=Channel2.RX3i.A130,A130,2147516416,ns=2;s=Channel2.RX3i.A131,A131,2984411136,2025-02-13 15:38:38.160,5.477,0.0,80.9
20,ns=2;s=Channel2.RX3i.A132,A132,2147529190,ns=2;s=Channel2.RX3i.A133,A133,2147516416,2025-02-13 15:38:38.160,5.477,0.0,80.9
21,ns=2;s=Channel2.RX3i.A134,A134,2147778560,ns=2;s=Channel2.RX3i.A135,A135,2147516420,2025-02-13 15:38:38.160,5.477,12.5,80.9
22,ns=2;s=Channel2.RX3i.A136,A136,2147516416,ns=2;s=Channel2.RX3i.A137,A137,2147516416,2025-02-13 15:38:38.160,5.477,12.5,80.9
23,ns=2;s=Channel2.RX3i.A138,A138,2147647488,ns=2;s=Channel2.RX3i.A139,A139,2147516418,2025-02-13 15:38:38.160,5.477,0.0,80.8
24,ns=2;s=Channel2.RX3i.A14,A14,2147516420,ns=2;s=Channel2.RX3i.A140,A140,2987032576,2025-02-13 15:38:38.160,5.477,0.0,80.8
25,ns=2;s=Channel2.RX3i.A141,A141,2147791374,ns=2;s=Channel2.RX3i.A142,A142,2147516420,2025-02-13 15:38:38.160,5.477,16.7,80.8
1,ns=2;s=Channel2.RX3i.A1,A1,2147529020,ns=2;s=Channel2.RX3i.A10,A10,2147647488,2025-02-13 15:38:38.162,5.492,7.1,80.8
2,ns=2;s=Channel2.RX3i.A100,A100,2147516416,ns=2;s=Channel2.RX3i.A1000,A1000,2147529034,2025-02-13 15:38:38.162,5.492,0.0,80.8
3,ns=2;s=Channel2.RX3i.A101,A101,2975039488,ns=2;s=Channel2.RX3i.A102,A102,2147529047,2025-02-13 15:38:38.162,5.492,12.5,80.8
4,ns=2;s=Channel2.RX3i.A103,A103,32768,ns=2;s=Channel2.RX3i.A104,A104,2147745792,2025-02-13 15:38:38.162,5.492,0.0,80.8
5,ns=2;s=Channel2.RX3i.A105,A105,2147516420,ns=2;s=Channel2.RX3i.A106,A106,2147516416,2025-02-13 15:38:38.162,5.492,16.7,80.8
6,ns=2;s=Channel2.RX3i.A107,A107,2147516416,ns=2;s=Channel2.RX3i.A108,A108,2147647488,2025-02-13 15:38:38.162,5.492,0.0,80.8
7,ns=2;s=Channel2.RX3i.A109,A109,2147516418,ns=2;s=Channel2.RX3i.A11,A11,2147516418,2025-02-13 15:38:38.162,5.492,0.0,80.8
8,ns=2;s=Channel2.RX3i.A110,A110,2977660928,ns=2;s=Channel2.RX3i.A111,A111,2147791232,2025-02-13 15:38:38.162,5.492,0.0,80.7
9,ns=2;s=Channel2.RX3i.A112,A112,2147516420,ns=2;s=Channel2.RX3i.A113,A113,2147516416,2025-02-13 15:38:38.162,5.492,0.0,80.7
10,ns=2;s=Channel2.RX3i.A114,A114,2147516416,ns=2;s=Channel2.RX3i.A115,A115,2147516416,2025-02-13 15:38:38.162,5.492,28.6,80.7
11,ns=2;s=Channel2.RX3i.A116,A116,2147516416,ns=2;s=Channel2.RX3i.A117,A117,2147516416,2025-02-13 15:38:38.162,5.492,0.0,80.7
12,ns=2;s=Channel2.RX3i.A118,A118,2147516416,ns=2;s=Channel2.RX3i.A119,A119,2147516416,2025-02-13 15:38:38.162,5.492,14.3,80.7
13,ns=2;s=Channel2.RX3i.A12,A12,2980478976,ns=2;s=Channel2.RX3i.A120,A120,2147516416,2025-02-13 15:38:38.162,5.492,0.0,80.7
14,ns=2;s=Channel2.RX3i.A121,A121,2147516416,ns=2;s=Channel2.RX3i.A122,A122,2147516416,2025-02-13 15:38:38.162,5.492,0.0,80.7
15,ns=2;s=Channel2.RX3i.A123,A123,2147516416,ns=2;s=Channel2.RX3i.A124,A124,2147516416,2025-02-13 15:38:38.162,5.492,0.0,80.7
16,ns=2;s=Channel2.RX3i.A125,A125,2147516416,ns=2;s=Channel2.RX3i.A126,A126,2147516416,2025-02-13 15:38:38.162,5.492,0.0,80.7
17,ns=2;s=Channel2.RX3i.A127,A127,2147516416,ns=2;s=Channel2.RX3i.A128,A128,2983034880,2025-02-13 15:38:38.162,5.492,50.0,80.9
18,ns=2;s=Channel2.RX3i.A129,A129,2147529169,ns=2;s=Channel2.RX3i.A13,A13,2147791319,2025-02-13 15:38:38.162,5.492,16.7,80.9
19,ns=2;s=Channel2.RX3i.A130,A130,2147516416,ns=2;s=Channel2.RX3i.A131,A131,2984411136,2025-02-13 15:38:38.162,5.492,0.0,80.9
20,ns=2;s=Channel2.RX3i.A132,A132,2147529190,ns=2;s=Channel2.RX3i.A133,A133,2147516416,2025-02-13 15:38:38.162,5.492,0.0,80.9
21,ns=2;s=Channel2.RX3i.A134,A134,2147778560,ns=2;s=Channel2.RX3i.A135,A135,2147516420,2025-02-13 15:38:38.162,5.492,0.0,80.9
22,ns=2;s=Channel2.RX3i.A136,A136,2147516416,ns=2;s=Channel2.RX3i.A137,A137,2147516416,2025-02-13 15:38:38.162,5.492,14.3,80.9
23,ns=2;s=Channel2.RX3i.A138,A138,2147647488,ns=2;s=Channel2.RX3i.A139,A139,2147516418,2025-02-13 15:38:38.162,5.492,16.7,80.9
24,ns=2;s=Channel2.RX3i.A14,A14,2147516420,ns=2;s=Channel2.RX3i.A140,A140,2987032576,2025-02-13 15:38:38.162,5.492,0.0,80.9
25,ns=2;s=Channel2.RX3i.A141,A141,2147791374,ns=2;s=Channel2.RX3i.A142,A142,2147516420,2025-02-13 15:38:38.162,5.492,0.0,80.8
1,ns=2;s=Channel2.RX3i.A1,A1,2147529276,ns=2;s=Channel2.RX3i.A10,A10,2147647488,2025-02-13 15:38:43.740,5.58,8.5,81.8
2,ns=2;s=Channel2.RX3i.A100,A100,2147516416,ns=2;s=Channel2.RX3i.A1000,A1000,2147529291,2025-02-13 15:38:43.740,5.58,0.0,81.8
3,ns=2;s=Channel2.RX3i.A101,A101,2991816704,ns=2;s=Channel2.RX3i.A102,A102,2147529304,2025-02-13 15:38:43.740,5.58,0.0,81.8
4,ns=2;s=Channel2.RX3i.A103,A103,32768,ns=2;s=Channel2.RX3i.A104,A104,2147745792,2025-02-13 15:38:43.740,5.58,16.7,81.8
5,ns=2;s=Channel2.RX3i.A105,A105,2147516420,ns=2;s=Channel2.RX3i.A106,A106,2147516416,2025-02-13 15:38:43.740,5.58,20.0,81.8
6,ns=2;s=Channel2.RX3i.A107,A107,2147516416,ns=2;s=Channel2.RX3i.A108,A108,2147647488,2025-02-13 15:38:43.740,5.58,20.0,81.8
7,ns=2;s=Channel2.RX3i.A109,A109,2147516418,ns=2;s=Channel2.RX3i.A11,A11,2147516418,2025-02-13 15:38:43.740,5.58,14.3,81.8
8,ns=2;s=Channel2.RX3i.A110,A110,2994503680,ns=2;s=Channel2.RX3i.A111,A111,2147791488,2025-02-13 15:38:43.740,5.58,25.0,81.8
9,ns=2;s=Channel2.RX3i.A112,A112,2147516420,ns=2;s=Channel2.RX3i.A113,A113,2147516416,2025-02-13 15:38:43.740,5.58,0.0,81.8
10,ns=2;s=Channel2.RX3i.A114,A114,2147516416,ns=2;s=Channel2.RX3i.A115,A115,2147516416,2025-02-13 15:38:43.740,5.58,33.3,81.8
11,ns=2;s=Channel2.RX3i.A116,A116,2147516416,ns=2;s=Channel2.RX3i.A117,A117,2147516416,2025-02-13 15:38:43.740,5.58,20.0,81.8
12,ns=2;s=Channel2.RX3i.A118,A118,2147516416,ns=2;s=Channel2.RX3i.A119,A119,2147516416,2025-02-13 15:38:43.740,5.58,0.0,81.8
13,ns=2;s=Channel2.RX3i.A12,A12,2997256192,ns=2;s=Channel2.RX3i.A120,A120,2147516416,2025-02-13 15:38:43.740,5.58,0.0,81.8
14,ns=2;s=Channel2.RX3i.A121,A121,2147516416,ns=2;s=Channel2.RX3i.A122,A122,2147516416,2025-02-13 15:38:43.740,5.58,12.5,81.8
15,ns=2;s=Channel2.RX3i.A123,A123,2147516416,ns=2;s=Channel2.RX3i.A124,A124,2147516416,2025-02-13 15:38:43.740,5.58,0.0,81.8
16,ns=2;s=Channel2.RX3i.A125,A125,2147516416,ns=2;s=Channel2.RX3i.A126,A126,2147516416,2025-02-13 15:38:43.740,5.58,0.0,81.8
17,ns=2;s=Channel2.RX3i.A127,A127,2147516416,ns=2;s=Channel2.RX3i.A128,A128,2999812096,2025-02-13 15:38:43.740,5.58,0.0,81.8
18,ns=2;s=Channel2.RX3i.A129,A129,2147529425,ns=2;s=Channel2.RX3i.A13,A13,2147791575,2025-02-13 15:38:43.740,5.58,0.0,81.8
19,ns=2;s=Channel2.RX3i.A130,A130,2147516416,ns=2;s=Channel2.RX3i.A131,A131,3001188352,2025-02-13 15:38:43.740,5.58,0.0,81.8
20,ns=2;s=Channel2.RX3i.A132,A132,2147529447,ns=2;s=Channel2.RX3i.A133,A133,2147516416,2025-02-13 15:38:43.740,5.58,33.3,81.8
21,ns=2;s=Channel2.RX3i.A134,A134,2147778560,ns=2;s=Channel2.RX3i.A135,A135,2147516420,2025-02-13 15:38:43.740,5.58,12.5,81.8
22,ns=2;s=Channel2.RX3i.A136,A136,2147516416,ns=2;s=Channel2.RX3i.A137,A137,2147516416,2025-02-13 15:38:43.740,5.58,0.0,81.8
23,ns=2;s=Channel2.RX3i.A138,A138,2147647488,ns=2;s=Channel2.RX3i.A139,A139,2147516418,2025-02-13 15:38:43.740,5.58,14.3,81.8
24,ns=2;s=Channel2.RX3i.A14,A14,2147516420,ns=2;s=Channel2.RX3i.A140,A140,3003809792,2025-02-13 15:38:43.740,5.58,0.0,81.8
25,ns=2;s=Channel2.RX3i.A141,A141,2147791630,ns=2;s=Channel2.RX3i.A142,A142,2147516420,2025-02-13 15:38:43.740,5.58,0.0,81.8
1,ns=2;s=Channel2.RX3i.A1,A1,2147529276,ns=2;s=Channel2.RX3i.A10,A10,2147647488,2025-02-13 15:38:43.742,5.58,8.5,81.8
2,ns=2;s=Channel2.RX3i.A100,A100,2147516416,ns=2;s=Channel2.RX3i.A1000,A1000,2147529291,2025-02-13 15:38:43.742,5.58,0.0,81.8
3,ns=2;s=Channel2.RX3i.A101,A101,2991816704,ns=2;s=Channel2.RX3i.A102,A102,2147529304,2025-02-13 15:38:43.742,5.58,0.0,81.8
4,ns=2;s=Channel2.RX3i.A103,A103,32768,ns=2;s=Channel2.RX3i.A104,A104,2147745792,2025-02-13 15:38:43.742,5.58,16.7,81.8
5,ns=2;s=Channel2.RX3i.A105,A105,2147516420,ns=2;s=Channel2.RX3i.A106,A106,2147516416,2025-02-13 15:38:43.742,5.58,20.0,81.8
6,ns=2;s=Channel2.RX3i.A107,A107,2147516416,ns=2;s=Channel2.RX3i.A108,A108,2147647488,2025-02-13 15:38:43.742,5.58,20.0,81.8
7,ns=2;s=Channel2.RX3i.A109,A109,2147516418,ns=2;s=Channel2.RX3i.A11,A11,2147516418,2025-02-13 15:38:43.742,5.58,14.3,81.8
8,ns=2;s=Channel2.RX3i.A110,A110,2994503680,ns=2;s=Channel2.RX3i.A111,A111,2147791488,2025-02-13 15:38:43.742,5.58,100.0,81.8
9,ns=2;s=Channel2.RX3i.A112,A112,2147516420,ns=2;s=Channel2.RX3i.A113,A113,2147516416,2025-02-13 15:38:43.742,5.58,0.0,81.8
10,ns=2;s=Channel2.RX3i.A114,A114,2147516416,ns=2;s=Channel2.RX3i.A115,A115,2147516416,2025-02-13 15:38:43.742,5.58,33.3,81.8
11,ns=2;s=Channel2.RX3i.A116,A116,2147516416,ns=2;s=Channel2.RX3i.A117,A117,2147516416,2025-02-13 15:38:43.742,5.58,0.0,81.8
12,ns=2;s=Channel2.RX3i.A118,A118,2147516416,ns=2;s=Channel2.RX3i.A119,A119,2147516416,2025-02-13 15:38:43.742,5.58,14.3,81.8
13,ns=2;s=Channel2.RX3i.A12,A12,2997256192,ns=2;s=Channel2.RX3i.A120,A120,2147516416,2025-02-13 15:38:43.742,5.58,0.0,81.8
14,ns=2;s=Channel2.RX3i.A121,A121,2147516416,ns=2;s=Channel2.RX3i.A122,A122,2147516416,2025-02-13 15:38:43.742,5.58,16.7,81.8
15,ns=2;s=Channel2.RX3i.A123,A123,2147516416,ns=2;s=Channel2.RX3i.A124,A124,2147516416,2025-02-13 15:38:43.742,5.58,0.0,81.8
16,ns=2;s=Channel2.RX3i.A125,A125,2147516416,ns=2;s=Channel2.RX3i.A126,A126,2147516416,2025-02-13 15:38:43.742,5.58,0.0,81.8
17,ns=2;s=Channel2.RX3i.A127,A127,2147516416,ns=2;s=Channel2.RX3i.A128,A128,2999812096,2025-02-13 15:38:43.742,5.58,0.0,81.8
18,ns=2;s=Channel2.RX3i.A129,A129,2147529425,ns=2;s=Channel2.RX3i.A13,A13,2147791575,2025-02-13 15:38:43.742,5.58,0.0,81.8
19,ns=2;s=Channel2.RX3i.A130,A130,2147516416,ns=2;s=Channel2.RX3i.A131,A131,3001188352,2025-02-13 15:38:43.742,5.58,0.0,81.8
20,ns=2;s=Channel2.RX3i.A132,A132,2147529447,ns=2;s=Channel2.RX3i.A133,A133,2147516416,2025-02-13 15:38:43.742,5.58,100.0,81.8
21,ns=2;s=Channel2.RX3i.A134,A134,2147778560,ns=2;s=Channel2.RX3i.A135,A135,2147516420,2025-02-13 15:38:43.742,5.58,0.0,81.8
22,ns=2;s=Channel2.RX3i.A136,A136,2147516416,ns=2;s=Channel2.RX3i.A137,A137,2147516416,2025-02-13 15:38:43.742,5.58,14.3,81.8
23,ns=2;s=Channel2.RX3i.A138,A138,2147647488,ns=2;s=Channel2.RX3i.A139,A139,2147516418,2025-02-13 15:38:43.742,5.58,0.0,81.8
24,ns=2;s=Channel2.RX3i.A14,A14,2147516420,ns=2;s=Channel2.RX3i.A140,A140,3003809792,2025-02-13 15:38:43.742,5.58,0.0,81.8
25,ns=2;s=Channel2.RX3i.A141,A141,2147791630,ns=2;s=Channel2.RX3i.A142,A142,2147516420,2025-02-13 15:38:43.742,5.58,0.0,81.8
1,ns=2;s=Channel2.RX3i.A1,A1,2147529528,ns=2;s=Channel2.RX3i.A10,A10,2147647488,2025-02-13 15:38:49.228,5.488,4.8,82.0
2,ns=2;s=Channel2.RX3i.A100,A100,2147516416,ns=2;s=Channel2.RX3i.A1000,A1000,2147529543,2025-02-13 15:38:49.228,5.488,0.0,82.0
3,ns=2;s=Channel2.RX3i.A101,A101,3008331776,ns=2;s=Channel2.RX3i.A102,A102,2147529555,2025-02-13 15:38:49.228,5.488,0.0,82.0
4,ns=2;s=Channel2.RX3i.A103,A103,32768,ns=2;s=Channel2.RX3i.A104,A104,2147745792,2025-02-13 15:38:49.228,5.488,0.0,82.0
5,ns=2;s=Channel2.RX3i.A105,A105,2147516420,ns=2;s=Channel2.RX3i.A106,A106,2147516416,2025-02-13 15:38:49.228,5.488,0.0,82.0
6,ns=2;s=Channel2.RX3i.A107,A107,2147516416,ns=2;s=Channel2.RX3i.A108,A108,2147647488,2025-02-13 15:38:49.228,5.488,16.7,82.0
7,ns=2;s=Channel2.RX3i.A109,A109,2147516418,ns=2;s=Channel2.RX3i.A11,A11,2147516418,2025-02-13 15:38:49.228,5.488,0.0,82.0
8,ns=2;s=Channel2.RX3i.A110,A110,3011018752,ns=2;s=Channel2.RX3i.A111,A111,2147791740,2025-02-13 15:38:49.228,5.488,14.3,82.0
9,ns=2;s=Channel2.RX3i.A112,A112,2147516420,ns=2;s=Channel2.RX3i.A113,A113,2147516416,2025-02-13 15:38:49.228,5.488,0.0,82.0
10,ns=2;s=Channel2.RX3i.A114,A114,2147516416,ns=2;s=Channel2.RX3i.A115,A115,2147516416,2025-02-13 15:38:49.228,5.488,0.0,82.0
11,ns=2;s=Channel2.RX3i.A116,A116,2147516416,ns=2;s=Channel2.RX3i.A117,A117,2147516416,2025-02-13 15:38:49.228,5.488,16.7,82.0
12,ns=2;s=Channel2.RX3i.A118,A118,2147516416,ns=2;s=Channel2.RX3i.A119,A119,2147516416,2025-02-13 15:38:49.228,5.488,0.0,82.0
13,ns=2;s=Channel2.RX3i.A12,A12,3013836800,ns=2;s=Channel2.RX3i.A120,A120,2147516416,2025-02-13 15:38:49.228,5.488,0.0,82.0
14,ns=2;s=Channel2.RX3i.A121,A121,2147516416,ns=2;s=Channel2.RX3i.A122,A122,2147516416,2025-02-13 15:38:49.228,5.488,0.0,82.0
15,ns=2;s=Channel2.RX3i.A123,A123,2147516416,ns=2;s=Channel2.RX3i.A124,A124,2147516416,2025-02-13 15:38:49.228,5.488,0.0,82.0
16,ns=2;s=Channel2.RX3i.A125,A125,2147516416,ns=2;s=Channel2.RX3i.A126,A126,2147516416,2025-02-13 15:38:49.228,5.488,50.0,82.0
17,ns=2;s=Channel2.RX3i.A127,A127,2147516416,ns=2;s=Channel2.RX3i.A128,A128,3016261632,2025-02-13 15:38:49.228,5.488,0.0,82.0
18,ns=2;s=Channel2.RX3i.A129,A129,2147529676,ns=2;s=Channel2.RX3i.A13,A13,2147791826,2025-02-13 15:38:49.228,5.488,25.0,82.0
19,ns=2;s=Channel2.RX3i.A130,A130,2147516416,ns=2;s=Channel2.RX3i.A131,A131,3017703424,2025-02-13 15:38:49.228,5.488,0.0,82.0
20,ns=2;s=Channel2.RX3i.A132,A132,2147529698,ns=2;s=Channel2.RX3i.A133,A133,2147516416,2025-02-13 15:38:49.228,5.488,33.3,82.0
21,ns=2;s=Channel2.RX3i.A134,A134,2147778560,ns=2;s=Channel2.RX3i.A135,A135,2147516420,2025-02-13 15:38:49.228,5.488,0.0,82.0
22,ns=2;s=Channel2.RX3i.A136,A136,2147516416,ns=2;s=Channel2.RX3i.A137,A137,2147516416,2025-02-13 15:38:49.228,5.488,16.7,82.0
23,ns=2;s=Channel2.RX3i.A138,A138,2147647488,ns=2;s=Channel2.RX3i.A139,A139,2147516418,2025-02-13 15:38:49.228,5.488,0.0,82.0
24,ns=2;s=Channel2.RX3i.A14,A14,2147516420,ns=2;s=Channel2.RX3i.A140,A140,3020324864,2025-02-13 15:38:49.228,5.488,14.3,82.0
25,ns=2;s=Channel2.RX3i.A141,A141,2147791882,ns=2;s=Channel2.RX3i.A142,A142,2147516420,2025-02-13 15:38:49.228,5.488,0.0,82.0
1,ns=2;s=Channel2.RX3i.A1,A1,2147529528,ns=2;s=Channel2.RX3i.A10,A10,2147647488,2025-02-13 15:38:49.237,5.495,4.8,82.0
2,ns=2;s=Channel2.RX3i.A100,A100,2147516416,ns=2;s=Channel2.RX3i.A1000,A1000,2147529543,2025-02-13 15:38:49.237,5.495,0.0,82.0
3,ns=2;s=Channel2.RX3i.A101,A101,3008331776,ns=2;s=Channel2.RX3i.A102,A102,2147529555,2025-02-13 15:38:49.237,5.495,0.0,82.0
4,ns=2;s=Channel2.RX3i.A103,A103,32768,ns=2;s=Channel2.RX3i.A104,A104,2147745792,2025-02-13 15:38:49.237,5.495,0.0,82.0
5,ns=2;s=Channel2.RX3i.A105,A105,2147516420,ns=2;s=Channel2.RX3i.A106,A106,2147516416,2025-02-13 15:38:49.237,5.495,0.0,82.0
6,ns=2;s=Channel2.RX3i.A107,A107,2147516416,ns=2;s=Channel2.RX3i.A108,A108,2147647488,2025-02-13 15:38:49.237,5.495,20.0,82.0
7,ns=2;s=Channel2.RX3i.A109,A109,2147516418,ns=2;s=Channel2.RX3i.A11,A11,2147516418,2025-02-13 15:38:49.237,5.495,0.0,82.0
8,ns=2;s=Channel2.RX3i.A110,A110,3011018752,ns=2;s=Channel2.RX3i.A111,A111,2147791740,2025-02-13 15:38:49.237,5.495,12.5,82.0
9,ns=2;s=Channel2.RX3i.A112,A112,2147516420,ns=2;s=Channel2.RX3i.A113,A113,2147516416,2025-02-13 15:38:49.237,5.495,0.0,82.0
10,ns=2;s=Channel2.RX3i.A114,A114,2147516416,ns=2;s=Channel2.RX3i.A115,A115,2147516416,2025-02-13 15:38:49.237,5.495,0.0,82.0
11,ns=2;s=Channel2.RX3i.A116,A116,2147516416,ns=2;s=Channel2.RX3i.A117,A117,2147516416,2025-02-13 15:38:49.237,5.495,33.3,82.0
12,ns=2;s=Channel2.RX3i.A118,A118,2147516416,ns=2;s=Channel2.RX3i.A119,A119,2147516416,2025-02-13 15:38:49.237,5.495,0.0,82.0
13,ns=2;s=Channel2.RX3i.A12,A12,3013836800,ns=2;s=Channel2.RX3i.A120,A120,2147516416,2025-02-13 15:38:49.237,5.495,0.0,82.0
14,ns=2;s=Channel2.RX3i.A121,A121,2147516416,ns=2;s=Channel2.RX3i.A122,A122,2147516416,2025-02-13 15:38:49.237,5.495,0.0,82.0
15,ns=2;s=Channel2.RX3i.A123,A123,2147516416,ns=2;s=Channel2.RX3i.A124,A124,2147516416,2025-02-13 15:38:49.237,5.495,0.0,82.0
16,ns=2;s=Channel2.RX3i.A125,A125,2147516416,ns=2;s=Channel2.RX3i.A126,A126,2147516416,2025-02-13 15:38:49.237,5.495,0.0,82.0
17,ns=2;s=Channel2.RX3i.A127,A127,2147516416,ns=2;s=Channel2.RX3i.A128,A128,3016261632,2025-02-13 15:38:49.237,5.495,28.6,82.0
18,ns=2;s=Channel2.RX3i.A129,A129,2147529676,ns=2;s=Channel2.RX3i.A13,A13,2147791826,2025-02-13 15:38:49.237,5.495,25.0,82.0
19,ns=2;s=Channel2.RX3i.A130,A130,2147516416,ns=2;s=Channel2.RX3i.A131,A131,3017703424,2025-02-13 15:38:49.237,5.495,0.0,82.0
20,ns=2;s=Channel2.RX3i.A132,A132,2147529698,ns=2;s=Channel2.RX3i.A133,A133,2147516416,2025-02-13 15:38:49.237,5.495,33.3,82.0
21,ns=2;s=Channel2.RX3i.A134,A134,2147778560,ns=2;s=Channel2.RX3i.A135,A135,2147516420,2025-02-13 15:38:49.237,5.495,0.0,82.0
22,ns=2;s=Channel2.RX3i.A136,A136,2147516416,ns=2;s=Channel2.RX3i.A137,A137,2147516416,2025-02-13 15:38:49.237,5.495,14.3,82.0
23,ns=2;s=Channel2.RX3i.A138,A138,2147647488,ns=2;s=Channel2.RX3i.A139,A139,2147516418,2025-02-13 15:38:49.237,5.495,16.7,82.0
24,ns=2;s=Channel2.RX3i.A14,A14,2147516420,ns=2;s=Channel2.RX3i.A140,A140,3020324864,2025-02-13 15:38:49.237,5.495,0.0,82.0
25,ns=2;s=Channel2.RX3i.A141,A141,2147791882,ns=2;s=Channel2.RX3i.A142,A142,2147516420,2025-02-13 15:38:49.237,5.495,12.5,82.0
1,ns=2;s=Channel2.RX3i.A1,A1,2147529780,ns=2;s=Channel2.RX3i.A10,A10,2147647488,2025-02-13 15:38:54.725,5.497,6.5,82.6
2,ns=2;s=Channel2.RX3i.A100,A100,2147516416,ns=2;s=Channel2.RX3i.A1000,A1000,2147529794,2025-02-13 15:38:54.725,5.497,12.5,82.6
3,ns=2;s=Channel2.RX3i.A101,A101,3024846848,ns=2;s=Channel2.RX3i.A102,A102,2147529807,2025-02-13 15:38:54.725,5.497,0.0,82.6
4,ns=2;s=Channel2.RX3i.A103,A103,32768,ns=2;s=Channel2.RX3i.A104,A104,2147745792,2025-02-13 15:38:54.725,5.497,0.0,82.6
5,ns=2;s=Channel2.RX3i.A105,A105,2147516420,ns=2;s=Channel2.RX3i.A106,A106,2147516416,2025-02-13 15:38:54.725,5.497,0.0,82.6
6,ns=2;s=Channel2.RX3i.A107,A107,2147516416,ns=2;s=Channel2.RX3i.A108,A108,2147647488,2025-02-13 15:38:54.725,5.497,12.5,82.6
7,ns=2;s=Channel2.RX3i.A109,A109,2147516418,ns=2;s=Channel2.RX3i.A11,A11,2147516418,2025-02-13 15:38:54.725,5.497,0.0,82.6
8,ns=2;s=Channel2.RX3i.A110,A110,3027468288,ns=2;s=Channel2.RX3i.A111,A111,2147791992,2025-02-13 15:38:54.725,5.497,50.0,82.6
9,ns=2;s=Channel2.RX3i.A112,A112,2147516420,ns=2;s=Channel2.RX3i.A113,A113,2147516416,2025-02-13 15:38:54.725,5.497,0.0,82.6
10,ns=2;s=Channel2.RX3i.A114,A114,2147516416,ns=2;s=Channel2.RX3i.A115,A115,2147516416,2025-02-13 15:38:54.725,5.497,100.0,82.6
11,ns=2;s=Channel2.RX3i.A116,A116,2147516416,ns=2;s=Channel2.RX3i.A117,A117,2147516416,2025-02-13 15:38:54.725,5.497,25.0,82.6
12,ns=2;s=Channel2.RX3i.A118,A118,2147516416,ns=2;s=Channel2.RX3i.A119,A119,2147516416,2025-02-13 15:38:54.725,5.497,0.0,82.6
13,ns=2;s=Channel2.RX3i.A12,A12,3030417408,ns=2;s=Channel2.RX3i.A120,A120,2147516416,2025-02-13 15:38:54.725,5.497,20.0,82.6
14,ns=2;s=Channel2.RX3i.A121,A121,2147516416,ns=2;s=Channel2.RX3i.A122,A122,2147516416,2025-02-13 15:38:54.725,5.497,28.6,82.6
15,ns=2;s=Channel2.RX3i.A123,A123,2147516416,ns=2;s=Channel2.RX3i.A124,A124,2147516416,2025-02-13 15:38:54.725,5.497,0.0,82.6
16,ns=2;s=Channel2.RX3i.A125,A125,2147516416,ns=2;s=Channel2.RX3i.A126,A126,2147516416,2025-02-13 15:38:54.725,5.497,0.0,82.6
17,ns=2;s=Channel2.RX3i.A127,A127,2147516416,ns=2;s=Channel2.RX3i.A128,A128,3033038848,2025-02-13 15:38:54.725,5.497,0.0,82.6
18,ns=2;s=Channel2.RX3i.A129,A129,2147529933,ns=2;s=Channel2.RX3i.A13,A13,2147792083,2025-02-13 15:38:54.725,5.497,0.0,82.6
19,ns=2;s=Channel2.RX3i.A130,A130,2147516416,ns=2;s=Channel2.RX3i.A131,A131,3034611712,2025-02-13 15:38:54.725,5.497,0.0,82.6
20,ns=2;s=Channel2.RX3i.A132,A132,2147529956,ns=2;s=Channel2.RX3i.A133,A133,2147516416,2025-02-13 15:38:54.725,5.497,0.0,82.6
21,ns=2;s=Channel2.RX3i.A134,A134,2147778560,ns=2;s=Channel2.RX3i.A135,A135,2147516420,2025-02-13 15:38:54.725,5.497,0.0,82.6
22,ns=2;s=Channel2.RX3i.A136,A136,2147516416,ns=2;s=Channel2.RX3i.A137,A137,2147516416,2025-02-13 15:38:54.725,5.497,14.3,82.6
23,ns=2;s=Channel2.RX3i.A138,A138,2147647488,ns=2;s=Channel2.RX3i.A139,A139,2147516418,2025-02-13 15:38:54.725,5.497,0.0,82.6
24,ns=2;s=Channel2.RX3i.A14,A14,2147516420,ns=2;s=Channel2.RX3i.A140,A140,3037495296,2025-02-13 15:38:54.725,5.497,0.0,82.6
25,ns=2;s=Channel2.RX3i.A141,A141,2147792144,ns=2;s=Channel2.RX3i.A142,A142,2147516420,2025-02-13 15:38:54.725,5.497,0.0,82.6
1,ns=2;s=Channel2.RX3i.A1,A1,2147529780,ns=2;s=Channel2.RX3i.A10,A10,2147647488,2025-02-13 15:38:54.728,5.491,6.5,82.6
2,ns=2;s=Channel2.RX3i.A100,A100,2147516416,ns=2;s=Channel2.RX3i.A1000,A1000,2147529794,2025-02-13 15:38:54.728,5.491,7.1,82.6
3,ns=2;s=Channel2.RX3i.A101,A101,3024846848,ns=2;s=Channel2.RX3i.A102,A102,2147529807,2025-02-13 15:38:54.728,5.491,0.0,82.6
4,ns=2;s=Channel2.RX3i.A103,A103,32768,ns=2;s=Channel2.RX3i.A104,A104,2147745792,2025-02-13 15:38:54.728,5.491,0.0,82.6
5,ns=2;s=Channel2.RX3i.A105,A105,2147516420,ns=2;s=Channel2.RX3i.A106,A106,2147516416,2025-02-13 15:38:54.728,5.491,0.0,82.6
6,ns=2;s=Channel2.RX3i.A107,A107,2147516416,ns=2;s=Channel2.RX3i.A108,A108,2147647488,2025-02-13 15:38:54.728,5.491,12.5,82.6
7,ns=2;s=Channel2.RX3i.A109,A109,2147516418,ns=2;s=Channel2.RX3i.A11,A11,2147516418,2025-02-13 15:38:54.728,5.491,0.0,82.6
8,ns=2;s=Channel2.RX3i.A110,A110,3027468288,ns=2;s=Channel2.RX3i.A111,A111,2147791992,2025-02-13 15:38:54.728,5.491,33.3,82.6
9,ns=2;s=Channel2.RX3i.A112,A112,2147516420,ns=2;s=Channel2.RX3i.A113,A113,2147516416,2025-02-13 15:38:54.728,5.491,0.0,82.6
10,ns=2;s=Channel2.RX3i.A114,A114,2147516416,ns=2;s=Channel2.RX3i.A115,A115,2147516416,2025-02-13 15:38:54.728,5.491,16.7,82.6
11,ns=2;s=Channel2.RX3i.A116,A116,2147516416,ns=2;s=Channel2.RX3i.A117,A117,2147516416,2025-02-13 15:38:54.728,5.491,50.0,82.6
12,ns=2;s=Channel2.RX3i.A118,A118,2147516416,ns=2;s=Channel2.RX3i.A119,A119,2147516416,2025-02-13 15:38:54.728,5.491,0.0,82.6
13,ns=2;s=Channel2.RX3i.A12,A12,3030417408,ns=2;s=Channel2.RX3i.A120,A120,2147516416,2025-02-13 15:38:54.728,5.491,20.0,82.6
14,ns=2;s=Channel2.RX3i.A121,A121,2147516416,ns=2;s=Channel2.RX3i.A122,A122,2147516416,2025-02-13 15:38:54.728,5.491,66.7,82.6
15,ns=2;s=Channel2.RX3i.A123,A123,2147516416,ns=2;s=Channel2.RX3i.A124,A124,2147516416,2025-02-13 15:38:54.728,5.491,0.0,82.6
16,ns=2;s=Channel2.RX3i.A125,A125,2147516416,ns=2;s=Channel2.RX3i.A126,A126,2147516416,2025-02-13 15:38:54.728,5.491,0.0,82.6
17,ns=2;s=Channel2.RX3i.A127,A127,2147516416,ns=2;s=Channel2.RX3i.A128,A128,3033038848,2025-02-13 15:38:54.728,5.491,0.0,82.6
18,ns=2;s=Channel2.RX3i.A129,A129,2147529933,ns=2;s=Channel2.RX3i.A13,A13,2147792083,2025-02-13 15:38:54.728,5.491,0.0,82.6
19,ns=2;s=Channel2.RX3i.A130,A130,2147516416,ns=2;s=Channel2.RX3i.A131,A131,3034611712,2025-02-13 15:38:54.728,5.491,0.0,82.6
20,ns=2;s=Channel2.RX3i.A132,A132,2147529956,ns=2;s=Channel2.RX3i.A133,A133,2147516416,2025-02-13 15:38:54.728,5.491,0.0,82.6
21,ns=2;s=Channel2.RX3i.A134,A134,2147778560,ns=2;s=Channel2.RX3i.A135,A135,2147516420,2025-02-13 15:38:54.728,5.491,50.0,82.6
22,ns=2;s=Channel2.RX3i.A136,A136,2147516416,ns=2;s=Channel2.RX3i.A137,A137,2147516416,2025-02-13 15:38:54.728,5.491,0.0,82.6
23,ns=2;s=Channel2.RX3i.A138,A138,2147647488,ns=2;s=Channel2.RX3i.A139,A139,2147516418,2025-02-13 15:38:54.728,5.491,0.0,82.6
24,ns=2;s=Channel2.RX3i.A14,A14,2147516420,ns=2;s=Channel2.RX3i.A140,A140,3037495296,2025-02-13 15:38:54.728,5.491,0.0,82.6
25,ns=2;s=Channel2.RX3i.A141,A141,2147792144,ns=2;s=Channel2.RX3i.A142,A142,2147516420,2025-02-13 15:38:54.728,5.491,0.0,82.6
1,ns=2;s=Channel2.RX3i.A1,A1,2147530043,ns=2;s=Channel2.RX3i.A10,A10,2147647488,2025-02-13 15:39:00.419,5.694,4.7,83.5
2,ns=2;s=Channel2.RX3i.A100,A100,2147516416,ns=2;s=Channel2.RX3i.A1000,A1000,2147530057,2025-02-13 15:39:00.419,5.694,0.0,83.5
3,ns=2;s=Channel2.RX3i.A101,A101,3042017280,ns=2;s=Channel2.RX3i.A102,A102,2147530069,2025-02-13 15:39:00.419,5.694,0.0,83.5
4,ns=2;s=Channel2.RX3i.A103,A103,32768,ns=2;s=Channel2.RX3i.A104,A104,2147745792,2025-02-13 15:39:00.419,5.694,20.0,83.5
5,ns=2;s=Channel2.RX3i.A105,A105,2147516420,ns=2;s=Channel2.RX3i.A106,A106,2147516416,2025-02-13 15:39:00.419,5.694,0.0,83.5
6,ns=2;s=Channel2.RX3i.A107,A107,2147516416,ns=2;s=Channel2.RX3i.A108,A108,2147647488,2025-02-13 15:39:00.419,5.694,0.0,83.5
7,ns=2;s=Channel2.RX3i.A109,A109,2147516418,ns=2;s=Channel2.RX3i.A11,A11,2147516418,2025-02-13 15:39:00.419,5.694,0.0,83.5
8,ns=2;s=Channel2.RX3i.A110,A110,3044900864,ns=2;s=Channel2.RX3i.A111,A111,2147792257,2025-02-13 15:39:00.419,5.694,0.0,83.5
9,ns=2;s=Channel2.RX3i.A112,A112,2147516420,ns=2;s=Channel2.RX3i.A113,A113,2147516416,2025-02-13 15:39:00.419,5.694,12.5,83.5
10,ns=2;s=Channel2.RX3i.A114,A114,2147516416,ns=2;s=Channel2.RX3i.A115,A115,2147516416,2025-02-13 15:39:00.419,5.694,0.0,83.5
11,ns=2;s=Channel2.RX3i.A116,A116,2147516416,ns=2;s=Channel2.RX3i.A117,A117,2147516416,2025-02-13 15:39:00.419,5.694,0.0,83.5
12,ns=2;s=Channel2.RX3i.A118,A118,2147516416,ns=2;s=Channel2.RX3i.A119,A119,2147516416,2025-02-13 15:39:00.419,5.694,0.0,83.5
13,ns=2;s=Channel2.RX3i.A12,A12,3047718912,ns=2;s=Channel2.RX3i.A120,A120,2147516416,2025-02-13 15:39:00.419,5.694,14.3,83.5
14,ns=2;s=Channel2.RX3i.A121,A121,2147516416,ns=2;s=Channel2.RX3i.A122,A122,2147516416,2025-02-13 15:39:00.419,5.694,16.7,83.5
15,ns=2;s=Channel2.RX3i.A123,A123,2147516416,ns=2;s=Channel2.RX3i.A124,A124,2147516416,2025-02-13 15:39:00.419,5.694,0.0,83.5
16,ns=2;s=Channel2.RX3i.A125,A125,2147516416,ns=2;s=Channel2.RX3i.A126,A126,2147516416,2025-02-13 15:39:00.419,5.694,85.7,83.5
17,ns=2;s=Channel2.RX3i.A127,A127,2147516416,ns=2;s=Channel2.RX3i.A128,A128,3050471424,2025-02-13 15:39:00.419,5.694,0.0,83.5
18,ns=2;s=Channel2.RX3i.A129,A129,2147530198,ns=2;s=Channel2.RX3i.A13,A13,2147792347,2025-02-13 15:39:00.419,5.694,50.0,83.5
19,ns=2;s=Channel2.RX3i.A130,A130,2147516416,ns=2;s=Channel2.RX3i.A131,A131,3051978752,2025-02-13 15:39:00.419,5.694,0.0,83.5
20,ns=2;s=Channel2.RX3i.A132,A132,2147530221,ns=2;s=Channel2.RX3i.A133,A133,2147516416,2025-02-13 15:39:00.419,5.694,11.1,83.5
21,ns=2;s=Channel2.RX3i.A134,A134,2147778560,ns=2;s=Channel2.RX3i.A135,A135,2147516420,2025-02-13 15:39:00.419,5.694,0.0,83.5
22,ns=2;s=Channel2.RX3i.A136,A136,2147516416,ns=2;s=Channel2.RX3i.A137,A137,2147516416,2025-02-13 15:39:00.419,5.694,12.5,83.5
23,ns=2;s=Channel2.RX3i.A138,A138,2147647488,ns=2;s=Channel2.RX3i.A139,A139,2147516418,2025-02-13 15:39:00.419,5.694,0.0,83.5
24,ns=2;s=Channel2.RX3i.A14,A14,2147516420,ns=2;s=Channel2.RX3i.A140,A140,3054796800,2025-02-13 15:39:00.419,5.694,0.0,83.5
25,ns=2;s=Channel2.RX3i.A141,A141,2147792408,ns=2;s=Channel2.RX3i.A142,A142,2147516420,2025-02-13 15:39:00.419,5.694,0.0,83.5
1,ns=2;s=Channel2.RX3i.A1,A1,2147530043,ns=2;s=Channel2.RX3i.A10,A10,2147647488,2025-02-13 15:39:00.426,5.698,4.7,83.5
2,ns=2;s=Channel2.RX3i.A100,A100,2147516416,ns=2;s=Channel2.RX3i.A1000,A1000,2147530057,2025-02-13 15:39:00.426,5.698,0.0,83.5
3,ns=2;s=Channel2.RX3i.A101,A101,3042017280,ns=2;s=Channel2.RX3i.A102,A102,2147530069,2025-02-13 15:39:00.426,5.698,0.0,83.5
4,ns=2;s=Channel2.RX3i.A103,A103,32768,ns=2;s=Channel2.RX3i.A104,A104,2147745792,2025-02-13 15:39:00.426,5.698,20.0,83.5
5,ns=2;s=Channel2.RX3i.A105,A105,2147516420,ns=2;s=Channel2.RX3i.A106,A106,2147516416,2025-02-13 15:39:00.426,5.698,0.0,83.5
6,ns=2;s=Channel2.RX3i.A107,A107,2147516416,ns=2;s=Channel2.RX3i.A108,A108,2147647488,2025-02-13 15:39:00.426,5.698,0.0,83.5
7,ns=2;s=Channel2.RX3i.A109,A109,2147516418,ns=2;s=Channel2.RX3i.A11,A11,2147516418,2025-02-13 15:39:00.426,5.698,0.0,83.5
8,ns=2;s=Channel2.RX3i.A110,A110,3044900864,ns=2;s=Channel2.RX3i.A111,A111,2147792257,2025-02-13 15:39:00.426,5.698,0.0,83.5
9,ns=2;s=Channel2.RX3i.A112,A112,2147516420,ns=2;s=Channel2.RX3i.A113,A113,2147516416,2025-02-13 15:39:00.426,5.698,14.3,83.5
10,ns=2;s=Channel2.RX3i.A114,A114,2147516416,ns=2;s=Channel2.RX3i.A115,A115,2147516416,2025-02-13 15:39:00.426,5.698,0.0,83.5
11,ns=2;s=Channel2.RX3i.A116,A116,2147516416,ns=2;s=Channel2.RX3i.A117,A117,2147516416,2025-02-13 15:39:00.426,5.698,0.0,83.5
12,ns=2;s=Channel2.RX3i.A118,A118,2147516416,ns=2;s=Channel2.RX3i.A119,A119,2147516416,2025-02-13 15:39:00.426,5.698,0.0,83.5
13,ns=2;s=Channel2.RX3i.A12,A12,3047718912,ns=2;s=Channel2.RX3i.A120,A120,2147516416,2025-02-13 15:39:00.426,5.698,14.3,83.5
14,ns=2;s=Channel2.RX3i.A121,A121,2147516416,ns=2;s=Channel2.RX3i.A122,A122,2147516416,2025-02-13 15:39:00.426,5.698,11.1,83.5
15,ns=2;s=Channel2.RX3i.A123,A123,2147516416,ns=2;s=Channel2.RX3i.A124,A124,2147516416,2025-02-13 15:39:00.426,5.698,0.0,83.5
16,ns=2;s=Channel2.RX3i.A125,A125,2147516416,ns=2;s=Channel2.RX3i.A126,A126,2147516416,2025-02-13 15:39:00.426,5.698,85.7,83.5
17,ns=2;s=Channel2.RX3i.A127,A127,2147516416,ns=2;s=Channel2.RX3i.A128,A128,3050471424,2025-02-13 15:39:00.426,5.698,0.0,83.5
18,ns=2;s=Channel2.RX3i.A129,A129,2147530198,ns=2;s=Channel2.RX3i.A13,A13,2147792347,2025-02-13 15:39:00.426,5.698,50.0,83.5
19,ns=2;s=Channel2.RX3i.A130,A130,2147516416,ns=2;s=Channel2.RX3i.A131,A131,3051978752,2025-02-13 15:39:00.426,5.698,0.0,83.5
20,ns=2;s=Channel2.RX3i.A132,A132,2147530221,ns=2;s=Channel2.RX3i.A133,A133,2147516416,2025-02-13 15:39:00.426,5.698,12.5,83.5
21,ns=2;s=Channel2.RX3i.A134,A134,2147778560,ns=2;s=Channel2.RX3i.A135,A135,2147516420,2025-02-13 15:39:00.426,5.698,0.0,83.5
22,ns=2;s=Channel2.RX3i.A136,A136,2147516416,ns=2;s=Channel2.RX3i.A137,A137,2147516416,2025-02-13 15:39:00.426,5.698,12.5,83.5
23,ns=2;s=Channel2.RX3i.A138,A138,2147647488,ns=2;s=Channel2.RX3i.A139,A139,2147516418,2025-02-13 15:39:00.426,5.698,0.0,83.5
24,ns=2;s=Channel2.RX3i.A14,A14,2147516420,ns=2;s=Channel2.RX3i.A140,A140,3054796800,2025-02-13 15:39:00.426,5.698,0.0,83.5
25,ns=2;s=Channel2.RX3i.A141,A141,2147792408,ns=2;s=Channel2.RX3i.A142,A142,2147516420,2025-02-13 15:39:00.426,5.698,0.0,83.5
1,ns=2;s=Channel2.RX3i.A1,A1,2147530309,ns=2;s=Channel2.RX3i.A10,A10,2147647488,2025-02-13 15:39:06.236,5.81,6.5,84.1
2,ns=2;s=Channel2.RX3i.A100,A100,2147516416,ns=2;s=Channel2.RX3i.A1000,A1000,2147530323,2025-02-13 15:39:06.236,5.81,8.3,84.1
3,ns=2;s=Channel2.RX3i.A101,A101,3059515392,ns=2;s=Channel2.RX3i.A102,A102,2147530337,2025-02-13 15:39:06.236,5.81,0.0,84.1
4,ns=2;s=Channel2.RX3i.A103,A103,32768,ns=2;s=Channel2.RX3i.A104,A104,2147745792,2025-02-13 15:39:06.236,5.81,12.5,84.1
5,ns=2;s=Channel2.RX3i.A105,A105,2147516420,ns=2;s=Channel2.RX3i.A106,A106,2147516416,2025-02-13 15:39:06.236,5.81,50.0,84.1
6,ns=2;s=Channel2.RX3i.A107,A107,2147516416,ns=2;s=Channel2.RX3i.A108,A108,2147647488,2025-02-13 15:39:06.236,5.81,0.0,84.1
7,ns=2;s=Channel2.RX3i.A109,A109,2147516418,ns=2;s=Channel2.RX3i.A11,A11,2147516418,2025-02-13 15:39:06.236,5.81,0.0,84.1
8,ns=2;s=Channel2.RX3i.A110,A110,3062398976,ns=2;s=Channel2.RX3i.A111,A111,2147792524,2025-02-13 15:39:06.236,5.81,0.0,84.1
9,ns=2;s=Channel2.RX3i.A112,A112,2147516420,ns=2;s=Channel2.RX3i.A113,A113,2147516416,2025-02-13 15:39:06.236,5.81,0.0,84.1
10,ns=2;s=Channel2.RX3i.A114,A114,2147516416,ns=2;s=Channel2.RX3i.A115,A115,2147516416,2025-02-13 15:39:06.236,5.81,0.0,84.1
11,ns=2;s=Channel2.RX3i.A116,A116,2147516416,ns=2;s=Channel2.RX3i.A117,A117,2147516416,2025-02-13 15:39:06.236,5.81,0.0,84.1
12,ns=2;s=Channel2.RX3i.A118,A118,2147516416,ns=2;s=Channel2.RX3i.A119,A119,2147516416,2025-02-13 15:39:06.236,5.81,0.0,84.1
13,ns=2;s=Channel2.RX3i.A12,A12,3065348096,ns=2;s=Channel2.RX3i.A120,A120,2147516416,2025-02-13 15:39:06.236,5.81,0.0,84.1
14,ns=2;s=Channel2.RX3i.A121,A121,2147516416,ns=2;s=Channel2.RX3i.A122,A122,2147516416,2025-02-13 15:39:06.236,5.81,14.3,84.1
15,ns=2;s=Channel2.RX3i.A123,A123,2147516416,ns=2;s=Channel2.RX3i.A124,A124,2147516416,2025-02-13 15:39:06.236,5.81,11.1,84.1
16,ns=2;s=Channel2.RX3i.A125,A125,2147516416,ns=2;s=Channel2.RX3i.A126,A126,2147516416,2025-02-13 15:39:06.236,5.81,0.0,84.1
17,ns=2;s=Channel2.RX3i.A127,A127,2147516416,ns=2;s=Channel2.RX3i.A128,A128,3068035072,2025-02-13 15:39:06.236,5.81,0.0,84.1
18,ns=2;s=Channel2.RX3i.A129,A129,2147530467,ns=2;s=Channel2.RX3i.A13,A13,2147792616,2025-02-13 15:39:06.236,5.81,0.0,84.1
19,ns=2;s=Channel2.RX3i.A130,A130,2147516416,ns=2;s=Channel2.RX3i.A131,A131,3069411328,2025-02-13 15:39:06.236,5.81,0.0,84.1
20,ns=2;s=Channel2.RX3i.A132,A132,2147530488,ns=2;s=Channel2.RX3i.A133,A133,2147516416,2025-02-13 15:39:06.236,5.81,0.0,84.1
21,ns=2;s=Channel2.RX3i.A134,A134,2147778560,ns=2;s=Channel2.RX3i.A135,A135,2147516420,2025-02-13 15:39:06.236,5.81,33.3,84.1
22,ns=2;s=Channel2.RX3i.A136,A136,2147516416,ns=2;s=Channel2.RX3i.A137,A137,2147516416,2025-02-13 15:39:06.236,5.81,40.0,84.1
23,ns=2;s=Channel2.RX3i.A138,A138,2147647488,ns=2;s=Channel2.RX3i.A139,A139,2147516418,2025-02-13 15:39:06.236,5.81,0.0,84.1
24,ns=2;s=Channel2.RX3i.A14,A14,2147516420,ns=2;s=Channel2.RX3i.A140,A140,3072098304,2025-02-13 15:39:06.236,5.81,14.3,84.1
25,ns=2;s=Channel2.RX3i.A141,A141,2147792672,ns=2;s=Channel2.RX3i.A142,A142,2147516420,2025-02-13 15:39:06.236,5.81,0.0,84.1
1,ns=2;s=Channel2.RX3i.A1,A1,2147530309,ns=2;s=Channel2.RX3i.A10,A10,2147647488,2025-02-13 15:39:06.232,5.814,6.5,84.1
2,ns=2;s=Channel2.RX3i.A100,A100,2147516416,ns=2;s=Channel2.RX3i.A1000,A1000,2147530323,2025-02-13 15:39:06.232,5.814,8.3,84.1
3,ns=2;s=Channel2.RX3i.A101,A101,3059515392,ns=2;s=Channel2.RX3i.A102,A102,2147530337,2025-02-13 15:39:06.232,5.814,0.0,84.1
4,ns=2;s=Channel2.RX3i.A103,A103,32768,ns=2;s=Channel2.RX3i.A104,A104,2147745792,2025-02-13 15:39:06.232,5.814,12.5,84.1
5,ns=2;s=Channel2.RX3i.A105,A105,2147516420,ns=2;s=Channel2.RX3i.A106,A106,2147516416,2025-02-13 15:39:06.232,5.814,40.0,84.1
6,ns=2;s=Channel2.RX3i.A107,A107,2147516416,ns=2;s=Channel2.RX3i.A108,A108,2147647488,2025-02-13 15:39:06.232,5.814,0.0,84.1
7,ns=2;s=Channel2.RX3i.A109,A109,2147516418,ns=2;s=Channel2.RX3i.A11,A11,2147516418,2025-02-13 15:39:06.232,5.814,0.0,84.1
8,ns=2;s=Channel2.RX3i.A110,A110,3062398976,ns=2;s=Channel2.RX3i.A111,A111,2147792524,2025-02-13 15:39:06.232,5.814,0.0,84.1
9,ns=2;s=Channel2.RX3i.A112,A112,2147516420,ns=2;s=Channel2.RX3i.A113,A113,2147516416,2025-02-13 15:39:06.232,5.814,0.0,84.1
10,ns=2;s=Channel2.RX3i.A114,A114,2147516416,ns=2;s=Channel2.RX3i.A115,A115,2147516416,2025-02-13 15:39:06.232,5.814,0.0,84.1
11,ns=2;s=Channel2.RX3i.A116,A116,2147516416,ns=2;s=Channel2.RX3i.A117,A117,2147516416,2025-02-13 15:39:06.232,5.814,0.0,84.1
12,ns=2;s=Channel2.RX3i.A118,A118,2147516416,ns=2;s=Channel2.RX3i.A119,A119,2147516416,2025-02-13 15:39:06.232,5.814,0.0,84.1
13,ns=2;s=Channel2.RX3i.A12,A12,3065348096,ns=2;s=Channel2.RX3i.A120,A120,2147516416,2025-02-13 15:39:06.232,5.814,0.0,84.1
14,ns=2;s=Channel2.RX3i.A121,A121,2147516416,ns=2;s=Channel2.RX3i.A122,A122,2147516416,2025-02-13 15:39:06.232,5.814,14.3,84.1
15,ns=2;s=Channel2.RX3i.A123,A123,2147516416,ns=2;s=Channel2.RX3i.A124,A124,2147516416,2025-02-13 15:39:06.232,5.814,50.0,84.1
16,ns=2;s=Channel2.RX3i.A125,A125,2147516416,ns=2;s=Channel2.RX3i.A126,A126,2147516416,2025-02-13 15:39:06.232,5.814,0.0,84.1
17,ns=2;s=Channel2.RX3i.A127,A127,2147516416,ns=2;s=Channel2.RX3i.A128,A128,3068035072,2025-02-13 15:39:06.232,5.814,0.0,84.1
18,ns=2;s=Channel2.RX3i.A129,A129,2147530467,ns=2;s=Channel2.RX3i.A13,A13,2147792616,2025-02-13 15:39:06.232,5.814,0.0,84.1
19,ns=2;s=Channel2.RX3i.A130,A130,2147516416,ns=2;s=Channel2.RX3i.A131,A131,3069411328,2025-02-13 15:39:06.232,5.814,0.0,84.1
20,ns=2;s=Channel2.RX3i.A132,A132,2147530488,ns=2;s=Channel2.RX3i.A133,A133,2147516416,2025-02-13 15:39:06.232,5.814,0.0,84.1
21,ns=2;s=Channel2.RX3i.A134,A134,2147778560,ns=2;s=Channel2.RX3i.A135,A135,2147516420,2025-02-13 15:39:06.232,5.814,11.1,84.1
22,ns=2;s=Channel2.RX3i.A136,A136,2147516416,ns=2;s=Channel2.RX3i.A137,A137,2147516416,2025-02-13 15:39:06.232,5.814,22.2,84.1
23,ns=2;s=Channel2.RX3i.A138,A138,2147647488,ns=2;s=Channel2.RX3i.A139,A139,2147516418,2025-02-13 15:39:06.232,5.814,0.0,84.1
24,ns=2;s=Channel2.RX3i.A14,A14,2147516420,ns=2;s=Channel2.RX3i.A140,A140,3072098304,2025-02-13 15:39:06.232,5.814,0.0,84.1
25,ns=2;s=Channel2.RX3i.A141,A141,2147792672,ns=2;s=Channel2.RX3i.A142,A142,2147516420,2025-02-13 15:39:06.232,5.814,14.3,84.1
1,ns=2;s=Channel2.RX3i.A1,A1,2147530582,ns=2;s=Channel2.RX3i.A10,A10,2147647488,2025-02-13 15:39:12.176,5.944,7.5,84.5
2,ns=2;s=Channel2.RX3i.A100,A100,2147516416,ns=2;s=Channel2.RX3i.A1000,A1000,2147530596,2025-02-13 15:39:12.176,5.944,100.0,84.5
3,ns=2;s=Channel2.RX3i.A101,A101,3077341184,ns=2;s=Channel2.RX3i.A102,A102,2147530608,2025-02-13 15:39:12.176,5.944,0.0,84.5
4,ns=2;s=Channel2.RX3i.A103,A103,32768,ns=2;s=Channel2.RX3i.A104,A104,2147745792,2025-02-13 15:39:12.176,5.944,0.0,84.5
5,ns=2;s=Channel2.RX3i.A105,A105,2147516420,ns=2;s=Channel2.RX3i.A106,A106,2147516416,2025-02-13 15:39:12.176,5.944,14.3,84.5
6,ns=2;s=Channel2.RX3i.A107,A107,2147516416,ns=2;s=Channel2.RX3i.A108,A108,2147647488,2025-02-13 15:39:12.176,5.944,0.0,84.5
7,ns=2;s=Channel2.RX3i.A109,A109,2147516418,ns=2;s=Channel2.RX3i.A11,A11,2147516418,2025-02-13 15:39:12.176,5.944,16.7,84.5
8,ns=2;s=Channel2.RX3i.A110,A110,3079962624,ns=2;s=Channel2.RX3i.A111,A111,2147792792,2025-02-13 15:39:12.176,5.944,0.0,84.5
9,ns=2;s=Channel2.RX3i.A112,A112,2147516420,ns=2;s=Channel2.RX3i.A113,A113,2147516416,2025-02-13 15:39:12.176,5.944,0.0,84.5
10,ns=2;s=Channel2.RX3i.A114,A114,2147516416,ns=2;s=Channel2.RX3i.A115,A115,2147516416,2025-02-13 15:39:12.176,5.944,0.0,84.5
11,ns=2;s=Channel2.RX3i.A116,A116,2147516416,ns=2;s=Channel2.RX3i.A117,A117,2147516416,2025-02-13 15:39:12.176,5.944,33.3,84.5
12,ns=2;s=Channel2.RX3i.A118,A118,2147516416,ns=2;s=Channel2.RX3i.A119,A119,2147516416,2025-02-13 15:39:12.176,5.944,0.0,84.5
13,ns=2;s=Channel2.RX3i.A12,A12,3082780672,ns=2;s=Channel2.RX3i.A120,A120,2147516416,2025-02-13 15:39:12.176,5.944,0.0,84.5
14,ns=2;s=Channel2.RX3i.A121,A121,2147516416,ns=2;s=Channel2.RX3i.A122,A122,2147516416,2025-02-13 15:39:12.176,5.944,12.5,84.5
15,ns=2;s=Channel2.RX3i.A123,A123,2147516416,ns=2;s=Channel2.RX3i.A124,A124,2147516416,2025-02-13 15:39:12.176,5.944,0.0,84.5
16,ns=2;s=Channel2.RX3i.A125,A125,2147516416,ns=2;s=Channel2.RX3i.A126,A126,2147516416,2025-02-13 15:39:12.176,5.944,22.2,84.5
17,ns=2;s=Channel2.RX3i.A127,A127,2147516416,ns=2;s=Channel2.RX3i.A128,A128,3085205504,2025-02-13 15:39:12.176,5.944,0.0,84.5
18,ns=2;s=Channel2.RX3i.A129,A129,2147530729,ns=2;s=Channel2.RX3i.A13,A13,2147792878,2025-02-13 15:39:12.176,5.944,12.5,84.5
19,ns=2;s=Channel2.RX3i.A130,A130,2147516416,ns=2;s=Channel2.RX3i.A131,A131,3086581760,2025-02-13 15:39:12.176,5.944,0.0,84.4
20,ns=2;s=Channel2.RX3i.A132,A132,2147530750,ns=2;s=Channel2.RX3i.A133,A133,2147516416,2025-02-13 15:39:12.176,5.944,25.0,84.4
21,ns=2;s=Channel2.RX3i.A134,A134,2147778560,ns=2;s=Channel2.RX3i.A135,A135,2147516420,2025-02-13 15:39:12.176,5.944,25.0,84.4
22,ns=2;s=Channel2.RX3i.A136,A136,2147516416,ns=2;s=Channel2.RX3i.A137,A137,2147516416,2025-02-13 15:39:12.176,5.944,0.0,84.4
23,ns=2;s=Channel2.RX3i.A138,A138,2147647488,ns=2;s=Channel2.RX3i.A139,A139,2147516418,2025-02-13 15:39:12.176,5.944,0.0,84.5
24,ns=2;s=Channel2.RX3i.A14,A14,2147516420,ns=2;s=Channel2.RX3i.A140,A140,3089203200,2025-02-13 15:39:12.176,5.944,0.0,84.5
25,ns=2;s=Channel2.RX3i.A141,A141,2147792934,ns=2;s=Channel2.RX3i.A142,A142,2147516420,2025-02-13 15:39:12.176,5.944,14.3,84.5
1,ns=2;s=Channel2.RX3i.A1,A1,2147530582,ns=2;s=Channel2.RX3i.A10,A10,2147647488,2025-02-13 15:39:12.175,5.939,7.6,84.5
2,ns=2;s=Channel2.RX3i.A100,A100,2147516416,ns=2;s=Channel2.RX3i.A1000,A1000,2147530596,2025-02-13 15:39:12.175,5.939,11.1,84.5
3,ns=2;s=Channel2.RX3i.A101,A101,3077341184,ns=2;s=Channel2.RX3i.A102,A102,2147530608,2025-02-13 15:39:12.175,5.939,0.0,84.5
4,ns=2;s=Channel2.RX3i.A103,A103,32768,ns=2;s=Channel2.RX3i.A104,A104,2147745792,2025-02-13 15:39:12.175,5.939,0.0,84.5
5,ns=2;s=Channel2.RX3i.A105,A105,2147516420,ns=2;s=Channel2.RX3i.A106,A106,2147516416,2025-02-13 15:39:12.175,5.939,14.3,84.5
6,ns=2;s=Channel2.RX3i.A107,A107,2147516416,ns=2;s=Channel2.RX3i.A108,A108,2147647488,2025-02-13 15:39:12.175,5.939,0.0,84.5
7,ns=2;s=Channel2.RX3i.A109,A109,2147516418,ns=2;s=Channel2.RX3i.A11,A11,2147516418,2025-02-13 15:39:12.175,5.939,14.3,84.5
8,ns=2;s=Channel2.RX3i.A110,A110,3079962624,ns=2;s=Channel2.RX3i.A111,A111,2147792792,2025-02-13 15:39:12.175,5.939,0.0,84.5
9,ns=2;s=Channel2.RX3i.A112,A112,2147516420,ns=2;s=Channel2.RX3i.A113,A113,2147516416,2025-02-13 15:39:12.175,5.939,0.0,84.5
10,ns=2;s=Channel2.RX3i.A114,A114,2147516416,ns=2;s=Channel2.RX3i.A115,A115,2147516416,2025-02-13 15:39:12.175,5.939,33.3,84.5
11,ns=2;s=Channel2.RX3i.A116,A116,2147516416,ns=2;s=Channel2.RX3i.A117,A117,2147516416,2025-02-13 15:39:12.175,5.939,16.7,84.5
12,ns=2;s=Channel2.RX3i.A118,A118,2147516416,ns=2;s=Channel2.RX3i.A119,A119,2147516416,2025-02-13 15:39:12.175,5.939,0.0,84.5
13,ns=2;s=Channel2.RX3i.A12,A12,3082780672,ns=2;s=Channel2.RX3i.A120,A120,2147516416,2025-02-13 15:39:12.175,5.939,25.0,84.5
14,ns=2;s=Channel2.RX3i.A121,A121,2147516416,ns=2;s=Channel2.RX3i.A122,A122,2147516416,2025-02-13 15:39:12.175,5.939,0.0,84.5
15,ns=2;s=Channel2.RX3i.A123,A123,2147516416,ns=2;s=Channel2.RX3i.A124,A124,2147516416,2025-02-13 15:39:12.175,5.939,12.5,84.5
16,ns=2;s=Channel2.RX3i.A125,A125,2147516416,ns=2;s=Channel2.RX3i.A126,A126,2147516416,2025-02-13 15:39:12.175,5.939,16.7,84.4
17,ns=2;s=Channel2.RX3i.A127,A127,2147516416,ns=2;s=Channel2.RX3i.A128,A128,3085205504,2025-02-13 15:39:12.175,5.939,50.0,84.4
18,ns=2;s=Channel2.RX3i.A129,A129,2147530729,ns=2;s=Channel2.RX3i.A13,A13,2147792878,2025-02-13 15:39:12.175,5.939,14.3,84.4
19,ns=2;s=Channel2.RX3i.A130,A130,2147516416,ns=2;s=Channel2.RX3i.A131,A131,3086581760,2025-02-13 15:39:12.175,5.939,0.0,84.4
20,ns=2;s=Channel2.RX3i.A132,A132,2147530750,ns=2;s=Channel2.RX3i.A133,A133,2147516416,2025-02-13 15:39:12.175,5.939,0.0,84.5
21,ns=2;s=Channel2.RX3i.A134,A134,2147778560,ns=2;s=Channel2.RX3i.A135,A135,2147516420,2025-02-13 15:39:12.175,5.939,0.0,84.5
22,ns=2;s=Channel2.RX3i.A136,A136,2147516416,ns=2;s=Channel2.RX3i.A137,A137,2147516416,2025-02-13 15:39:12.175,5.939,16.7,84.5
23,ns=2;s=Channel2.RX3i.A138,A138,2147647488,ns=2;s=Channel2.RX3i.A139,A139,2147516418,2025-02-13 15:39:12.175,5.939,0.0,84.5
24,ns=2;s=Channel2.RX3i.A14,A14,2147516420,ns=2;s=Channel2.RX3i.A140,A140,3089203200,2025-02-13 15:39:12.175,5.939,0.0,84.5
25,ns=2;s=Channel2.RX3i.A141,A141,2147792934,ns=2;s=Channel2.RX3i.A142,A142,2147516420,2025-02-13 15:39:12.175,5.939,12.5,84.5
1,ns=2;s=Channel2.RX3i.A1,A1,2147530831,ns=2;s=Channel2.RX3i.A10,A10,2147647488,2025-02-13 15:39:17.591,5.415,11.1,84.8
2,ns=2;s=Channel2.RX3i.A100,A100,2147516416,ns=2;s=Channel2.RX3i.A1000,A1000,2147530845,2025-02-13 15:39:17.591,5.415,0.0,84.8
3,ns=2;s=Channel2.RX3i.A101,A101,3093659648,ns=2;s=Channel2.RX3i.A102,A102,2147530857,2025-02-13 15:39:17.591,5.415,0.0,84.8
4,ns=2;s=Channel2.RX3i.A103,A103,32768,ns=2;s=Channel2.RX3i.A104,A104,2147745792,2025-02-13 15:39:17.591,5.415,0.0,84.8
5,ns=2;s=Channel2.RX3i.A105,A105,2147516420,ns=2;s=Channel2.RX3i.A106,A106,2147516416,2025-02-13 15:39:17.591,5.415,12.5,84.8
6,ns=2;s=Channel2.RX3i.A107,A107,2147516416,ns=2;s=Channel2.RX3i.A108,A108,2147647488,2025-02-13 15:39:17.591,5.415,0.0,84.8
7,ns=2;s=Channel2.RX3i.A109,A109,2147516418,ns=2;s=Channel2.RX3i.A11,A11,2147516418,2025-02-13 15:39:17.591,5.415,0.0,84.8
8,ns=2;s=Channel2.RX3i.A110,A110,3096281088,ns=2;s=Channel2.RX3i.A111,A111,2147793041,2025-02-13 15:39:17.591,5.415,14.3,84.8
9,ns=2;s=Channel2.RX3i.A112,A112,2147516420,ns=2;s=Channel2.RX3i.A113,A113,2147516416,2025-02-13 15:39:17.591,5.415,0.0,84.8
10,ns=2;s=Channel2.RX3i.A114,A114,2147516416,ns=2;s=Channel2.RX3i.A115,A115,2147516416,2025-02-13 15:39:17.591,5.415,12.5,84.8
11,ns=2;s=Channel2.RX3i.A116,A116,2147516416,ns=2;s=Channel2.RX3i.A117,A117,2147516416,2025-02-13 15:39:17.591,5.415,33.3,84.8
12,ns=2;s=Channel2.RX3i.A118,A118,2147516416,ns=2;s=Channel2.RX3i.A119,A119,2147516416,2025-02-13 15:39:17.591,5.415,0.0,84.8
13,ns=2;s=Channel2.RX3i.A12,A12,3099099136,ns=2;s=Channel2.RX3i.A120,A120,2147516416,2025-02-13 15:39:17.591,5.415,0.0,84.8
14,ns=2;s=Channel2.RX3i.A121,A121,2147516416,ns=2;s=Channel2.RX3i.A122,A122,2147516416,2025-02-13 15:39:17.591,5.415,0.0,84.8
15,ns=2;s=Channel2.RX3i.A123,A123,2147516416,ns=2;s=Channel2.RX3i.A124,A124,2147516416,2025-02-13 15:39:17.591,5.415,16.7,84.8
16,ns=2;s=Channel2.RX3i.A125,A125,2147516416,ns=2;s=Channel2.RX3i.A126,A126,2147516416,2025-02-13 15:39:17.591,5.415,0.0,84.8
17,ns=2;s=Channel2.RX3i.A127,A127,2147516416,ns=2;s=Channel2.RX3i.A128,A128,3101523968,2025-02-13 15:39:17.591,5.415,0.0,84.8
18,ns=2;s=Channel2.RX3i.A129,A129,2147530978,ns=2;s=Channel2.RX3i.A13,A13,2147793127,2025-02-13 15:39:17.591,5.415,0.0,84.8
19,ns=2;s=Channel2.RX3i.A130,A130,2147516416,ns=2;s=Channel2.RX3i.A131,A131,3112665088,2025-02-13 15:39:17.591,5.415,12.5,84.8
20,ns=2;s=Channel2.RX3i.A132,A132,2147531153,ns=2;s=Channel2.RX3i.A133,A133,2147516416,2025-02-13 15:39:17.591,5.415,0.0,84.8
21,ns=2;s=Channel2.RX3i.A134,A134,2147778560,ns=2;s=Channel2.RX3i.A135,A135,2147516420,2025-02-13 15:39:17.591,5.415,0.0,84.8
22,ns=2;s=Channel2.RX3i.A136,A136,2147516416,ns=2;s=Channel2.RX3i.A137,A137,2147516416,2025-02-13 15:39:17.591,5.415,0.0,84.8
23,ns=2;s=Channel2.RX3i.A138,A138,2147647488,ns=2;s=Channel2.RX3i.A139,A139,2147516418,2025-02-13 15:39:17.591,5.415,0.0,84.8
24,ns=2;s=Channel2.RX3i.A14,A14,2147516420,ns=2;s=Channel2.RX3i.A140,A140,3120398336,2025-02-13 15:39:17.591,5.415,14.3,84.8
25,ns=2;s=Channel2.RX3i.A141,A141,2147793423,ns=2;s=Channel2.RX3i.A142,A142,2147516420,2025-02-13 15:39:17.591,5.415,0.0,84.8
1,ns=2;s=Channel2.RX3i.A1,A1,2147530831,ns=2;s=Channel2.RX3i.A10,A10,2147647488,2025-02-13 15:39:17.611,5.436,11.1,84.8
2,ns=2;s=Channel2.RX3i.A100,A100,2147516416,ns=2;s=Channel2.RX3i.A1000,A1000,2147530845,2025-02-13 15:39:17.611,5.436,0.0,84.8
3,ns=2;s=Channel2.RX3i.A101,A101,3093659648,ns=2;s=Channel2.RX3i.A102,A102,2147530857,2025-02-13 15:39:17.611,5.436,0.0,84.8
4,ns=2;s=Channel2.RX3i.A103,A103,32768,ns=2;s=Channel2.RX3i.A104,A104,2147745792,2025-02-13 15:39:17.611,5.436,0.0,84.8
5,ns=2;s=Channel2.RX3i.A105,A105,2147516420,ns=2;s=Channel2.RX3i.A106,A106,2147516416,2025-02-13 15:39:17.611,5.436,12.5,84.8
6,ns=2;s=Channel2.RX3i.A107,A107,2147516416,ns=2;s=Channel2.RX3i.A108,A108,2147647488,2025-02-13 15:39:17.611,5.436,0.0,84.8
7,ns=2;s=Channel2.RX3i.A109,A109,2147516418,ns=2;s=Channel2.RX3i.A11,A11,2147516418,2025-02-13 15:39:17.611,5.436,0.0,84.8
8,ns=2;s=Channel2.RX3i.A110,A110,3096281088,ns=2;s=Channel2.RX3i.A111,A111,2147793041,2025-02-13 15:39:17.611,5.436,14.3,84.8
9,ns=2;s=Channel2.RX3i.A112,A112,2147516420,ns=2;s=Channel2.RX3i.A113,A113,2147516416,2025-02-13 15:39:17.611,5.436,0.0,84.8
10,ns=2;s=Channel2.RX3i.A114,A114,2147516416,ns=2;s=Channel2.RX3i.A115,A115,2147516416,2025-02-13 15:39:17.611,5.436,12.5,84.8
11,ns=2;s=Channel2.RX3i.A116,A116,2147516416,ns=2;s=Channel2.RX3i.A117,A117,2147516416,2025-02-13 15:39:17.611,5.436,33.3,84.8
12,ns=2;s=Channel2.RX3i.A118,A118,2147516416,ns=2;s=Channel2.RX3i.A119,A119,2147516416,2025-02-13 15:39:17.611,5.436,0.0,84.8
13,ns=2;s=Channel2.RX3i.A12,A12,3099099136,ns=2;s=Channel2.RX3i.A120,A120,2147516416,2025-02-13 15:39:17.611,5.436,0.0,84.8
14,ns=2;s=Channel2.RX3i.A121,A121,2147516416,ns=2;s=Channel2.RX3i.A122,A122,2147516416,2025-02-13 15:39:17.611,5.436,0.0,84.8
15,ns=2;s=Channel2.RX3i.A123,A123,2147516416,ns=2;s=Channel2.RX3i.A124,A124,2147516416,2025-02-13 15:39:17.611,5.436,16.7,84.8
16,ns=2;s=Channel2.RX3i.A125,A125,2147516416,ns=2;s=Channel2.RX3i.A126,A126,2147516416,2025-02-13 15:39:17.611,5.436,0.0,84.8
17,ns=2;s=Channel2.RX3i.A127,A127,2147516416,ns=2;s=Channel2.RX3i.A128,A128,3101523968,2025-02-13 15:39:17.611,5.436,0.0,84.8
18,ns=2;s=Channel2.RX3i.A129,A129,2147530978,ns=2;s=Channel2.RX3i.A13,A13,2147793127,2025-02-13 15:39:17.611,5.436,0.0,84.8
19,ns=2;s=Channel2.RX3i.A130,A130,2147516416,ns=2;s=Channel2.RX3i.A131,A131,3112665088,2025-02-13 15:39:17.611,5.436,12.5,84.8
20,ns=2;s=Channel2.RX3i.A132,A132,2147531153,ns=2;s=Channel2.RX3i.A133,A133,2147516416,2025-02-13 15:39:17.611,5.436,0.0,84.8
21,ns=2;s=Channel2.RX3i.A134,A134,2147778560,ns=2;s=Channel2.RX3i.A135,A135,2147516420,2025-02-13 15:39:17.611,5.436,0.0,84.8
22,ns=2;s=Channel2.RX3i.A136,A136,2147516416,ns=2;s=Channel2.RX3i.A137,A137,2147516416,2025-02-13 15:39:17.611,5.436,0.0,84.8
23,ns=2;s=Channel2.RX3i.A138,A138,2147647488,ns=2;s=Channel2.RX3i.A139,A139,2147516418,2025-02-13 15:39:17.611,5.436,0.0,84.8
24,ns=2;s=Channel2.RX3i.A14,A14,2147516420,ns=2;s=Channel2.RX3i.A140,A140,3120398336,2025-02-13 15:39:17.611,5.436,12.5,84.8
25,ns=2;s=Channel2.RX3i.A141,A141,2147793423,ns=2;s=Channel2.RX3i.A142,A142,2147516420,2025-02-13 15:39:17.611,5.436,0.0,84.8
1,ns=2;s=Channel2.RX3i.A1,A1,2147531352,ns=2;s=Channel2.RX3i.A10,A10,2147647488,2025-02-13 15:39:28.810,11.22,6.2,85.0
2,ns=2;s=Channel2.RX3i.A100,A100,2147516416,ns=2;s=Channel2.RX3i.A1000,A1000,2147531390,2025-02-13 15:39:28.810,11.22,0.0,85.0
3,ns=2;s=Channel2.RX3i.A101,A101,3129638912,ns=2;s=Channel2.RX3i.A102,A102,2147531421,2025-02-13 15:39:28.810,11.22,0.0,85.0
4,ns=2;s=Channel2.RX3i.A103,A103,32768,ns=2;s=Channel2.RX3i.A104,A104,2147745792,2025-02-13 15:39:28.810,11.22,12.5,85.0
5,ns=2;s=Channel2.RX3i.A105,A105,2147516420,ns=2;s=Channel2.RX3i.A106,A106,2147516416,2025-02-13 15:39:28.810,11.22,0.0,85.0
6,ns=2;s=Channel2.RX3i.A107,A107,2147516416,ns=2;s=Channel2.RX3i.A108,A108,2147647488,2025-02-13 15:39:28.810,11.22,12.5,85.0
7,ns=2;s=Channel2.RX3i.A109,A109,2147516418,ns=2;s=Channel2.RX3i.A11,A11,2147516418,2025-02-13 15:39:28.810,11.22,0.0,85.0
8,ns=2;s=Channel2.RX3i.A110,A110,3139993600,ns=2;s=Channel2.RX3i.A111,A111,2147793713,2025-02-13 15:39:28.810,11.22,14.3,85.0
9,ns=2;s=Channel2.RX3i.A112,A112,2147516420,ns=2;s=Channel2.RX3i.A113,A113,2147516416,2025-02-13 15:39:28.810,11.22,42.9,85.0
10,ns=2;s=Channel2.RX3i.A114,A114,2147516416,ns=2;s=Channel2.RX3i.A115,A115,2147516416,2025-02-13 15:39:28.810,11.22,0.0,85.0
11,ns=2;s=Channel2.RX3i.A116,A116,2147516416,ns=2;s=Channel2.RX3i.A117,A117,2147516416,2025-02-13 15:39:28.810,11.22,42.9,85.0
12,ns=2;s=Channel2.RX3i.A118,A118,2147516416,ns=2;s=Channel2.RX3i.A119,A119,2147516416,2025-02-13 15:39:28.810,11.22,100.0,85.0
13,ns=2;s=Channel2.RX3i.A12,A12,3148578816,ns=2;s=Channel2.RX3i.A120,A120,2147516416,2025-02-13 15:39:28.810,11.22,50.0,85.0
14,ns=2;s=Channel2.RX3i.A121,A121,2147516416,ns=2;s=Channel2.RX3i.A122,A122,2147516416,2025-02-13 15:39:28.810,11.22,16.7,85.0
15,ns=2;s=Channel2.RX3i.A123,A123,2147516416,ns=2;s=Channel2.RX3i.A124,A124,2147516416,2025-02-13 15:39:28.810,11.22,50.0,85.0
16,ns=2;s=Channel2.RX3i.A125,A125,2147516416,ns=2;s=Channel2.RX3i.A126,A126,2147516416,2025-02-13 15:39:28.810,11.22,20.0,85.0
17,ns=2;s=Channel2.RX3i.A127,A127,2147516416,ns=2;s=Channel2.RX3i.A128,A128,3158147072,2025-02-13 15:39:28.810,11.22,50.0,85.0
18,ns=2;s=Channel2.RX3i.A129,A129,2147531856,ns=2;s=Channel2.RX3i.A13,A13,2147794010,2025-02-13 15:39:28.810,11.22,14.3,85.0
19,ns=2;s=Channel2.RX3i.A130,A130,2147516416,ns=2;s=Channel2.RX3i.A131,A131,3162013696,2025-02-13 15:39:28.810,11.22,28.6,85.0
20,ns=2;s=Channel2.RX3i.A132,A132,2147531905,ns=2;s=Channel2.RX3i.A133,A133,2147516416,2025-02-13 15:39:28.810,11.22,100.0,85.0
21,ns=2;s=Channel2.RX3i.A134,A134,2147778560,ns=2;s=Channel2.RX3i.A135,A135,2147516420,2025-02-13 15:39:28.810,11.22,33.3,85.0
22,ns=2;s=Channel2.RX3i.A136,A136,2147516416,ns=2;s=Channel2.RX3i.A137,A137,2147516416,2025-02-13 15:39:28.810,11.22,0.0,85.1
23,ns=2;s=Channel2.RX3i.A138,A138,2147647488,ns=2;s=Channel2.RX3i.A139,A139,2147516418,2025-02-13 15:39:28.810,11.22,0.0,85.1
24,ns=2;s=Channel2.RX3i.A14,A14,2147516420,ns=2;s=Channel2.RX3i.A140,A140,3172040704,2025-02-13 15:39:28.810,11.22,12.5,85.0
25,ns=2;s=Channel2.RX3i.A141,A141,2147794202,ns=2;s=Channel2.RX3i.A142,A142,2147516420,2025-02-13 15:39:28.810,11.22,14.3,85.1
1,ns=2;s=Channel2.RX3i.A1,A1,2147531352,ns=2;s=Channel2.RX3i.A10,A10,2147647488,2025-02-13 15:39:28.939,11.328,6.2,85.0
2,ns=2;s=Channel2.RX3i.A100,A100,2147516416,ns=2;s=Channel2.RX3i.A1000,A1000,2147531390,2025-02-13 15:39:28.939,11.328,0.0,85.0
3,ns=2;s=Channel2.RX3i.A101,A101,3129638912,ns=2;s=Channel2.RX3i.A102,A102,2147531421,2025-02-13 15:39:28.939,11.328,0.0,85.0
4,ns=2;s=Channel2.RX3i.A103,A103,32768,ns=2;s=Channel2.RX3i.A104,A104,2147745792,2025-02-13 15:39:28.939,11.328,50.0,85.0
5,ns=2;s=Channel2.RX3i.A105,A105,2147516420,ns=2;s=Channel2.RX3i.A106,A106,2147516416,2025-02-13 15:39:28.939,11.328,0.0,85.0
6,ns=2;s=Channel2.RX3i.A107,A107,2147516416,ns=2;s=Channel2.RX3i.A108,A108,2147647488,2025-02-13 15:39:28.939,11.328,12.5,85.0
7,ns=2;s=Channel2.RX3i.A109,A109,2147516418,ns=2;s=Channel2.RX3i.A11,A11,2147516418,2025-02-13 15:39:28.939,11.328,25.0,85.0
8,ns=2;s=Channel2.RX3i.A110,A110,3139993600,ns=2;s=Channel2.RX3i.A111,A111,2147793713,2025-02-13 15:39:28.939,11.328,25.0,85.0
9,ns=2;s=Channel2.RX3i.A112,A112,2147516420,ns=2;s=Channel2.RX3i.A113,A113,2147516416,2025-02-13 15:39:28.939,11.328,25.0,85.0
10,ns=2;s=Channel2.RX3i.A114,A114,2147516416,ns=2;s=Channel2.RX3i.A115,A115,2147516416,2025-02-13 15:39:28.939,11.328,50.0,85.0
11,ns=2;s=Channel2.RX3i.A116,A116,2147516416,ns=2;s=Channel2.RX3i.A117,A117,2147516416,2025-02-13 15:39:28.939,11.328,50.0,85.0
12,ns=2;s=Channel2.RX3i.A118,A118,2147516416,ns=2;s=Channel2.RX3i.A119,A119,2147516416,2025-02-13 15:39:28.939,11.328,42.9,85.0
13,ns=2;s=Channel2.RX3i.A12,A12,3148578816,ns=2;s=Channel2.RX3i.A120,A120,2147516416,2025-02-13 15:39:28.939,11.328,100.0,85.0
14,ns=2;s=Channel2.RX3i.A121,A121,2147516416,ns=2;s=Channel2.RX3i.A122,A122,2147516416,2025-02-13 15:39:28.939,11.328,25.0,85.0
15,ns=2;s=Channel2.RX3i.A123,A123,2147516416,ns=2;s=Channel2.RX3i.A124,A124,2147516416,2025-02-13 15:39:28.939,11.328,0.0,85.0
16,ns=2;s=Channel2.RX3i.A125,A125,2147516416,ns=2;s=Channel2.RX3i.A126,A126,2147516416,2025-02-13 15:39:28.939,11.328,28.6,85.0
17,ns=2;s=Channel2.RX3i.A127,A127,2147516416,ns=2;s=Channel2.RX3i.A128,A128,3158147072,2025-02-13 15:39:28.939,11.328,0.0,85.0
18,ns=2;s=Channel2.RX3i.A129,A129,2147531856,ns=2;s=Channel2.RX3i.A13,A13,2147794010,2025-02-13 15:39:28.939,11.328,100.0,85.0
19,ns=2;s=Channel2.RX3i.A130,A130,2147516416,ns=2;s=Channel2.RX3i.A131,A131,3162013696,2025-02-13 15:39:28.939,11.328,44.4,85.0
20,ns=2;s=Channel2.RX3i.A132,A132,2147531905,ns=2;s=Channel2.RX3i.A133,A133,2147516416,2025-02-13 15:39:28.939,11.328,33.3,85.0
21,ns=2;s=Channel2.RX3i.A134,A134,2147778560,ns=2;s=Channel2.RX3i.A135,A135,2147516420,2025-02-13 15:39:28.939,11.328,0.0,85.0
22,ns=2;s=Channel2.RX3i.A136,A136,2147516416,ns=2;s=Channel2.RX3i.A137,A137,2147516416,2025-02-13 15:39:28.939,11.328,0.0,85.1
23,ns=2;s=Channel2.RX3i.A138,A138,2147647488,ns=2;s=Channel2.RX3i.A139,A139,2147516418,2025-02-13 15:39:28.939,11.328,12.5,85.1
24,ns=2;s=Channel2.RX3i.A14,A14,2147516420,ns=2;s=Channel2.RX3i.A140,A140,3172040704,2025-02-13 15:39:28.939,11.328,0.0,85.1
25,ns=2;s=Channel2.RX3i.A141,A141,2147794202,ns=2;s=Channel2.RX3i.A142,A142,2147516420,2025-02-13 15:39:28.939,11.328,12.5,85.1
1,ns=2;s=Channel2.RX3i.A1,A1,2147532122,ns=2;s=Channel2.RX3i.A10,A10,2147647488,2025-02-13 15:39:45.661,16.722,5.2,85.2
2,ns=2;s=Channel2.RX3i.A100,A100,2147516416,ns=2;s=Channel2.RX3i.A1000,A1000,2147532169,2025-02-13 15:39:45.661,16.722,0.0,85.2
3,ns=2;s=Channel2.RX3i.A101,A101,3181281280,ns=2;s=Channel2.RX3i.A102,A102,2147532208,2025-02-13 15:39:45.661,16.722,0.0,85.2
4,ns=2;s=Channel2.RX3i.A103,A103,32768,ns=2;s=Channel2.RX3i.A104,A104,2147745792,2025-02-13 15:39:45.661,16.722,0.0,85.2
5,ns=2;s=Channel2.RX3i.A105,A105,2147516420,ns=2;s=Channel2.RX3i.A106,A106,2147516416,2025-02-13 15:39:45.661,16.722,12.5,85.2
6,ns=2;s=Channel2.RX3i.A107,A107,2147516416,ns=2;s=Channel2.RX3i.A108,A108,2147647488,2025-02-13 15:39:45.661,16.722,0.0,85.2
7,ns=2;s=Channel2.RX3i.A109,A109,2147516418,ns=2;s=Channel2.RX3i.A11,A11,2147516418,2025-02-13 15:39:45.661,16.722,0.0,85.2
8,ns=2;s=Channel2.RX3i.A110,A110,3191832576,ns=2;s=Channel2.RX3i.A111,A111,2147794512,2025-02-13 15:39:45.661,16.722,0.0,85.2
9,ns=2;s=Channel2.RX3i.A112,A112,2147516420,ns=2;s=Channel2.RX3i.A113,A113,2147516416,2025-02-13 15:39:45.661,16.722,0.0,85.2
10,ns=2;s=Channel2.RX3i.A114,A114,2147516416,ns=2;s=Channel2.RX3i.A115,A115,2147516416,2025-02-13 15:39:45.661,16.722,33.3,85.2
11,ns=2;s=Channel2.RX3i.A116,A116,2147516416,ns=2;s=Channel2.RX3i.A117,A117,2147516416,2025-02-13 15:39:45.661,16.722,0.0,85.2
12,ns=2;s=Channel2.RX3i.A118,A118,2147516416,ns=2;s=Channel2.RX3i.A119,A119,2147516416,2025-02-13 15:39:45.661,16.722,0.0,85.2
13,ns=2;s=Channel2.RX3i.A12,A12,3203366912,ns=2;s=Channel2.RX3i.A120,A120,2147516416,2025-02-13 15:39:45.661,16.722,100.0,85.2
14,ns=2;s=Channel2.RX3i.A121,A121,2147516416,ns=2;s=Channel2.RX3i.A122,A122,2147516416,2025-02-13 15:39:45.661,16.722,0.0,85.2
15,ns=2;s=Channel2.RX3i.A123,A123,2147516416,ns=2;s=Channel2.RX3i.A124,A124,2147516416,2025-02-13 15:39:45.661,16.722,40.0,85.2
16,ns=2;s=Channel2.RX3i.A125,A125,2147516416,ns=2;s=Channel2.RX3i.A126,A126,2147516416,2025-02-13 15:39:45.661,16.722,0.0,85.2
17,ns=2;s=Channel2.RX3i.A127,A127,2147516416,ns=2;s=Channel2.RX3i.A128,A128,3212869632,2025-02-13 15:39:45.661,16.722,0.0,85.2
18,ns=2;s=Channel2.RX3i.A129,A129,2147532691,ns=2;s=Channel2.RX3i.A13,A13,2147794855,2025-02-13 15:39:45.661,16.722,0.0,85.2
19,ns=2;s=Channel2.RX3i.A130,A130,2147516416,ns=2;s=Channel2.RX3i.A131,A131,3217457152,2025-02-13 15:39:45.661,16.722,0.0,85.2
20,ns=2;s=Channel2.RX3i.A132,A132,2147532750,ns=2;s=Channel2.RX3i.A133,A133,2147516416,2025-02-13 15:39:45.661,16.722,14.3,85.2
21,ns=2;s=Channel2.RX3i.A134,A134,2147778560,ns=2;s=Channel2.RX3i.A135,A135,2147516420,2025-02-13 15:39:45.661,16.722,0.0,85.2
22,ns=2;s=Channel2.RX3i.A136,A136,2147516416,ns=2;s=Channel2.RX3i.A137,A137,2147516416,2025-02-13 15:39:45.661,16.722,40.0,85.2
23,ns=2;s=Channel2.RX3i.A138,A138,2147647488,ns=2;s=Channel2.RX3i.A139,A139,2147516418,2025-02-13 15:39:45.661,16.722,0.0,85.2
24,ns=2;s=Channel2.RX3i.A14,A14,2147516420,ns=2;s=Channel2.RX3i.A140,A140,3224993792,2025-02-13 15:39:45.661,16.722,14.3,85.2
25,ns=2;s=Channel2.RX3i.A141,A141,2147795020,ns=2;s=Channel2.RX3i.A142,A142,2147516420,2025-02-13 15:39:45.661,16.722,0.0,85.2
1,ns=2;s=Channel2.RX3i.A1,A1,2147532122,ns=2;s=Channel2.RX3i.A10,A10,2147647488,2025-02-13 15:39:45.656,16.846,5.2,85.2
2,ns=2;s=Channel2.RX3i.A100,A100,2147516416,ns=2;s=Channel2.RX3i.A1000,A1000,2147532169,2025-02-13 15:39:45.656,16.846,0.0,85.2
3,ns=2;s=Channel2.RX3i.A101,A101,3181281280,ns=2;s=Channel2.RX3i.A102,A102,2147532208,2025-02-13 15:39:45.656,16.846,0.0,85.2
4,ns=2;s=Channel2.RX3i.A103,A103,32768,ns=2;s=Channel2.RX3i.A104,A104,2147745792,2025-02-13 15:39:45.656,16.846,0.0,85.2
5,ns=2;s=Channel2.RX3i.A105,A105,2147516420,ns=2;s=Channel2.RX3i.A106,A106,2147516416,2025-02-13 15:39:45.656,16.846,25.0,85.2
6,ns=2;s=Channel2.RX3i.A107,A107,2147516416,ns=2;s=Channel2.RX3i.A108,A108,2147647488,2025-02-13 15:39:45.656,16.846,0.0,85.2
7,ns=2;s=Channel2.RX3i.A109,A109,2147516418,ns=2;s=Channel2.RX3i.A11,A11,2147516418,2025-02-13 15:39:45.656,16.846,0.0,85.2
8,ns=2;s=Channel2.RX3i.A110,A110,3191832576,ns=2;s=Channel2.RX3i.A111,A111,2147794512,2025-02-13 15:39:45.656,16.846,0.0,85.2
9,ns=2;s=Channel2.RX3i.A112,A112,2147516420,ns=2;s=Channel2.RX3i.A113,A113,2147516416,2025-02-13 15:39:45.656,16.846,0.0,85.2
10,ns=2;s=Channel2.RX3i.A114,A114,2147516416,ns=2;s=Channel2.RX3i.A115,A115,2147516416,2025-02-13 15:39:45.656,16.846,33.3,85.2
11,ns=2;s=Channel2.RX3i.A116,A116,2147516416,ns=2;s=Channel2.RX3i.A117,A117,2147516416,2025-02-13 15:39:45.656,16.846,0.0,85.2
12,ns=2;s=Channel2.RX3i.A118,A118,2147516416,ns=2;s=Channel2.RX3i.A119,A119,2147516416,2025-02-13 15:39:45.656,16.846,0.0,85.2
13,ns=2;s=Channel2.RX3i.A12,A12,3203366912,ns=2;s=Channel2.RX3i.A120,A120,2147516416,2025-02-13 15:39:45.656,16.846,14.3,85.2
14,ns=2;s=Channel2.RX3i.A121,A121,2147516416,ns=2;s=Channel2.RX3i.A122,A122,2147516416,2025-02-13 15:39:45.656,16.846,0.0,85.2
15,ns=2;s=Channel2.RX3i.A123,A123,2147516416,ns=2;s=Channel2.RX3i.A124,A124,2147516416,2025-02-13 15:39:45.656,16.846,40.0,85.2
16,ns=2;s=Channel2.RX3i.A125,A125,2147516416,ns=2;s=Channel2.RX3i.A126,A126,2147516416,2025-02-13 15:39:45.656,16.846,0.0,85.2
17,ns=2;s=Channel2.RX3i.A127,A127,2147516416,ns=2;s=Channel2.RX3i.A128,A128,3212869632,2025-02-13 15:39:45.656,16.846,0.0,85.2
18,ns=2;s=Channel2.RX3i.A129,A129,2147532691,ns=2;s=Channel2.RX3i.A13,A13,2147794855,2025-02-13 15:39:45.656,16.846,0.0,85.2
19,ns=2;s=Channel2.RX3i.A130,A130,2147516416,ns=2;s=Channel2.RX3i.A131,A131,3217457152,2025-02-13 15:39:45.656,16.846,0.0,85.2
20,ns=2;s=Channel2.RX3i.A132,A132,2147532750,ns=2;s=Channel2.RX3i.A133,A133,2147516416,2025-02-13 15:39:45.656,16.846,50.0,85.2
21,ns=2;s=Channel2.RX3i.A134,A134,2147778560,ns=2;s=Channel2.RX3i.A135,A135,2147516420,2025-02-13 15:39:45.656,16.846,0.0,85.2
22,ns=2;s=Channel2.RX3i.A136,A136,2147516416,ns=2;s=Channel2.RX3i.A137,A137,2147516416,2025-02-13 15:39:45.656,16.846,25.0,85.2
23,ns=2;s=Channel2.RX3i.A138,A138,2147647488,ns=2;s=Channel2.RX3i.A139,A139,2147516418,2025-02-13 15:39:45.656,16.846,0.0,85.2
24,ns=2;s=Channel2.RX3i.A14,A14,2147516420,ns=2;s=Channel2.RX3i.A140,A140,3224993792,2025-02-13 15:39:45.656,16.846,12.5,85.2
25,ns=2;s=Channel2.RX3i.A141,A141,2147795020,ns=2;s=Channel2.RX3i.A142,A142,2147516420,2025-02-13 15:39:45.656,16.846,16.7,85.2
1,ns=2;s=Channel2.RX3i.A1,A1,2147532930,ns=2;s=Channel2.RX3i.A10,A10,2147647488,2025-02-13 15:40:03.270,17.61,5.5,85.4
2,ns=2;s=Channel2.RX3i.A100,A100,2147516416,ns=2;s=Channel2.RX3i.A1000,A1000,2147532986,2025-02-13 15:40:03.270,17.61,0.0,85.4
3,ns=2;s=Channel2.RX3i.A101,A101,3234168832,ns=2;s=Channel2.RX3i.A102,A102,2147533007,2025-02-13 15:40:03.270,17.61,33.3,85.4
4,ns=2;s=Channel2.RX3i.A103,A103,32768,ns=2;s=Channel2.RX3i.A104,A104,2147745792,2025-02-13 15:40:03.270,17.61,0.0,85.4
5,ns=2;s=Channel2.RX3i.A105,A105,2179891204,ns=2;s=Channel2.RX3i.A106,A106,2182382100,2025-02-13 15:40:03.270,17.61,14.3,85.4
6,ns=2;s=Channel2.RX3i.A107,A107,2147516982,ns=2;s=Channel2.RX3i.A108,A108,2147647488,2025-02-13 15:40:03.270,17.61,11.1,85.4
7,ns=2;s=Channel2.RX3i.A109,A109,2147516418,ns=2;s=Channel2.RX3i.A11,A11,2147516418,2025-02-13 15:40:03.270,17.61,0.0,85.4
8,ns=2;s=Channel2.RX3i.A110,A110,3243933696,ns=2;s=Channel2.RX3i.A111,A111,2147795309,2025-02-13 15:40:03.270,17.61,0.0,85.4
9,ns=2;s=Channel2.RX3i.A112,A112,2147516420,ns=2;s=Channel2.RX3i.A113,A113,2147516416,2025-02-13 15:40:03.270,17.61,0.0,85.4
10,ns=2;s=Channel2.RX3i.A114,A114,2147516416,ns=2;s=Channel2.RX3i.A115,A115,2147516416,2025-02-13 15:40:03.270,17.61,14.3,85.4
11,ns=2;s=Channel2.RX3i.A116,A116,2147516416,ns=2;s=Channel2.RX3i.A117,A117,2147516416,2025-02-13 15:40:03.270,17.61,50.0,85.4
12,ns=2;s=Channel2.RX3i.A118,A118,2147516416,ns=2;s=Channel2.RX3i.A119,A119,2147516416,2025-02-13 15:40:03.270,17.61,0.0,85.4
13,ns=2;s=Channel2.RX3i.A12,A12,3254222848,ns=2;s=Channel2.RX3i.A120,A120,2147516416,2025-02-13 15:40:03.270,17.61,12.5,85.4
14,ns=2;s=Channel2.RX3i.A121,A121,2147516416,ns=2;s=Channel2.RX3i.A122,A122,2147516416,2025-02-13 15:40:03.270,17.61,0.0,85.4
15,ns=2;s=Channel2.RX3i.A123,A123,2147516416,ns=2;s=Channel2.RX3i.A124,A124,2147516416,2025-02-13 15:40:03.270,17.61,12.5,85.4
16,ns=2;s=Channel2.RX3i.A125,A125,2147516416,ns=2;s=Channel2.RX3i.A126,A126,2147516416,2025-02-13 15:40:03.270,17.61,12.5,85.4
17,ns=2;s=Channel2.RX3i.A127,A127,2147516416,ns=2;s=Channel2.RX3i.A128,A128,3265036288,2025-02-13 15:40:03.270,17.61,0.0,85.4
18,ns=2;s=Channel2.RX3i.A129,A129,2147533487,ns=2;s=Channel2.RX3i.A13,A13,2147795651,2025-02-13 15:40:03.270,17.61,0.0,85.4
19,ns=2;s=Channel2.RX3i.A130,A130,2147516416,ns=2;s=Channel2.RX3i.A131,A131,3269558272,2025-02-13 15:40:03.270,17.61,0.0,85.4
20,ns=2;s=Channel2.RX3i.A132,A132,2147533555,ns=2;s=Channel2.RX3i.A133,A133,2147516416,2025-02-13 15:40:03.270,17.61,14.3,85.4
21,ns=2;s=Channel2.RX3i.A134,A134,2147778560,ns=2;s=Channel2.RX3i.A135,A135,2253160452,2025-02-13 15:40:03.270,17.61,50.0,85.4
22,ns=2;s=Channel2.RX3i.A136,A136,2255390318,ns=2;s=Channel2.RX3i.A137,A137,2147518100,2025-02-13 15:40:03.270,17.61,0.0,85.4
23,ns=2;s=Channel2.RX3i.A138,A138,2147647488,ns=2;s=Channel2.RX3i.A139,A139,2147516418,2025-02-13 15:40:03.270,17.61,16.7,85.4
24,ns=2;s=Channel2.RX3i.A14,A14,2147516420,ns=2;s=Channel2.RX3i.A140,A140,3281420288,2025-02-13 15:40:03.270,17.61,0.0,85.4
25,ns=2;s=Channel2.RX3i.A141,A141,2147795882,ns=2;s=Channel2.RX3i.A142,A142,2147516420,2025-02-13 15:40:03.270,17.61,12.5,85.4
1,ns=2;s=Channel2.RX3i.A1,A1,2147532930,ns=2;s=Channel2.RX3i.A10,A10,2147647488,2025-02-13 15:40:03.276,17.619,5.5,85.4
2,ns=2;s=Channel2.RX3i.A100,A100,2147516416,ns=2;s=Channel2.RX3i.A1000,A1000,2147532986,2025-02-13 15:40:03.276,17.619,0.0,85.4
3,ns=2;s=Channel2.RX3i.A101,A101,3234168832,ns=2;s=Channel2.RX3i.A102,A102,2147533007,2025-02-13 15:40:03.276,17.619,33.3,85.4
4,ns=2;s=Channel2.RX3i.A103,A103,32768,ns=2;s=Channel2.RX3i.A104,A104,2147745792,2025-02-13 15:40:03.276,17.619,0.0,85.4
5,ns=2;s=Channel2.RX3i.A105,A105,2179891204,ns=2;s=Channel2.RX3i.A106,A106,2182382100,2025-02-13 15:40:03.276,17.619,12.5,85.4
6,ns=2;s=Channel2.RX3i.A107,A107,2147516982,ns=2;s=Channel2.RX3i.A108,A108,2147647488,2025-02-13 15:40:03.276,17.619,100.0,85.4
7,ns=2;s=Channel2.RX3i.A109,A109,2147516418,ns=2;s=Channel2.RX3i.A11,A11,2147516418,2025-02-13 15:40:03.276,17.619,0.0,85.4
8,ns=2;s=Channel2.RX3i.A110,A110,3243933696,ns=2;s=Channel2.RX3i.A111,A111,2147795309,2025-02-13 15:40:03.276,17.619,0.0,85.4
9,ns=2;s=Channel2.RX3i.A112,A112,2147516420,ns=2;s=Channel2.RX3i.A113,A113,2147516416,2025-02-13 15:40:03.276,17.619,0.0,85.4
10,ns=2;s=Channel2.RX3i.A114,A114,2147516416,ns=2;s=Channel2.RX3i.A115,A115,2147516416,2025-02-13 15:40:03.276,17.619,14.3,85.4
11,ns=2;s=Channel2.RX3i.A116,A116,2147516416,ns=2;s=Channel2.RX3i.A117,A117,2147516416,2025-02-13 15:40:03.276,17.619,50.0,85.4
12,ns=2;s=Channel2.RX3i.A118,A118,2147516416,ns=2;s=Channel2.RX3i.A119,A119,2147516416,2025-02-13 15:40:03.276,17.619,0.0,85.4
13,ns=2;s=Channel2.RX3i.A12,A12,3254222848,ns=2;s=Channel2.RX3i.A120,A120,2147516416,2025-02-13 15:40:03.276,17.619,12.5,85.4
14,ns=2;s=Channel2.RX3i.A121,A121,2147516416,ns=2;s=Channel2.RX3i.A122,A122,2147516416,2025-02-13 15:40:03.276,17.619,0.0,85.4
15,ns=2;s=Channel2.RX3i.A123,A123,2147516416,ns=2;s=Channel2.RX3i.A124,A124,2147516416,2025-02-13 15:40:03.276,17.619,12.5,85.4
16,ns=2;s=Channel2.RX3i.A125,A125,2147516416,ns=2;s=Channel2.RX3i.A126,A126,2147516416,2025-02-13 15:40:03.276,17.619,25.0,85.4
17,ns=2;s=Channel2.RX3i.A127,A127,2147516416,ns=2;s=Channel2.RX3i.A128,A128,3265036288,2025-02-13 15:40:03.276,17.619,0.0,85.4
18,ns=2;s=Channel2.RX3i.A129,A129,2147533487,ns=2;s=Channel2.RX3i.A13,A13,2147795651,2025-02-13 15:40:03.276,17.619,0.0,85.4
19,ns=2;s=Channel2.RX3i.A130,A130,2147516416,ns=2;s=Channel2.RX3i.A131,A131,3269558272,2025-02-13 15:40:03.276,17.619,0.0,85.4
20,ns=2;s=Channel2.RX3i.A132,A132,2147533555,ns=2;s=Channel2.RX3i.A133,A133,2147516416,2025-02-13 15:40:03.276,17.619,14.3,85.4
21,ns=2;s=Channel2.RX3i.A134,A134,2147778560,ns=2;s=Channel2.RX3i.A135,A135,2253160452,2025-02-13 15:40:03.276,17.619,50.0,85.4
22,ns=2;s=Channel2.RX3i.A136,A136,2255390318,ns=2;s=Channel2.RX3i.A137,A137,2147518100,2025-02-13 15:40:03.276,17.619,0.0,85.4
23,ns=2;s=Channel2.RX3i.A138,A138,2147647488,ns=2;s=Channel2.RX3i.A139,A139,2147516418,2025-02-13 15:40:03.276,17.619,14.3,85.4
24,ns=2;s=Channel2.RX3i.A14,A14,2147516420,ns=2;s=Channel2.RX3i.A140,A140,3281420288,2025-02-13 15:40:03.276,17.619,0.0,85.4
25,ns=2;s=Channel2.RX3i.A141,A141,2147795882,ns=2;s=Channel2.RX3i.A142,A142,2147516420,2025-02-13 15:40:03.276,17.619,12.5,85.4
1,ns=2;s=Channel2.RX3i.A1,A1,3463966589,ns=2;s=Channel2.RX3i.A10,A10,3465662096,2025-02-13 15:44:22.084,0.0,0.0,85.5
2,ns=2;s=Channel2.RX3i.A100,A100,3466317470,ns=2;s=Channel2.RX3i.A1000,A1000,3467505552,2025-02-13 15:44:22.084,0.0,0.0,85.5
3,ns=2;s=Channel2.RX3i.A101,A101,4019769014,ns=2;s=Channel2.RX3i.A102,A102,2920083356,2025-02-13 15:44:22.084,0.0,0.0,85.5
4,ns=2;s=Channel2.RX3i.A103,A103,44581,ns=2;s=Channel2.RX3i.A104,A104,2923036672,2025-02-13 15:44:22.084,0.0,42.9,85.5
5,ns=2;s=Channel2.RX3i.A105,A105,3746213459,ns=2;s=Channel2.RX3i.A106,A106,3746750290,2025-02-13 15:44:22.084,0.0,0.0,85.5
6,ns=2;s=Channel2.RX3i.A107,A107,3473465180,ns=2;s=Channel2.RX3i.A108,A108,3474312980,2025-02-13 15:44:22.084,0.0,20.0,85.5
7,ns=2;s=Channel2.RX3i.A109,A109,2147536676,ns=2;s=Channel2.RX3i.A11,A11,2147536688,2025-02-13 15:44:22.084,0.0,33.3,85.5
8,ns=2;s=Channel2.RX3i.A110,A110,4022501376,ns=2;s=Channel2.RX3i.A111,A111,2934894534,2025-02-13 15:44:22.084,0.0,0.0,85.5
9,ns=2;s=Channel2.RX3i.A112,A112,2662117122,ns=2;s=Channel2.RX3i.A113,A113,2937167556,2025-02-13 15:44:22.084,0.0,14.3,85.5
10,ns=2;s=Channel2.RX3i.A114,A114,2937433898,ns=2;s=Channel2.RX3i.A115,A115,2940120873,2025-02-13 15:44:22.084,0.0,0.0,85.5
11,ns=2;s=Channel2.RX3i.A116,A116,2941431634,ns=2;s=Channel2.RX3i.A117,A117,2943070059,2025-02-13 15:44:22.084,0.0,0.0,85.5
12,ns=2;s=Channel2.RX3i.A118,A118,2944380799,ns=2;s=Channel2.RX3i.A119,A119,2945691539,2025-02-13 15:44:22.084,0.0,50.0,85.5
13,ns=2;s=Channel2.RX3i.A12,A12,4025253888,ns=2;s=Channel2.RX3i.A120,A120,2948640704,2025-02-13 15:44:22.084,0.0,0.0,85.5
14,ns=2;s=Channel2.RX3i.A121,A121,2949951444,ns=2;s=Channel2.RX3i.A122,A122,2951262184,2025-02-13 15:44:22.084,0.0,0.0,85.5
15,ns=2;s=Channel2.RX3i.A123,A123,2952572924,ns=2;s=Channel2.RX3i.A124,A124,2954211349,2025-02-13 15:44:22.084,0.0,0.0,85.5
16,ns=2;s=Channel2.RX3i.A125,A125,2955522089,ns=2;s=Channel2.RX3i.A126,A126,2956832829,2025-02-13 15:44:22.084,0.0,0.0,85.5
17,ns=2;s=Channel2.RX3i.A127,A127,3492065366,ns=2;s=Channel2.RX3i.A128,A128,4027764784,2025-02-13 15:44:22.084,0.0,0.0,85.5
18,ns=2;s=Channel2.RX3i.A129,A129,3493851158,ns=2;s=Channel2.RX3i.A13,A13,2963075100,2025-02-13 15:44:22.084,0.0,16.7,85.5
19,ns=2;s=Channel2.RX3i.A130,A130,3495415898,ns=2;s=Channel2.RX3i.A131,A131,4029141091,2025-02-13 15:44:22.084,0.0,0.0,85.5
20,ns=2;s=Channel2.RX3i.A132,A132,2966941739,ns=2;s=Channel2.RX3i.A133,A133,2968367344,2025-02-13 15:44:22.084,0.0,0.0,85.5
21,ns=2;s=Channel2.RX3i.A134,A134,2969940225,ns=2;s=Channel2.RX3i.A135,A135,3764826393,2025-02-13 15:44:22.084,0.0,0.0,85.5
22,ns=2;s=Channel2.RX3i.A136,A136,3765362798,ns=2;s=Channel2.RX3i.A137,A137,3501383800,2025-02-13 15:44:22.084,0.0,0.0,85.5
23,ns=2;s=Channel2.RX3i.A138,A138,3502231742,ns=2;s=Channel2.RX3i.A139,A139,2147537102,2025-02-13 15:44:22.084,0.0,0.0,85.5
24,ns=2;s=Channel2.RX3i.A14,A14,2712842631,ns=2;s=Channel2.RX3i.A140,A140,4031741952,2025-02-13 15:44:22.084,0.0,0.0,85.5
25,ns=2;s=Channel2.RX3i.A141,A141,2981097555,ns=2;s=Channel2.RX3i.A142,A142,2717954504,2025-02-13 15:44:22.084,0.0,50.0,85.5
1,ns=2;s=Channel2.RX3i.A1,A1,3460820845,ns=2;s=Channel2.RX3i.A10,A10,3462123098,2025-02-13 15:44:20.493,0.0,0.0,85.5
2,ns=2;s=Channel2.RX3i.A100,A100,3462975083,ns=2;s=Channel2.RX3i.A1000,A1000,3464949635,2025-02-13 15:44:20.493,0.0,0.0,85.5
3,ns=2;s=Channel2.RX3i.A101,A101,4019179163,ns=2;s=Channel2.RX3i.A102,A102,2918772632,2025-02-13 15:44:20.493,0.0,0.0,85.5
4,ns=2;s=Channel2.RX3i.A103,A103,44556,ns=2;s=Channel2.RX3i.A104,A104,2921725952,2025-02-13 15:44:20.493,0.0,42.9,85.5
5,ns=2;s=Channel2.RX3i.A105,A105,3745558074,ns=2;s=Channel2.RX3i.A106,A106,3746225994,2025-02-13 15:44:20.493,0.0,0.0,85.5
6,ns=2;s=Channel2.RX3i.A107,A107,3472482130,ns=2;s=Channel2.RX3i.A108,A108,3473526536,2025-02-13 15:44:20.493,0.0,20.0,85.5
7,ns=2;s=Channel2.RX3i.A109,A109,2147536661,ns=2;s=Channel2.RX3i.A11,A11,2147536688,2025-02-13 15:44:20.493,0.0,33.3,85.5
8,ns=2;s=Channel2.RX3i.A110,A110,4022501376,ns=2;s=Channel2.RX3i.A111,A111,2934894534,2025-02-13 15:44:20.493,0.0,0.0,85.5
9,ns=2;s=Channel2.RX3i.A112,A112,2662117122,ns=2;s=Channel2.RX3i.A113,A113,2937167556,2025-02-13 15:44:20.493,0.0,14.3,85.5
10,ns=2;s=Channel2.RX3i.A114,A114,2937433898,ns=2;s=Channel2.RX3i.A115,A115,2940120873,2025-02-13 15:44:20.493,0.0,0.0,85.5
11,ns=2;s=Channel2.RX3i.A116,A116,2941431634,ns=2;s=Channel2.RX3i.A117,A117,2943070059,2025-02-13 15:44:20.493,0.0,0.0,85.5
12,ns=2;s=Channel2.RX3i.A118,A118,2944380799,ns=2;s=Channel2.RX3i.A119,A119,2945691539,2025-02-13 15:44:20.493,0.0,50.0,85.5
13,ns=2;s=Channel2.RX3i.A12,A12,4025253888,ns=2;s=Channel2.RX3i.A120,A120,2948640704,2025-02-13 15:44:20.493,0.0,0.0,85.5
14,ns=2;s=Channel2.RX3i.A121,A121,2949951444,ns=2;s=Channel2.RX3i.A122,A122,2951262184,2025-02-13 15:44:20.493,0.0,0.0,85.5
15,ns=2;s=Channel2.RX3i.A123,A123,2952572924,ns=2;s=Channel2.RX3i.A124,A124,2954211349,2025-02-13 15:44:20.493,0.0,0.0,85.5
16,ns=2;s=Channel2.RX3i.A125,A125,2955522089,ns=2;s=Channel2.RX3i.A126,A126,2956832829,2025-02-13 15:44:20.493,0.0,0.0,85.5
17,ns=2;s=Channel2.RX3i.A127,A127,3492065366,ns=2;s=Channel2.RX3i.A128,A128,4027764784,2025-02-13 15:44:20.493,0.0,0.0,85.5
18,ns=2;s=Channel2.RX3i.A129,A129,3493851158,ns=2;s=Channel2.RX3i.A13,A13,2963075100,2025-02-13 15:44:20.493,0.0,16.7,85.5
19,ns=2;s=Channel2.RX3i.A130,A130,3495415898,ns=2;s=Channel2.RX3i.A131,A131,4029141091,2025-02-13 15:44:20.493,0.0,0.0,85.5
20,ns=2;s=Channel2.RX3i.A132,A132,2966941739,ns=2;s=Channel2.RX3i.A133,A133,2968367344,2025-02-13 15:44:20.493,0.0,0.0,85.5
21,ns=2;s=Channel2.RX3i.A134,A134,2969940225,ns=2;s=Channel2.RX3i.A135,A135,3764826393,2025-02-13 15:44:20.493,0.0,0.0,85.5
22,ns=2;s=Channel2.RX3i.A136,A136,3765362798,ns=2;s=Channel2.RX3i.A137,A137,3501383800,2025-02-13 15:44:20.493,0.0,0.0,85.5
23,ns=2;s=Channel2.RX3i.A138,A138,3502231742,ns=2;s=Channel2.RX3i.A139,A139,2147537102,2025-02-13 15:44:20.493,0.0,0.0,85.5
24,ns=2;s=Channel2.RX3i.A14,A14,2712842631,ns=2;s=Channel2.RX3i.A140,A140,4031741952,2025-02-13 15:44:20.493,0.0,0.0,85.5
25,ns=2;s=Channel2.RX3i.A141,A141,2981097555,ns=2;s=Channel2.RX3i.A142,A142,2717954504,2025-02-13 15:44:20.493,0.0,50.0,85.5
1,ns=2;s=Channel2.RX3i.A1,A1,3513512057,ns=2;s=Channel2.RX3i.A10,A10,3514225013,2025-02-13 15:44:27.559,5.475,8.2,86.0
2,ns=2;s=Channel2.RX3i.A100,A100,3514880387,ns=2;s=Channel2.RX3i.A1000,A1000,3515871366,2025-02-13 15:44:27.559,5.475,0.0,86.0
3,ns=2;s=Channel2.RX3i.A101,A101,4035957147,ns=2;s=Channel2.RX3i.A102,A102,3001020563,2025-02-13 15:44:27.559,5.475,0.0,86.0
4,ns=2;s=Channel2.RX3i.A103,A103,45816,ns=2;s=Channel2.RX3i.A104,A104,3003973632,2025-02-13 15:44:27.559,5.475,0.0,86.0
5,ns=2;s=Channel2.RX3i.A105,A105,3778589478,ns=2;s=Channel2.RX3i.A106,A106,3779125568,2025-02-13 15:44:27.559,5.475,0.0,86.0
6,ns=2;s=Channel2.RX3i.A107,A107,3521831240,ns=2;s=Channel2.RX3i.A108,A108,3522875897,2025-02-13 15:44:27.559,5.475,0.0,86.0
7,ns=2;s=Channel2.RX3i.A109,A109,2147537414,ns=2;s=Channel2.RX3i.A11,A11,2147537426,2025-02-13 15:44:27.559,5.475,0.0,86.0
8,ns=2;s=Channel2.RX3i.A110,A110,4038557696,ns=2;s=Channel2.RX3i.A111,A111,3015504060,2025-02-13 15:44:27.559,5.475,14.3,86.0
9,ns=2;s=Channel2.RX3i.A112,A112,2758849488,ns=2;s=Channel2.RX3i.A113,A113,3017778312,2025-02-13 15:44:27.559,5.475,0.0,86.0
10,ns=2;s=Channel2.RX3i.A114,A114,3018044408,ns=2;s=Channel2.RX3i.A115,A115,3020731383,2025-02-13 15:44:27.559,5.475,75.0,86.0
11,ns=2;s=Channel2.RX3i.A116,A116,3022042144,ns=2;s=Channel2.RX3i.A117,A117,3023680569,2025-02-13 15:44:27.559,5.475,12.5,86.0
12,ns=2;s=Channel2.RX3i.A118,A118,3024991309,ns=2;s=Channel2.RX3i.A119,A119,3026629734,2025-02-13 15:44:27.559,5.475,0.0,86.0
13,ns=2;s=Channel2.RX3i.A12,A12,4041441280,ns=2;s=Channel2.RX3i.A120,A120,3029251214,2025-02-13 15:44:27.559,5.475,12.5,86.0
14,ns=2;s=Channel2.RX3i.A121,A121,3030889639,ns=2;s=Channel2.RX3i.A122,A122,3032200379,2025-02-13 15:44:27.559,5.475,0.0,86.0
15,ns=2;s=Channel2.RX3i.A123,A123,3033511119,ns=2;s=Channel2.RX3i.A124,A124,3035149544,2025-02-13 15:44:27.559,5.475,14.3,86.0
16,ns=2;s=Channel2.RX3i.A125,A125,3036460284,ns=2;s=Channel2.RX3i.A126,A126,3037771024,2025-02-13 15:44:27.559,5.475,100.0,86.0
17,ns=2;s=Channel2.RX3i.A127,A127,3540628777,ns=2;s=Channel2.RX3i.A128,A128,4043952917,2025-02-13 15:44:27.559,5.475,0.0,86.0
18,ns=2;s=Channel2.RX3i.A129,A129,3542413581,ns=2;s=Channel2.RX3i.A13,A13,3044012307,2025-02-13 15:44:27.559,5.475,11.1,86.0
19,ns=2;s=Channel2.RX3i.A130,A130,3543978815,ns=2;s=Channel2.RX3i.A131,A131,4045329224,2025-02-13 15:44:27.559,5.475,0.0,86.0
20,ns=2;s=Channel2.RX3i.A132,A132,3047878946,ns=2;s=Channel2.RX3i.A133,A133,3049305539,2025-02-13 15:44:27.559,5.475,0.0,86.0
21,ns=2;s=Channel2.RX3i.A134,A134,3050878420,ns=2;s=Channel2.RX3i.A135,A135,3797202412,2025-02-13 15:44:27.559,5.475,0.0,86.0
22,ns=2;s=Channel2.RX3i.A136,A136,3797869150,ns=2;s=Channel2.RX3i.A137,A137,3549946470,2025-02-13 15:44:27.559,5.475,50.0,86.0
23,ns=2;s=Channel2.RX3i.A138,A138,3550991270,ns=2;s=Channel2.RX3i.A139,A139,2147537846,2025-02-13 15:44:27.559,5.475,16.7,86.0
24,ns=2;s=Channel2.RX3i.A14,A14,2810361439,ns=2;s=Channel2.RX3i.A140,A140,4048060416,2025-02-13 15:44:27.559,5.475,0.0,86.0
25,ns=2;s=Channel2.RX3i.A141,A141,3062690124,ns=2;s=Channel2.RX3i.A142,A142,2815866533,2025-02-13 15:44:27.559,5.475,14.3,86.0
1,ns=2;s=Channel2.RX3i.A1,A1,3513512057,ns=2;s=Channel2.RX3i.A10,A10,3514225013,2025-02-13 15:44:27.559,7.066,8.2,86.0
2,ns=2;s=Channel2.RX3i.A100,A100,3514880387,ns=2;s=Channel2.RX3i.A1000,A1000,3515871366,2025-02-13 15:44:27.559,7.066,0.0,86.0
3,ns=2;s=Channel2.RX3i.A101,A101,4035957147,ns=2;s=Channel2.RX3i.A102,A102,3001020563,2025-02-13 15:44:27.559,7.066,0.0,86.0
4,ns=2;s=Channel2.RX3i.A103,A103,45816,ns=2;s=Channel2.RX3i.A104,A104,3003973632,2025-02-13 15:44:27.559,7.066,0.0,86.0
5,ns=2;s=Channel2.RX3i.A105,A105,3778589478,ns=2;s=Channel2.RX3i.A106,A106,3779125568,2025-02-13 15:44:27.559,7.066,0.0,86.0
6,ns=2;s=Channel2.RX3i.A107,A107,3521831240,ns=2;s=Channel2.RX3i.A108,A108,3522875897,2025-02-13 15:44:27.559,7.066,0.0,86.0
7,ns=2;s=Channel2.RX3i.A109,A109,2147537414,ns=2;s=Channel2.RX3i.A11,A11,2147537426,2025-02-13 15:44:27.559,7.066,0.0,86.0
8,ns=2;s=Channel2.RX3i.A110,A110,4038557696,ns=2;s=Channel2.RX3i.A111,A111,3015504060,2025-02-13 15:44:27.559,7.066,25.0,86.0
9,ns=2;s=Channel2.RX3i.A112,A112,2758849488,ns=2;s=Channel2.RX3i.A113,A113,3017778312,2025-02-13 15:44:27.559,7.066,0.0,86.0
10,ns=2;s=Channel2.RX3i.A114,A114,3018044408,ns=2;s=Channel2.RX3i.A115,A115,3020731383,2025-02-13 15:44:27.559,7.066,75.0,86.0
11,ns=2;s=Channel2.RX3i.A116,A116,3022042144,ns=2;s=Channel2.RX3i.A117,A117,3023680569,2025-02-13 15:44:27.559,7.066,12.5,86.0
12,ns=2;s=Channel2.RX3i.A118,A118,3024991309,ns=2;s=Channel2.RX3i.A119,A119,3026629734,2025-02-13 15:44:27.559,7.066,0.0,86.0
13,ns=2;s=Channel2.RX3i.A12,A12,4041441280,ns=2;s=Channel2.RX3i.A120,A120,3029251214,2025-02-13 15:44:27.559,7.066,12.5,86.0
14,ns=2;s=Channel2.RX3i.A121,A121,3030889639,ns=2;s=Channel2.RX3i.A122,A122,3032200379,2025-02-13 15:44:27.559,7.066,16.7,86.0
15,ns=2;s=Channel2.RX3i.A123,A123,3033511119,ns=2;s=Channel2.RX3i.A124,A124,3035149544,2025-02-13 15:44:27.559,7.066,50.0,86.0
16,ns=2;s=Channel2.RX3i.A125,A125,3036460284,ns=2;s=Channel2.RX3i.A126,A126,3037771024,2025-02-13 15:44:27.559,7.066,0.0,86.0
17,ns=2;s=Channel2.RX3i.A127,A127,3540628777,ns=2;s=Channel2.RX3i.A128,A128,4043952917,2025-02-13 15:44:27.559,7.066,0.0,86.0
18,ns=2;s=Channel2.RX3i.A129,A129,3542413581,ns=2;s=Channel2.RX3i.A13,A13,3044012307,2025-02-13 15:44:27.559,7.066,25.0,86.0
19,ns=2;s=Channel2.RX3i.A130,A130,3543978815,ns=2;s=Channel2.RX3i.A131,A131,4045329224,2025-02-13 15:44:27.559,7.066,0.0,86.0
20,ns=2;s=Channel2.RX3i.A132,A132,3047878946,ns=2;s=Channel2.RX3i.A133,A133,3049305539,2025-02-13 15:44:27.559,7.066,0.0,86.0
21,ns=2;s=Channel2.RX3i.A134,A134,3050878420,ns=2;s=Channel2.RX3i.A135,A135,3797202412,2025-02-13 15:44:27.559,7.066,0.0,86.0
22,ns=2;s=Channel2.RX3i.A136,A136,3797869150,ns=2;s=Channel2.RX3i.A137,A137,3549946470,2025-02-13 15:44:27.559,7.066,20.0,86.0
23,ns=2;s=Channel2.RX3i.A138,A138,3550991270,ns=2;s=Channel2.RX3i.A139,A139,2147537846,2025-02-13 15:44:27.559,7.066,33.3,86.0
24,ns=2;s=Channel2.RX3i.A14,A14,2810361439,ns=2;s=Channel2.RX3i.A140,A140,4048060416,2025-02-13 15:44:27.559,7.066,0.0,86.0
25,ns=2;s=Channel2.RX3i.A141,A141,3062690124,ns=2;s=Channel2.RX3i.A142,A142,2815866533,2025-02-13 15:44:27.559,7.066,50.0,86.0
1,ns=2;s=Channel2.RX3i.A1,A1,3564040570,ns=2;s=Channel2.RX3i.A10,A10,3564754040,2025-02-13 15:44:33.155,5.596,4.6,86.6
2,ns=2;s=Channel2.RX3i.A100,A100,3565409414,ns=2;s=Channel2.RX3i.A1000,A1000,3566399879,2025-02-13 15:44:33.155,5.596,45.5,86.6
3,ns=2;s=Channel2.RX3i.A101,A101,4052800670,ns=2;s=Channel2.RX3i.A102,A102,3085234580,2025-02-13 15:44:33.155,5.596,66.7,86.6
4,ns=2;s=Channel2.RX3i.A103,A103,47096,ns=2;s=Channel2.RX3i.A104,A104,3088187392,2025-02-13 15:44:33.155,5.596,0.0,86.6
5,ns=2;s=Channel2.RX3i.A105,A105,3812145190,ns=2;s=Channel2.RX3i.A106,A106,3812680512,2025-02-13 15:44:33.155,5.596,0.0,86.6
6,ns=2;s=Channel2.RX3i.A107,A107,3572360010,ns=2;s=Channel2.RX3i.A108,A108,3573208313,2025-02-13 15:44:33.155,5.596,50.0,86.6
7,ns=2;s=Channel2.RX3i.A109,A109,2147538182,ns=2;s=Channel2.RX3i.A11,A11,2147538194,2025-02-13 15:44:33.155,5.596,0.0,86.6
8,ns=2;s=Channel2.RX3i.A110,A110,4055400448,ns=2;s=Channel2.RX3i.A111,A111,3099390396,2025-02-13 15:44:33.155,5.596,14.3,86.6
9,ns=2;s=Channel2.RX3i.A112,A112,2859514064,ns=2;s=Channel2.RX3i.A113,A113,3101665928,2025-02-13 15:44:33.155,5.596,0.0,86.6
10,ns=2;s=Channel2.RX3i.A114,A114,3101931768,ns=2;s=Channel2.RX3i.A115,A115,3104618743,2025-02-13 15:44:33.155,5.596,0.0,86.6
11,ns=2;s=Channel2.RX3i.A116,A116,3105929504,ns=2;s=Channel2.RX3i.A117,A117,3107567929,2025-02-13 15:44:33.155,5.596,11.1,86.6
12,ns=2;s=Channel2.RX3i.A118,A118,3108878669,ns=2;s=Channel2.RX3i.A119,A119,3110517094,2025-02-13 15:44:33.155,5.596,50.0,86.6
13,ns=2;s=Channel2.RX3i.A12,A12,4058218496,ns=2;s=Channel2.RX3i.A120,A120,3113466259,2025-02-13 15:44:33.155,5.596,0.0,86.6
14,ns=2;s=Channel2.RX3i.A121,A121,3114776999,ns=2;s=Channel2.RX3i.A122,A122,3116087739,2025-02-13 15:44:33.155,5.596,0.0,86.6
15,ns=2;s=Channel2.RX3i.A123,A123,3117726164,ns=2;s=Channel2.RX3i.A124,A124,3119036904,2025-02-13 15:44:33.155,5.596,0.0,86.6
16,ns=2;s=Channel2.RX3i.A125,A125,3120347644,ns=2;s=Channel2.RX3i.A126,A126,3121658384,2025-02-13 15:44:33.155,5.596,0.0,86.6
17,ns=2;s=Channel2.RX3i.A127,A127,3590961705,ns=2;s=Channel2.RX3i.A128,A128,4060730901,2025-02-13 15:44:33.155,5.596,0.0,86.6
18,ns=2;s=Channel2.RX3i.A129,A129,3592942094,ns=2;s=Channel2.RX3i.A13,A13,3127898643,2025-02-13 15:44:33.155,5.596,0.0,86.6
19,ns=2;s=Channel2.RX3i.A130,A130,3594507842,ns=2;s=Channel2.RX3i.A131,A131,4062172747,2025-02-13 15:44:33.155,5.596,0.0,86.6
20,ns=2;s=Channel2.RX3i.A132,A132,3132092963,ns=2;s=Channel2.RX3i.A133,A133,3133192899,2025-02-13 15:44:33.155,5.596,25.0,86.6
21,ns=2;s=Channel2.RX3i.A134,A134,3135093465,ns=2;s=Channel2.RX3i.A135,A135,3830889201,2025-02-13 15:44:33.155,5.596,0.0,86.6
22,ns=2;s=Channel2.RX3i.A136,A136,3831424094,ns=2;s=Channel2.RX3i.A137,A137,3600278630,2025-02-13 15:44:33.155,5.596,12.5,86.6
23,ns=2;s=Channel2.RX3i.A138,A138,3601323686,ns=2;s=Channel2.RX3i.A139,A139,2147538611,2025-02-13 15:44:33.155,5.596,0.0,86.6
24,ns=2;s=Channel2.RX3i.A14,A14,2911026015,ns=2;s=Channel2.RX3i.A140,A140,4064772096,2025-02-13 15:44:33.155,5.596,11.1,86.6
25,ns=2;s=Channel2.RX3i.A141,A141,3146248779,ns=2;s=Channel2.RX3i.A142,A142,2916137888,2025-02-13 15:44:33.155,5.596,40.0,86.6
1,ns=2;s=Channel2.RX3i.A1,A1,3564040570,ns=2;s=Channel2.RX3i.A10,A10,3564754040,2025-02-13 15:44:33.154,5.596,4.6,86.6
2,ns=2;s=Channel2.RX3i.A100,A100,3565409414,ns=2;s=Channel2.RX3i.A1000,A1000,3566399879,2025-02-13 15:44:33.154,5.596,55.6,86.6
3,ns=2;s=Channel2.RX3i.A101,A101,4052800670,ns=2;s=Channel2.RX3i.A102,A102,3085234580,2025-02-13 15:44:33.154,5.596,0.0,86.6
4,ns=2;s=Channel2.RX3i.A103,A103,47096,ns=2;s=Channel2.RX3i.A104,A104,3088187392,2025-02-13 15:44:33.154,5.596,22.2,86.6
5,ns=2;s=Channel2.RX3i.A105,A105,3812145190,ns=2;s=Channel2.RX3i.A106,A106,3812680512,2025-02-13 15:44:33.154,5.596,0.0,86.6
6,ns=2;s=Channel2.RX3i.A107,A107,3572360010,ns=2;s=Channel2.RX3i.A108,A108,3573208313,2025-02-13 15:44:33.154,5.596,50.0,86.6
7,ns=2;s=Channel2.RX3i.A109,A109,2147538182,ns=2;s=Channel2.RX3i.A11,A11,2147538194,2025-02-13 15:44:33.154,5.596,0.0,86.6
8,ns=2;s=Channel2.RX3i.A110,A110,4055400448,ns=2;s=Channel2.RX3i.A111,A111,3099390396,2025-02-13 15:44:33.154,5.596,12.5,86.6
9,ns=2;s=Channel2.RX3i.A112,A112,2859514064,ns=2;s=Channel2.RX3i.A113,A113,3101665928,2025-02-13 15:44:33.154,5.596,0.0,86.6
10,ns=2;s=Channel2.RX3i.A114,A114,3101931768,ns=2;s=Channel2.RX3i.A115,A115,3104618743,2025-02-13 15:44:33.154,5.596,0.0,86.6
11,ns=2;s=Channel2.RX3i.A116,A116,3105929504,ns=2;s=Channel2.RX3i.A117,A117,3107567929,2025-02-13 15:44:33.154,5.596,10.0,86.6
12,ns=2;s=Channel2.RX3i.A118,A118,3108878669,ns=2;s=Channel2.RX3i.A119,A119,3110517094,2025-02-13 15:44:33.154,5.596,100.0,86.6
13,ns=2;s=Channel2.RX3i.A12,A12,4058218496,ns=2;s=Channel2.RX3i.A120,A120,3113466259,2025-02-13 15:44:33.154,5.596,0.0,86.6
14,ns=2;s=Channel2.RX3i.A121,A121,3114776999,ns=2;s=Channel2.RX3i.A122,A122,3116087739,2025-02-13 15:44:33.154,5.596,0.0,86.6
15,ns=2;s=Channel2.RX3i.A123,A123,3117726164,ns=2;s=Channel2.RX3i.A124,A124,3119036904,2025-02-13 15:44:33.154,5.596,0.0,86.6
16,ns=2;s=Channel2.RX3i.A125,A125,3120347644,ns=2;s=Channel2.RX3i.A126,A126,3121658384,2025-02-13 15:44:33.154,5.596,0.0,86.6
17,ns=2;s=Channel2.RX3i.A127,A127,3590961705,ns=2;s=Channel2.RX3i.A128,A128,4060730901,2025-02-13 15:44:33.154,5.596,0.0,86.6
18,ns=2;s=Channel2.RX3i.A129,A129,3592942094,ns=2;s=Channel2.RX3i.A13,A13,3127898643,2025-02-13 15:44:33.154,5.596,0.0,86.6
19,ns=2;s=Channel2.RX3i.A130,A130,3594507842,ns=2;s=Channel2.RX3i.A131,A131,4062172747,2025-02-13 15:44:33.154,5.596,0.0,86.6
20,ns=2;s=Channel2.RX3i.A132,A132,3132092963,ns=2;s=Channel2.RX3i.A133,A133,3133192899,2025-02-13 15:44:33.154,5.596,28.6,86.6
21,ns=2;s=Channel2.RX3i.A134,A134,3135093465,ns=2;s=Channel2.RX3i.A135,A135,3830889201,2025-02-13 15:44:33.154,5.596,0.0,86.6
22,ns=2;s=Channel2.RX3i.A136,A136,3831424094,ns=2;s=Channel2.RX3i.A137,A137,3600278630,2025-02-13 15:44:33.154,5.596,16.7,86.6
23,ns=2;s=Channel2.RX3i.A138,A138,3601323686,ns=2;s=Channel2.RX3i.A139,A139,2147538611,2025-02-13 15:44:33.154,5.596,12.5,86.6
24,ns=2;s=Channel2.RX3i.A14,A14,2911026015,ns=2;s=Channel2.RX3i.A140,A140,4064772096,2025-02-13 15:44:33.154,5.596,0.0,86.6
25,ns=2;s=Channel2.RX3i.A141,A141,3146248779,ns=2;s=Channel2.RX3i.A142,A142,2916137888,2025-02-13 15:44:33.154,5.596,28.6,86.6
1,ns=2;s=Channel2.RX3i.A1,A1,3613586038,ns=2;s=Channel2.RX3i.A10,A10,3614300012,2025-02-13 15:44:38.654,5.499,4.8,86.3
2,ns=2;s=Channel2.RX3i.A100,A100,3615151997,ns=2;s=Channel2.RX3i.A1000,A1000,3616141956,2025-02-13 15:44:38.654,5.499,0.0,86.3
3,ns=2;s=Channel2.RX3i.A101,A101,4069316498,ns=2;s=Channel2.RX3i.A102,A102,3168137873,2025-02-13 15:44:38.654,5.499,0.0,86.3
4,ns=2;s=Channel2.RX3i.A103,A103,48361,ns=2;s=Channel2.RX3i.A104,A104,3170762752,2025-02-13 15:44:38.654,5.499,0.0,86.3
5,ns=2;s=Channel2.RX3i.A105,A105,3845307671,ns=2;s=Channel2.RX3i.A106,A106,3845842234,2025-02-13 15:44:38.654,5.499,0.0,86.3
6,ns=2;s=Channel2.RX3i.A107,A107,3621905730,ns=2;s=Channel2.RX3i.A108,A108,3622950896,2025-02-13 15:44:38.654,5.499,33.3,86.3
7,ns=2;s=Channel2.RX3i.A109,A109,2147538944,ns=2;s=Channel2.RX3i.A11,A11,2147538956,2025-02-13 15:44:38.654,5.499,0.0,86.3
8,ns=2;s=Channel2.RX3i.A110,A110,4072046592,ns=2;s=Channel2.RX3i.A111,A111,3182621370,2025-02-13 15:44:38.654,5.499,16.7,86.3
9,ns=2;s=Channel2.RX3i.A112,A112,2959785419,ns=2;s=Channel2.RX3i.A113,A113,3185553544,2025-02-13 15:44:38.654,5.499,0.0,86.3
10,ns=2;s=Channel2.RX3i.A114,A114,3185491443,ns=2;s=Channel2.RX3i.A115,A115,3188506103,2025-02-13 15:44:38.654,5.499,33.3,86.3
11,ns=2;s=Channel2.RX3i.A116,A116,3189816864,ns=2;s=Channel2.RX3i.A117,A117,3191455289,2025-02-13 15:44:38.654,5.499,16.7,86.3
12,ns=2;s=Channel2.RX3i.A118,A118,3192766029,ns=2;s=Channel2.RX3i.A119,A119,3194404454,2025-02-13 15:44:38.654,5.499,0.0,86.3
13,ns=2;s=Channel2.RX3i.A12,A12,4074995712,ns=2;s=Channel2.RX3i.A120,A120,3197025934,2025-02-13 15:44:38.654,5.499,16.7,86.3
14,ns=2;s=Channel2.RX3i.A121,A121,3198336674,ns=2;s=Channel2.RX3i.A122,A122,3199975099,2025-02-13 15:44:38.654,5.499,0.0,86.3
15,ns=2;s=Channel2.RX3i.A123,A123,3201285839,ns=2;s=Channel2.RX3i.A124,A124,3202924264,2025-02-13 15:44:38.654,5.499,50.0,86.3
16,ns=2;s=Channel2.RX3i.A125,A125,3204235004,ns=2;s=Channel2.RX3i.A126,A126,3205873429,2025-02-13 15:44:38.654,5.499,14.3,86.3
17,ns=2;s=Channel2.RX3i.A127,A127,3641294633,ns=2;s=Channel2.RX3i.A128,A128,4077508885,2025-02-13 15:44:38.654,5.499,25.0,86.3
18,ns=2;s=Channel2.RX3i.A129,A129,3643077389,ns=2;s=Channel2.RX3i.A13,A13,3211784979,2025-02-13 15:44:38.654,5.499,0.0,86.3
19,ns=2;s=Channel2.RX3i.A130,A130,3644643647,ns=2;s=Channel2.RX3i.A131,A131,4078950731,2025-02-13 15:44:38.654,5.499,50.0,86.3
20,ns=2;s=Channel2.RX3i.A132,A132,3215979299,ns=2;s=Channel2.RX3i.A133,A133,3217407944,2025-02-13 15:44:38.654,5.499,0.0,86.3
21,ns=2;s=Channel2.RX3i.A134,A134,3218980825,ns=2;s=Channel2.RX3i.A135,A135,3864444913,2025-02-13 15:44:38.654,5.499,14.3,86.3
22,ns=2;s=Channel2.RX3i.A136,A136,3865110112,ns=2;s=Channel2.RX3i.A137,A137,3650807400,2025-02-13 15:44:38.654,5.499,0.0,86.3
23,ns=2;s=Channel2.RX3i.A138,A138,3651656102,ns=2;s=Channel2.RX3i.A139,A139,2157238710,2025-02-13 15:44:38.654,5.499,25.0,86.3
24,ns=2;s=Channel2.RX3i.A14,A14,3011690591,ns=2;s=Channel2.RX3i.A140,A140,4081549540,2025-02-13 15:44:38.654,5.499,16.7,86.3
25,ns=2;s=Channel2.RX3i.A141,A141,3230135115,ns=2;s=Channel2.RX3i.A142,A142,3016802464,2025-02-13 15:44:38.654,5.499,50.0,86.3
1,ns=2;s=Channel2.RX3i.A1,A1,3613586038,ns=2;s=Channel2.RX3i.A10,A10,3614300012,2025-02-13 15:44:38.667,5.512,4.8,86.3
2,ns=2;s=Channel2.RX3i.A100,A100,3615151997,ns=2;s=Channel2.RX3i.A1000,A1000,3616141956,2025-02-13 15:44:38.667,5.512,0.0,86.3
3,ns=2;s=Channel2.RX3i.A101,A101,4069316498,ns=2;s=Channel2.RX3i.A102,A102,3168137873,2025-02-13 15:44:38.667,5.512,0.0,86.3
4,ns=2;s=Channel2.RX3i.A103,A103,48361,ns=2;s=Channel2.RX3i.A104,A104,3170762752,2025-02-13 15:44:38.667,5.512,0.0,86.3
5,ns=2;s=Channel2.RX3i.A105,A105,3845307671,ns=2;s=Channel2.RX3i.A106,A106,3845842234,2025-02-13 15:44:38.667,5.512,0.0,86.3
6,ns=2;s=Channel2.RX3i.A107,A107,3621905730,ns=2;s=Channel2.RX3i.A108,A108,3622950896,2025-02-13 15:44:38.667,5.512,33.3,86.3
7,ns=2;s=Channel2.RX3i.A109,A109,2147538944,ns=2;s=Channel2.RX3i.A11,A11,2147538956,2025-02-13 15:44:38.667,5.512,14.3,86.3
8,ns=2;s=Channel2.RX3i.A110,A110,4072046592,ns=2;s=Channel2.RX3i.A111,A111,3182621370,2025-02-13 15:44:38.667,5.512,0.0,86.3
9,ns=2;s=Channel2.RX3i.A112,A112,2959785419,ns=2;s=Channel2.RX3i.A113,A113,3185553544,2025-02-13 15:44:38.667,5.512,14.3,86.3
10,ns=2;s=Channel2.RX3i.A114,A114,3185491443,ns=2;s=Channel2.RX3i.A115,A115,3188506103,2025-02-13 15:44:38.667,5.512,33.3,86.3
11,ns=2;s=Channel2.RX3i.A116,A116,3189816864,ns=2;s=Channel2.RX3i.A117,A117,3191455289,2025-02-13 15:44:38.667,5.512,0.0,86.3
12,ns=2;s=Channel2.RX3i.A118,A118,3192766029,ns=2;s=Channel2.RX3i.A119,A119,3194404454,2025-02-13 15:44:38.667,5.512,12.5,86.3
13,ns=2;s=Channel2.RX3i.A12,A12,4074995712,ns=2;s=Channel2.RX3i.A120,A120,3197025934,2025-02-13 15:44:38.667,5.512,0.0,86.3
14,ns=2;s=Channel2.RX3i.A121,A121,3198336674,ns=2;s=Channel2.RX3i.A122,A122,3199975099,2025-02-13 15:44:38.667,5.512,12.5,86.3
15,ns=2;s=Channel2.RX3i.A123,A123,3201285839,ns=2;s=Channel2.RX3i.A124,A124,3202924264,2025-02-13 15:44:38.667,5.512,14.3,86.3
16,ns=2;s=Channel2.RX3i.A125,A125,3204235004,ns=2;s=Channel2.RX3i.A126,A126,3205873429,2025-02-13 15:44:38.667,5.512,100.0,86.3
17,ns=2;s=Channel2.RX3i.A127,A127,3641294633,ns=2;s=Channel2.RX3i.A128,A128,4077508885,2025-02-13 15:44:38.667,5.512,12.5,86.3
18,ns=2;s=Channel2.RX3i.A129,A129,3643077389,ns=2;s=Channel2.RX3i.A13,A13,3211784979,2025-02-13 15:44:38.667,5.512,0.0,86.3
19,ns=2;s=Channel2.RX3i.A130,A130,3644643647,ns=2;s=Channel2.RX3i.A131,A131,4078950731,2025-02-13 15:44:38.667,5.512,12.5,86.3
20,ns=2;s=Channel2.RX3i.A132,A132,3215979299,ns=2;s=Channel2.RX3i.A133,A133,3217407944,2025-02-13 15:44:38.667,5.512,0.0,86.3
21,ns=2;s=Channel2.RX3i.A134,A134,3218980825,ns=2;s=Channel2.RX3i.A135,A135,3864444913,2025-02-13 15:44:38.667,5.512,12.5,86.3
22,ns=2;s=Channel2.RX3i.A136,A136,3865110112,ns=2;s=Channel2.RX3i.A137,A137,3650807400,2025-02-13 15:44:38.667,5.512,16.7,86.3
23,ns=2;s=Channel2.RX3i.A138,A138,3651656102,ns=2;s=Channel2.RX3i.A139,A139,2157238710,2025-02-13 15:44:38.667,5.512,50.0,86.3
24,ns=2;s=Channel2.RX3i.A14,A14,3011690591,ns=2;s=Channel2.RX3i.A140,A140,4081549540,2025-02-13 15:44:38.667,5.512,14.3,86.3
25,ns=2;s=Channel2.RX3i.A141,A141,3230135115,ns=2;s=Channel2.RX3i.A142,A142,3016802464,2025-02-13 15:44:38.667,5.512,100.0,86.3
1,ns=2;s=Channel2.RX3i.A1,A1,3663917942,ns=2;s=Channel2.RX3i.A10,A10,3664829039,2025-02-13 15:44:44.228,5.574,6.5,85.0
2,ns=2;s=Channel2.RX3i.A100,A100,3665484413,ns=2;s=Channel2.RX3i.A1000,A1000,3666670469,2025-02-13 15:44:44.228,5.574,0.0,85.0
3,ns=2;s=Channel2.RX3i.A101,A101,4086160021,ns=2;s=Channel2.RX3i.A102,A102,3252024209,2025-02-13 15:44:44.228,5.574,0.0,85.0
4,ns=2;s=Channel2.RX3i.A103,A103,49646,ns=2;s=Channel2.RX3i.A104,A104,3254976512,2025-02-13 15:44:44.228,5.574,0.0,85.0
5,ns=2;s=Channel2.RX3i.A105,A105,3878994460,ns=2;s=Channel2.RX3i.A106,A106,3879528252,2025-02-13 15:44:44.228,5.574,14.3,85.0
6,ns=2;s=Channel2.RX3i.A107,A107,3672434500,ns=2;s=Channel2.RX3i.A108,A108,3673283312,2025-02-13 15:44:44.228,5.574,0.0,85.0
7,ns=2;s=Channel2.RX3i.A109,A109,2229328640,ns=2;s=Channel2.RX3i.A11,A11,2231950092,2025-02-13 15:44:44.228,5.574,0.0,85.0
8,ns=2;s=Channel2.RX3i.A110,A110,4088759600,ns=2;s=Channel2.RX3i.A111,A111,3266180025,2025-02-13 15:44:44.228,5.574,20.0,85.0
9,ns=2;s=Channel2.RX3i.A112,A112,3060056774,ns=2;s=Channel2.RX3i.A113,A113,3268785788,2025-02-13 15:44:44.228,5.574,0.0,85.0
10,ns=2;s=Channel2.RX3i.A114,A114,3268723433,ns=2;s=Channel2.RX3i.A115,A115,3271410408,2025-02-13 15:44:44.228,5.574,12.5,85.0
11,ns=2;s=Channel2.RX3i.A116,A116,3272721169,ns=2;s=Channel2.RX3i.A117,A117,3274359594,2025-02-13 15:44:44.228,5.574,25.0,85.0
12,ns=2;s=Channel2.RX3i.A118,A118,3275670334,ns=2;s=Channel2.RX3i.A119,A119,3276981074,2025-02-13 15:44:44.228,5.574,25.0,84.9
13,ns=2;s=Channel2.RX3i.A12,A12,4091578078,ns=2;s=Channel2.RX3i.A120,A120,3280257924,2025-02-13 15:44:44.228,5.574,14.3,84.9
14,ns=2;s=Channel2.RX3i.A121,A121,3281568664,ns=2;s=Channel2.RX3i.A122,A122,3282879404,2025-02-13 15:44:44.228,5.574,33.3,84.9
15,ns=2;s=Channel2.RX3i.A123,A123,3284190144,ns=2;s=Channel2.RX3i.A124,A124,3285828569,2025-02-13 15:44:44.228,5.574,0.0,84.9
16,ns=2;s=Channel2.RX3i.A125,A125,3287139309,ns=2;s=Channel2.RX3i.A126,A126,3288450049,2025-02-13 15:44:44.228,5.574,0.0,84.9
17,ns=2;s=Channel2.RX3i.A127,A127,3691037722,ns=2;s=Channel2.RX3i.A128,A128,4094090252,2025-02-13 15:44:44.228,5.574,50.0,84.9
18,ns=2;s=Channel2.RX3i.A129,A129,3692819466,ns=2;s=Channel2.RX3i.A13,A13,3294688272,2025-02-13 15:44:44.228,5.574,16.7,84.9
19,ns=2;s=Channel2.RX3i.A130,A130,3694386230,ns=2;s=Channel2.RX3i.A131,A131,4095532098,2025-02-13 15:44:44.228,5.574,12.5,84.9
20,ns=2;s=Channel2.RX3i.A132,A132,3298882592,ns=2;s=Channel2.RX3i.A133,A133,3299984564,2025-02-13 15:44:44.228,5.574,0.0,84.9
21,ns=2;s=Channel2.RX3i.A134,A134,3301885130,ns=2;s=Channel2.RX3i.A135,A135,3897607394,2025-02-13 15:44:44.228,5.574,0.0,84.9
22,ns=2;s=Channel2.RX3i.A136,A136,3898140760,ns=2;s=Channel2.RX3i.A137,A137,3700549730,2025-02-13 15:44:44.228,5.574,0.0,84.9
23,ns=2;s=Channel2.RX3i.A138,A138,3701398685,ns=2;s=Channel2.RX3i.A139,A139,2323045549,2025-02-13 15:44:44.228,5.574,14.3,84.9
24,ns=2;s=Channel2.RX3i.A14,A14,3111175504,ns=2;s=Channel2.RX3i.A140,A140,4098198224,2025-02-13 15:44:44.228,5.574,0.0,84.9
25,ns=2;s=Channel2.RX3i.A141,A141,3313366089,ns=2;s=Channel2.RX3i.A142,A142,3116287377,2025-02-13 15:44:44.228,5.574,14.3,84.9
1,ns=2;s=Channel2.RX3i.A1,A1,3663917942,ns=2;s=Channel2.RX3i.A10,A10,3664829039,2025-02-13 15:44:44.234,5.567,6.5,85.0
2,ns=2;s=Channel2.RX3i.A100,A100,3665484413,ns=2;s=Channel2.RX3i.A1000,A1000,3666670469,2025-02-13 15:44:44.234,5.567,0.0,85.0
3,ns=2;s=Channel2.RX3i.A101,A101,4086160021,ns=2;s=Channel2.RX3i.A102,A102,3252024209,2025-02-13 15:44:44.234,5.567,0.0,85.0
4,ns=2;s=Channel2.RX3i.A103,A103,49646,ns=2;s=Channel2.RX3i.A104,A104,3254976512,2025-02-13 15:44:44.234,5.567,0.0,85.0
5,ns=2;s=Channel2.RX3i.A105,A105,3878994460,ns=2;s=Channel2.RX3i.A106,A106,3879528252,2025-02-13 15:44:44.234,5.567,14.3,85.0
6,ns=2;s=Channel2.RX3i.A107,A107,3672434500,ns=2;s=Channel2.RX3i.A108,A108,3673283312,2025-02-13 15:44:44.234,5.567,0.0,85.0
7,ns=2;s=Channel2.RX3i.A109,A109,2229328640,ns=2;s=Channel2.RX3i.A11,A11,2231950092,2025-02-13 15:44:44.234,5.567,0.0,85.0
8,ns=2;s=Channel2.RX3i.A110,A110,4088759600,ns=2;s=Channel2.RX3i.A111,A111,3266180025,2025-02-13 15:44:44.234,5.567,20.0,85.0
9,ns=2;s=Channel2.RX3i.A112,A112,3060056774,ns=2;s=Channel2.RX3i.A113,A113,3268785788,2025-02-13 15:44:44.234,5.567,0.0,85.0
10,ns=2;s=Channel2.RX3i.A114,A114,3268723433,ns=2;s=Channel2.RX3i.A115,A115,3271410408,2025-02-13 15:44:44.234,5.567,12.5,85.0
11,ns=2;s=Channel2.RX3i.A116,A116,3272721169,ns=2;s=Channel2.RX3i.A117,A117,3274359594,2025-02-13 15:44:44.234,5.567,25.0,85.0
12,ns=2;s=Channel2.RX3i.A118,A118,3275670334,ns=2;s=Channel2.RX3i.A119,A119,3276981074,2025-02-13 15:44:44.234,5.567,25.0,84.9
13,ns=2;s=Channel2.RX3i.A12,A12,4091578078,ns=2;s=Channel2.RX3i.A120,A120,3280257924,2025-02-13 15:44:44.234,5.567,14.3,84.9
14,ns=2;s=Channel2.RX3i.A121,A121,3281568664,ns=2;s=Channel2.RX3i.A122,A122,3282879404,2025-02-13 15:44:44.234,5.567,28.6,84.9
15,ns=2;s=Channel2.RX3i.A123,A123,3284190144,ns=2;s=Channel2.RX3i.A124,A124,3285828569,2025-02-13 15:44:44.234,5.567,0.0,84.9
16,ns=2;s=Channel2.RX3i.A125,A125,3287139309,ns=2;s=Channel2.RX3i.A126,A126,3288450049,2025-02-13 15:44:44.234,5.567,0.0,84.9
17,ns=2;s=Channel2.RX3i.A127,A127,3691037722,ns=2;s=Channel2.RX3i.A128,A128,4094090252,2025-02-13 15:44:44.234,5.567,16.7,84.9
18,ns=2;s=Channel2.RX3i.A129,A129,3692819466,ns=2;s=Channel2.RX3i.A13,A13,3294688272,2025-02-13 15:44:44.234,5.567,16.7,84.9
19,ns=2;s=Channel2.RX3i.A130,A130,3694386230,ns=2;s=Channel2.RX3i.A131,A131,4095532098,2025-02-13 15:44:44.234,5.567,0.0,84.9
20,ns=2;s=Channel2.RX3i.A132,A132,3298882592,ns=2;s=Channel2.RX3i.A133,A133,3299984564,2025-02-13 15:44:44.234,5.567,12.5,84.9
21,ns=2;s=Channel2.RX3i.A134,A134,3301885130,ns=2;s=Channel2.RX3i.A135,A135,3897607394,2025-02-13 15:44:44.234,5.567,0.0,84.9
22,ns=2;s=Channel2.RX3i.A136,A136,3898140760,ns=2;s=Channel2.RX3i.A137,A137,3700549730,2025-02-13 15:44:44.234,5.567,0.0,84.9
23,ns=2;s=Channel2.RX3i.A138,A138,3701398685,ns=2;s=Channel2.RX3i.A139,A139,2323045549,2025-02-13 15:44:44.234,5.567,16.7,84.9
24,ns=2;s=Channel2.RX3i.A14,A14,3111175504,ns=2;s=Channel2.RX3i.A140,A140,4098198224,2025-02-13 15:44:44.234,5.567,0.0,84.9
25,ns=2;s=Channel2.RX3i.A141,A141,3313366089,ns=2;s=Channel2.RX3i.A142,A142,3116287377,2025-02-13 15:44:44.234,5.567,16.7,84.9
1,ns=2;s=Channel2.RX3i.A1,A1,3713660019,ns=2;s=Channel2.RX3i.A10,A10,3714375011,2025-02-13 15:44:49.736,5.508,4.5,85.0
2,ns=2;s=Channel2.RX3i.A100,A100,3715226996,ns=2;s=Channel2.RX3i.A1000,A1000,3716215937,2025-02-13 15:44:49.736,5.508,0.0,85.0
3,ns=2;s=Channel2.RX3i.A101,A101,4102675849,ns=2;s=Channel2.RX3i.A102,A102,3334927502,2025-02-13 15:44:49.736,5.508,12.5,85.0
4,ns=2;s=Channel2.RX3i.A103,A103,50906,ns=2;s=Channel2.RX3i.A104,A104,3337551872,2025-02-13 15:44:49.736,5.508,0.0,85.0
5,ns=2;s=Channel2.RX3i.A105,A105,3912025864,ns=2;s=Channel2.RX3i.A106,A106,3912689974,2025-02-13 15:44:49.736,5.508,0.0,85.0
6,ns=2;s=Channel2.RX3i.A107,A107,3722176830,ns=2;s=Channel2.RX3i.A108,A108,3723025895,2025-02-13 15:44:49.736,5.508,0.0,85.0
7,ns=2;s=Channel2.RX3i.A109,A109,2394480116,ns=2;s=Channel2.RX3i.A11,A11,2397756931,2025-02-13 15:44:49.736,5.508,0.0,85.0
8,ns=2;s=Channel2.RX3i.A110,A110,4105342738,ns=2;s=Channel2.RX3i.A111,A111,3349083318,2025-02-13 15:44:49.736,5.508,0.0,85.0
9,ns=2;s=Channel2.RX3i.A112,A112,3159148466,ns=2;s=Channel2.RX3i.A113,A113,3351690346,2025-02-13 15:44:49.736,5.508,12.5,85.0
10,ns=2;s=Channel2.RX3i.A114,A114,3351955423,ns=2;s=Channel2.RX3i.A115,A115,3354642398,2025-02-13 15:44:49.736,5.508,0.0,85.0
11,ns=2;s=Channel2.RX3i.A116,A116,3356280844,ns=2;s=Channel2.RX3i.A117,A117,3357591584,2025-02-13 15:44:49.736,5.508,0.0,85.0
12,ns=2;s=Channel2.RX3i.A118,A118,3359230009,ns=2;s=Channel2.RX3i.A119,A119,3360540749,2025-02-13 15:44:49.736,5.508,0.0,85.0
13,ns=2;s=Channel2.RX3i.A12,A12,4108226762,ns=2;s=Channel2.RX3i.A120,A120,3363162229,2025-02-13 15:44:49.736,5.508,0.0,85.0
14,ns=2;s=Channel2.RX3i.A121,A121,3364800654,ns=2;s=Channel2.RX3i.A122,A122,3366111394,2025-02-13 15:44:49.736,5.508,12.5,85.0
15,ns=2;s=Channel2.RX3i.A123,A123,3367749819,ns=2;s=Channel2.RX3i.A124,A124,3369060559,2025-02-13 15:44:49.736,5.508,0.0,85.0
16,ns=2;s=Channel2.RX3i.A125,A125,3370698984,ns=2;s=Channel2.RX3i.A126,A126,3372009724,2025-02-13 15:44:49.736,5.508,0.0,85.0
17,ns=2;s=Channel2.RX3i.A127,A127,3740977424,ns=2;s=Channel2.RX3i.A128,A128,4110802697,2025-02-13 15:44:49.736,5.508,0.0,85.0
18,ns=2;s=Channel2.RX3i.A129,A129,3742954761,ns=2;s=Channel2.RX3i.A13,A13,3377919246,2025-02-13 15:44:49.736,5.508,0.0,85.0
19,ns=2;s=Channel2.RX3i.A130,A130,3744522035,ns=2;s=Channel2.RX3i.A131,A131,4112179004,2025-02-13 15:44:49.736,5.508,0.0,85.0
20,ns=2;s=Channel2.RX3i.A132,A132,3382113566,ns=2;s=Channel2.RX3i.A133,A133,3383544239,2025-02-13 15:44:49.736,5.508,0.0,85.0
21,ns=2;s=Channel2.RX3i.A134,A134,3385444805,ns=2;s=Channel2.RX3i.A135,A135,3931032029,2025-02-13 15:44:49.736,5.508,12.5,85.0
22,ns=2;s=Channel2.RX3i.A136,A136,3931564630,ns=2;s=Channel2.RX3i.A137,A137,3750488670,2025-02-13 15:44:49.736,5.508,33.3,85.0
23,ns=2;s=Channel2.RX3i.A138,A138,3751534490,ns=2;s=Channel2.RX3i.A139,A139,2489507751,2025-02-13 15:44:49.736,5.508,0.0,85.0
24,ns=2;s=Channel2.RX3i.A14,A14,3211053638,ns=2;s=Channel2.RX3i.A140,A140,4114781362,2025-02-13 15:44:49.736,5.508,25.0,85.0
25,ns=2;s=Channel2.RX3i.A141,A141,3396597063,ns=2;s=Channel2.RX3i.A142,A142,3216165511,2025-02-13 15:44:49.736,5.508,0.0,85.0
1,ns=2;s=Channel2.RX3i.A1,A1,3713660019,ns=2;s=Channel2.RX3i.A10,A10,3714375011,2025-02-13 15:44:49.739,5.505,4.5,85.0
2,ns=2;s=Channel2.RX3i.A100,A100,3715226996,ns=2;s=Channel2.RX3i.A1000,A1000,3716215937,2025-02-13 15:44:49.739,5.505,0.0,85.0
3,ns=2;s=Channel2.RX3i.A101,A101,4102675849,ns=2;s=Channel2.RX3i.A102,A102,3334927502,2025-02-13 15:44:49.739,5.505,50.0,85.0
4,ns=2;s=Channel2.RX3i.A103,A103,50906,ns=2;s=Channel2.RX3i.A104,A104,3337551872,2025-02-13 15:44:49.739,5.505,0.0,85.0
5,ns=2;s=Channel2.RX3i.A105,A105,3912025864,ns=2;s=Channel2.RX3i.A106,A106,3912689974,2025-02-13 15:44:49.739,5.505,0.0,85.0
6,ns=2;s=Channel2.RX3i.A107,A107,3722176830,ns=2;s=Channel2.RX3i.A108,A108,3723025895,2025-02-13 15:44:49.739,5.505,0.0,85.0
7,ns=2;s=Channel2.RX3i.A109,A109,2394480116,ns=2;s=Channel2.RX3i.A11,A11,2397756931,2025-02-13 15:44:49.739,5.505,0.0,85.0
8,ns=2;s=Channel2.RX3i.A110,A110,4105342738,ns=2;s=Channel2.RX3i.A111,A111,3349083318,2025-02-13 15:44:49.739,5.505,0.0,85.0
9,ns=2;s=Channel2.RX3i.A112,A112,3159148466,ns=2;s=Channel2.RX3i.A113,A113,3351690346,2025-02-13 15:44:49.739,5.505,12.5,85.0
10,ns=2;s=Channel2.RX3i.A114,A114,3351955423,ns=2;s=Channel2.RX3i.A115,A115,3354642398,2025-02-13 15:44:49.739,5.505,0.0,85.0
11,ns=2;s=Channel2.RX3i.A116,A116,3356280844,ns=2;s=Channel2.RX3i.A117,A117,3357591584,2025-02-13 15:44:49.739,5.505,0.0,85.0
12,ns=2;s=Channel2.RX3i.A118,A118,3359230009,ns=2;s=Channel2.RX3i.A119,A119,3360540749,2025-02-13 15:44:49.739,5.505,0.0,85.0
13,ns=2;s=Channel2.RX3i.A12,A12,4108226762,ns=2;s=Channel2.RX3i.A120,A120,3363162229,2025-02-13 15:44:49.739,5.505,0.0,85.0
14,ns=2;s=Channel2.RX3i.A121,A121,3364800654,ns=2;s=Channel2.RX3i.A122,A122,3366111394,2025-02-13 15:44:49.739,5.505,50.0,85.0
15,ns=2;s=Channel2.RX3i.A123,A123,3367749819,ns=2;s=Channel2.RX3i.A124,A124,3369060559,2025-02-13 15:44:49.739,5.505,0.0,85.0
16,ns=2;s=Channel2.RX3i.A125,A125,3370698984,ns=2;s=Channel2.RX3i.A126,A126,3372009724,2025-02-13 15:44:49.739,5.505,0.0,85.0
17,ns=2;s=Channel2.RX3i.A127,A127,3740977424,ns=2;s=Channel2.RX3i.A128,A128,4110802697,2025-02-13 15:44:49.739,5.505,0.0,85.0
18,ns=2;s=Channel2.RX3i.A129,A129,3742954761,ns=2;s=Channel2.RX3i.A13,A13,3377919246,2025-02-13 15:44:49.739,5.505,0.0,85.0
19,ns=2;s=Channel2.RX3i.A130,A130,3744522035,ns=2;s=Channel2.RX3i.A131,A131,4112179004,2025-02-13 15:44:49.739,5.505,0.0,85.0
20,ns=2;s=Channel2.RX3i.A132,A132,3382113566,ns=2;s=Channel2.RX3i.A133,A133,3383544239,2025-02-13 15:44:49.739,5.505,11.1,85.0
21,ns=2;s=Channel2.RX3i.A134,A134,3385444805,ns=2;s=Channel2.RX3i.A135,A135,3931032029,2025-02-13 15:44:49.739,5.505,0.0,85.0
22,ns=2;s=Channel2.RX3i.A136,A136,3931564630,ns=2;s=Channel2.RX3i.A137,A137,3750488670,2025-02-13 15:44:49.739,5.505,12.5,85.0
23,ns=2;s=Channel2.RX3i.A138,A138,3751534490,ns=2;s=Channel2.RX3i.A139,A139,2489507751,2025-02-13 15:44:49.739,5.505,0.0,85.0
24,ns=2;s=Channel2.RX3i.A14,A14,3211053638,ns=2;s=Channel2.RX3i.A140,A140,4114781362,2025-02-13 15:44:49.739,5.505,25.0,85.0
25,ns=2;s=Channel2.RX3i.A141,A141,3396597063,ns=2;s=Channel2.RX3i.A142,A142,3216165511,2025-02-13 15:44:49.739,5.505,0.0,85.1
1,ns=2;s=Channel2.RX3i.A1,A1,3763598705,ns=2;s=Channel2.RX3i.A10,A10,3764314205,2025-02-13 15:44:55.260,5.523,4.8,84.8
2,ns=2;s=Channel2.RX3i.A100,A100,3765166190,ns=2;s=Channel2.RX3i.A1000,A1000,3766154623,2025-02-13 15:44:55.260,5.523,0.0,84.8
3,ns=2;s=Channel2.RX3i.A101,A101,4119322755,ns=2;s=Channel2.RX3i.A102,A102,3417830795,2025-02-13 15:44:55.260,5.523,14.3,84.8
4,ns=2;s=Channel2.RX3i.A103,A103,52176,ns=2;s=Channel2.RX3i.A104,A104,3420782592,2025-02-13 15:44:55.260,5.523,0.0,84.8
5,ns=2;s=Channel2.RX3i.A105,A105,3945188345,ns=2;s=Channel2.RX3i.A106,A106,3945851696,2025-02-13 15:44:55.260,5.523,22.2,84.8
6,ns=2;s=Channel2.RX3i.A107,A107,3771919160,ns=2;s=Channel2.RX3i.A108,A108,3772768478,2025-02-13 15:44:55.260,5.523,0.0,84.8
7,ns=2;s=Channel2.RX3i.A109,A109,2560286955,ns=2;s=Channel2.RX3i.A11,A11,2563563770,2025-02-13 15:44:55.260,5.523,0.0,84.8
8,ns=2;s=Channel2.RX3i.A110,A110,4121925876,ns=2;s=Channel2.RX3i.A111,A111,3432314292,2025-02-13 15:44:55.260,5.523,25.0,84.8
9,ns=2;s=Channel2.RX3i.A112,A112,3259026600,ns=2;s=Channel2.RX3i.A113,A113,3434594904,2025-02-13 15:44:55.260,5.523,0.0,84.8
10,ns=2;s=Channel2.RX3i.A114,A114,3434532043,ns=2;s=Channel2.RX3i.A115,A115,3437219018,2025-02-13 15:44:55.260,5.523,0.0,84.8
11,ns=2;s=Channel2.RX3i.A116,A116,3438857464,ns=2;s=Channel2.RX3i.A117,A117,3440495889,2025-02-13 15:44:55.260,5.523,0.0,84.8
12,ns=2;s=Channel2.RX3i.A118,A118,3441806629,ns=2;s=Channel2.RX3i.A119,A119,3443117369,2025-02-13 15:44:55.260,5.523,0.0,84.8
13,ns=2;s=Channel2.RX3i.A12,A12,4124809900,ns=2;s=Channel2.RX3i.A120,A120,3446066534,2025-02-13 15:44:55.260,5.523,16.7,84.8
14,ns=2;s=Channel2.RX3i.A121,A121,3447704959,ns=2;s=Channel2.RX3i.A122,A122,3449015699,2025-02-13 15:44:55.260,5.523,0.0,84.8
15,ns=2;s=Channel2.RX3i.A123,A123,3450326439,ns=2;s=Channel2.RX3i.A124,A124,3451637179,2025-02-13 15:44:55.260,5.523,0.0,84.8
16,ns=2;s=Channel2.RX3i.A125,A125,3453275604,ns=2;s=Channel2.RX3i.A126,A126,3454586344,2025-02-13 15:44:55.260,5.523,0.0,84.8
17,ns=2;s=Channel2.RX3i.A127,A127,3790523900,ns=2;s=Channel2.RX3i.A128,A128,4127318525,2025-02-13 15:44:55.260,5.523,0.0,84.8
18,ns=2;s=Channel2.RX3i.A129,A129,3792500229,ns=2;s=Channel2.RX3i.A13,A13,3460494858,2025-02-13 15:44:55.260,5.523,0.0,84.8
19,ns=2;s=Channel2.RX3i.A130,A130,3793871396,ns=2;s=Channel2.RX3i.A131,A131,4128629293,2025-02-13 15:44:55.260,5.523,0.0,84.8
20,ns=2;s=Channel2.RX3i.A132,A132,3464689178,ns=2;s=Channel2.RX3i.A133,A133,3465793174,2025-02-13 15:44:55.260,5.523,33.3,84.8
21,ns=2;s=Channel2.RX3i.A134,A134,3467366055,ns=2;s=Channel2.RX3i.A135,A135,3963932356,2025-02-13 15:44:55.260,5.523,0.0,84.8
22,ns=2;s=Channel2.RX3i.A136,A136,3964464204,ns=2;s=Channel2.RX3i.A137,A137,3799837780,2025-02-13 15:44:55.260,5.523,12.5,84.8
23,ns=2;s=Channel2.RX3i.A138,A138,3800883851,ns=2;s=Channel2.RX3i.A139,A139,2654003864,2025-02-13 15:44:55.260,5.523,0.0,84.8
24,ns=2;s=Channel2.RX3i.A14,A14,3310145330,ns=2;s=Channel2.RX3i.A140,A140,4131298954,2025-02-13 15:44:55.260,5.523,12.5,84.8
25,ns=2;s=Channel2.RX3i.A141,A141,3479172675,ns=2;s=Channel2.RX3i.A142,A142,3315257203,2025-02-13 15:44:55.260,5.523,16.7,84.8
1,ns=2;s=Channel2.RX3i.A1,A1,3763598705,ns=2;s=Channel2.RX3i.A10,A10,3764314205,2025-02-13 15:44:55.263,5.524,4.8,84.8
2,ns=2;s=Channel2.RX3i.A100,A100,3765166190,ns=2;s=Channel2.RX3i.A1000,A1000,3766154623,2025-02-13 15:44:55.263,5.524,0.0,84.8
3,ns=2;s=Channel2.RX3i.A101,A101,4119322755,ns=2;s=Channel2.RX3i.A102,A102,3417830795,2025-02-13 15:44:55.263,5.524,14.3,84.8
4,ns=2;s=Channel2.RX3i.A103,A103,52176,ns=2;s=Channel2.RX3i.A104,A104,3420782592,2025-02-13 15:44:55.263,5.524,100.0,84.8
5,ns=2;s=Channel2.RX3i.A105,A105,3945188345,ns=2;s=Channel2.RX3i.A106,A106,3945851696,2025-02-13 15:44:55.263,5.524,0.0,84.8
6,ns=2;s=Channel2.RX3i.A107,A107,3771919160,ns=2;s=Channel2.RX3i.A108,A108,3772768478,2025-02-13 15:44:55.263,5.524,0.0,84.8
7,ns=2;s=Channel2.RX3i.A109,A109,2560286955,ns=2;s=Channel2.RX3i.A11,A11,2563563770,2025-02-13 15:44:55.263,5.524,0.0,84.8
8,ns=2;s=Channel2.RX3i.A110,A110,4121925876,ns=2;s=Channel2.RX3i.A111,A111,3432314292,2025-02-13 15:44:55.263,5.524,25.0,84.8
9,ns=2;s=Channel2.RX3i.A112,A112,3259026600,ns=2;s=Channel2.RX3i.A113,A113,3434594904,2025-02-13 15:44:55.263,5.524,0.0,84.8
10,ns=2;s=Channel2.RX3i.A114,A114,3434532043,ns=2;s=Channel2.RX3i.A115,A115,3437219018,2025-02-13 15:44:55.263,5.524,0.0,84.8
11,ns=2;s=Channel2.RX3i.A116,A116,3438857464,ns=2;s=Channel2.RX3i.A117,A117,3440495889,2025-02-13 15:44:55.263,5.524,0.0,84.8
12,ns=2;s=Channel2.RX3i.A118,A118,3441806629,ns=2;s=Channel2.RX3i.A119,A119,3443117369,2025-02-13 15:44:55.263,5.524,0.0,84.8
13,ns=2;s=Channel2.RX3i.A12,A12,4124809900,ns=2;s=Channel2.RX3i.A120,A120,3446066534,2025-02-13 15:44:55.263,5.524,12.5,84.8
14,ns=2;s=Channel2.RX3i.A121,A121,3447704959,ns=2;s=Channel2.RX3i.A122,A122,3449015699,2025-02-13 15:44:55.263,5.524,0.0,84.8
15,ns=2;s=Channel2.RX3i.A123,A123,3450326439,ns=2;s=Channel2.RX3i.A124,A124,3451637179,2025-02-13 15:44:55.263,5.524,0.0,84.8
16,ns=2;s=Channel2.RX3i.A125,A125,3453275604,ns=2;s=Channel2.RX3i.A126,A126,3454586344,2025-02-13 15:44:55.263,5.524,0.0,84.8
17,ns=2;s=Channel2.RX3i.A127,A127,3790523900,ns=2;s=Channel2.RX3i.A128,A128,4127318525,2025-02-13 15:44:55.263,5.524,0.0,84.8
18,ns=2;s=Channel2.RX3i.A129,A129,3792500229,ns=2;s=Channel2.RX3i.A13,A13,3460494858,2025-02-13 15:44:55.263,5.524,0.0,84.8
19,ns=2;s=Channel2.RX3i.A130,A130,3793871396,ns=2;s=Channel2.RX3i.A131,A131,4128629293,2025-02-13 15:44:55.263,5.524,0.0,84.8
20,ns=2;s=Channel2.RX3i.A132,A132,3464689178,ns=2;s=Channel2.RX3i.A133,A133,3465793174,2025-02-13 15:44:55.263,5.524,28.6,84.8
21,ns=2;s=Channel2.RX3i.A134,A134,3467366055,ns=2;s=Channel2.RX3i.A135,A135,3963932356,2025-02-13 15:44:55.263,5.524,0.0,84.8
22,ns=2;s=Channel2.RX3i.A136,A136,3964464204,ns=2;s=Channel2.RX3i.A137,A137,3799837780,2025-02-13 15:44:55.263,5.524,12.5,84.8
23,ns=2;s=Channel2.RX3i.A138,A138,3800883851,ns=2;s=Channel2.RX3i.A139,A139,2654003864,2025-02-13 15:44:55.263,5.524,0.0,84.8
24,ns=2;s=Channel2.RX3i.A14,A14,3310145330,ns=2;s=Channel2.RX3i.A140,A140,4131298954,2025-02-13 15:44:55.263,5.524,33.3,84.8
25,ns=2;s=Channel2.RX3i.A141,A141,3479172675,ns=2;s=Channel2.RX3i.A142,A142,3315257203,2025-02-13 15:44:55.263,5.524,14.3,84.8
1,ns=2;s=Channel2.RX3i.A1,A1,3813144173,ns=2;s=Channel2.RX3i.A10,A10,3813860177,2025-02-13 15:45:00.756,5.496,4.8,84.2
2,ns=2;s=Channel2.RX3i.A100,A100,3814712162,ns=2;s=Channel2.RX3i.A1000,A1000,3815700091,2025-02-13 15:45:00.756,5.496,9.1,84.2
3,ns=2;s=Channel2.RX3i.A101,A101,4135838583,ns=2;s=Channel2.RX3i.A102,A102,3500406407,2025-02-13 15:45:00.756,5.496,0.0,84.2
4,ns=2;s=Channel2.RX3i.A103,A103,53436,ns=2;s=Channel2.RX3i.A104,A104,3503357952,2025-02-13 15:45:00.756,5.496,50.0,84.2
5,ns=2;s=Channel2.RX3i.A105,A105,3978219749,ns=2;s=Channel2.RX3i.A106,A106,3978882344,2025-02-13 15:45:00.756,5.496,0.0,84.2
6,ns=2;s=Channel2.RX3i.A107,A107,3821464880,ns=2;s=Channel2.RX3i.A108,A108,3822314450,2025-02-13 15:45:00.756,5.496,25.0,84.2
7,ns=2;s=Channel2.RX3i.A109,A109,2726093794,ns=2;s=Channel2.RX3i.A11,A11,2728715246,2025-02-13 15:45:00.756,5.496,0.0,84.2
8,ns=2;s=Channel2.RX3i.A110,A110,4138509014,ns=2;s=Channel2.RX3i.A111,A111,3514889904,2025-02-13 15:45:00.756,5.496,12.5,84.2
9,ns=2;s=Channel2.RX3i.A112,A112,3358118292,ns=2;s=Channel2.RX3i.A113,A113,3517171776,2025-02-13 15:45:00.756,5.496,0.0,84.2
10,ns=2;s=Channel2.RX3i.A114,A114,3517436348,ns=2;s=Channel2.RX3i.A115,A115,3520451008,2025-02-13 15:45:00.756,5.496,0.0,84.2
11,ns=2;s=Channel2.RX3i.A116,A116,3521761769,ns=2;s=Channel2.RX3i.A117,A117,3523400194,2025-02-13 15:45:00.756,5.496,0.0,84.2
12,ns=2;s=Channel2.RX3i.A118,A118,3524710934,ns=2;s=Channel2.RX3i.A119,A119,3526349359,2025-02-13 15:45:00.756,5.496,0.0,84.2
13,ns=2;s=Channel2.RX3i.A12,A12,4141393038,ns=2;s=Channel2.RX3i.A120,A120,3528970839,2025-02-13 15:45:00.756,5.496,0.0,84.2
14,ns=2;s=Channel2.RX3i.A121,A121,3530609264,ns=2;s=Channel2.RX3i.A122,A122,3531920004,2025-02-13 15:45:00.756,5.496,33.3,84.2
15,ns=2;s=Channel2.RX3i.A123,A123,3533230744,ns=2;s=Channel2.RX3i.A124,A124,3534541484,2025-02-13 15:45:00.756,5.496,0.0,84.2
16,ns=2;s=Channel2.RX3i.A125,A125,3536179909,ns=2;s=Channel2.RX3i.A126,A126,3537490649,2025-02-13 15:45:00.756,5.496,0.0,84.2
17,ns=2;s=Channel2.RX3i.A127,A127,3840660215,ns=2;s=Channel2.RX3i.A128,A128,4143965431,2025-02-13 15:45:00.756,5.496,0.0,84.2
18,ns=2;s=Channel2.RX3i.A129,A129,3842438915,ns=2;s=Channel2.RX3i.A13,A13,3544053513,2025-02-13 15:45:00.756,5.496,0.0,84.2
19,ns=2;s=Channel2.RX3i.A130,A130,3844007201,ns=2;s=Channel2.RX3i.A131,A131,4145341738,2025-02-13 15:45:00.756,5.496,0.0,84.2
20,ns=2;s=Channel2.RX3i.A132,A132,3547920152,ns=2;s=Channel2.RX3i.A133,A133,3549025164,2025-02-13 15:45:00.756,5.496,0.0,84.2
21,ns=2;s=Channel2.RX3i.A134,A134,3550925730,ns=2;s=Channel2.RX3i.A135,A135,3997225914,2025-02-13 15:45:00.756,5.496,0.0,84.2
22,ns=2;s=Channel2.RX3i.A136,A136,3997757000,ns=2;s=Channel2.RX3i.A137,A137,3849973330,2025-02-13 15:45:00.756,5.496,0.0,84.2
23,ns=2;s=Channel2.RX3i.A138,A138,3850823045,ns=2;s=Channel2.RX3i.A139,A139,2820466066,2025-02-13 15:45:00.756,5.496,25.0,84.2
24,ns=2;s=Channel2.RX3i.A14,A14,3409630243,ns=2;s=Channel2.RX3i.A140,A140,4147947638,2025-02-13 15:45:00.756,5.496,0.0,84.2
25,ns=2;s=Channel2.RX3i.A141,A141,3562075968,ns=2;s=Channel2.RX3i.A142,A142,3414742116,2025-02-13 15:45:00.756,5.496,0.0,84.2
1,ns=2;s=Channel2.RX3i.A1,A1,3813144173,ns=2;s=Channel2.RX3i.A10,A10,3813860177,2025-02-13 15:45:00.757,5.494,4.8,84.2
2,ns=2;s=Channel2.RX3i.A100,A100,3814712162,ns=2;s=Channel2.RX3i.A1000,A1000,3815700091,2025-02-13 15:45:00.757,5.494,9.1,84.2
3,ns=2;s=Channel2.RX3i.A101,A101,4135838583,ns=2;s=Channel2.RX3i.A102,A102,3500406407,2025-02-13 15:45:00.757,5.494,0.0,84.2
4,ns=2;s=Channel2.RX3i.A103,A103,53436,ns=2;s=Channel2.RX3i.A104,A104,3503357952,2025-02-13 15:45:00.757,5.494,50.0,84.2
5,ns=2;s=Channel2.RX3i.A105,A105,3978219749,ns=2;s=Channel2.RX3i.A106,A106,3978882344,2025-02-13 15:45:00.757,5.494,0.0,84.2
6,ns=2;s=Channel2.RX3i.A107,A107,3821464880,ns=2;s=Channel2.RX3i.A108,A108,3822314450,2025-02-13 15:45:00.757,5.494,25.0,84.2
7,ns=2;s=Channel2.RX3i.A109,A109,2726093794,ns=2;s=Channel2.RX3i.A11,A11,2728715246,2025-02-13 15:45:00.757,5.494,0.0,84.2
8,ns=2;s=Channel2.RX3i.A110,A110,4138509014,ns=2;s=Channel2.RX3i.A111,A111,3514889904,2025-02-13 15:45:00.757,5.494,12.5,84.2
9,ns=2;s=Channel2.RX3i.A112,A112,3358118292,ns=2;s=Channel2.RX3i.A113,A113,3517171776,2025-02-13 15:45:00.757,5.494,0.0,84.2
10,ns=2;s=Channel2.RX3i.A114,A114,3517436348,ns=2;s=Channel2.RX3i.A115,A115,3520451008,2025-02-13 15:45:00.757,5.494,0.0,84.2
11,ns=2;s=Channel2.RX3i.A116,A116,3521761769,ns=2;s=Channel2.RX3i.A117,A117,3523400194,2025-02-13 15:45:00.757,5.494,0.0,84.2
12,ns=2;s=Channel2.RX3i.A118,A118,3524710934,ns=2;s=Channel2.RX3i.A119,A119,3526349359,2025-02-13 15:45:00.757,5.494,0.0,84.2
13,ns=2;s=Channel2.RX3i.A12,A12,4141393038,ns=2;s=Channel2.RX3i.A120,A120,3528970839,2025-02-13 15:45:00.757,5.494,0.0,84.2
14,ns=2;s=Channel2.RX3i.A121,A121,3530609264,ns=2;s=Channel2.RX3i.A122,A122,3531920004,2025-02-13 15:45:00.757,5.494,50.0,84.2
15,ns=2;s=Channel2.RX3i.A123,A123,3533230744,ns=2;s=Channel2.RX3i.A124,A124,3534541484,2025-02-13 15:45:00.757,5.494,0.0,84.2
16,ns=2;s=Channel2.RX3i.A125,A125,3536179909,ns=2;s=Channel2.RX3i.A126,A126,3537490649,2025-02-13 15:45:00.757,5.494,0.0,84.2
17,ns=2;s=Channel2.RX3i.A127,A127,3840660215,ns=2;s=Channel2.RX3i.A128,A128,4143965431,2025-02-13 15:45:00.757,5.494,0.0,84.2
18,ns=2;s=Channel2.RX3i.A129,A129,3842438915,ns=2;s=Channel2.RX3i.A13,A13,3544053513,2025-02-13 15:45:00.757,5.494,0.0,84.2
19,ns=2;s=Channel2.RX3i.A130,A130,3844007201,ns=2;s=Channel2.RX3i.A131,A131,4145341738,2025-02-13 15:45:00.757,5.494,0.0,84.2
20,ns=2;s=Channel2.RX3i.A132,A132,3547920152,ns=2;s=Channel2.RX3i.A133,A133,3549025164,2025-02-13 15:45:00.757,5.494,0.0,84.2
21,ns=2;s=Channel2.RX3i.A134,A134,3550925730,ns=2;s=Channel2.RX3i.A135,A135,3997225914,2025-02-13 15:45:00.757,5.494,0.0,84.2
22,ns=2;s=Channel2.RX3i.A136,A136,3997757000,ns=2;s=Channel2.RX3i.A137,A137,3849973330,2025-02-13 15:45:00.757,5.494,0.0,84.2
23,ns=2;s=Channel2.RX3i.A138,A138,3850823045,ns=2;s=Channel2.RX3i.A139,A139,2820466066,2025-02-13 15:45:00.757,5.494,25.0,84.2
24,ns=2;s=Channel2.RX3i.A14,A14,3409630243,ns=2;s=Channel2.RX3i.A140,A140,4147947638,2025-02-13 15:45:00.757,5.494,0.0,84.2
25,ns=2;s=Channel2.RX3i.A141,A141,3562075968,ns=2;s=Channel2.RX3i.A142,A142,3414742116,2025-02-13 15:45:00.757,5.494,0.0,84.3
1,ns=2;s=Channel2.RX3i.A1,A1,3863082859,ns=2;s=Channel2.RX3i.A10,A10,3863799371,2025-02-13 15:45:06.268,5.512,4.5,84.2
2,ns=2;s=Channel2.RX3i.A100,A100,3864651356,ns=2;s=Channel2.RX3i.A1000,A1000,3865638777,2025-02-13 15:45:06.268,5.512,0.0,84.2
3,ns=2;s=Channel2.RX3i.A101,A101,4152485489,ns=2;s=Channel2.RX3i.A102,A102,3583965062,2025-02-13 15:45:06.268,5.512,0.0,84.2
4,ns=2;s=Channel2.RX3i.A103,A103,54706,ns=2;s=Channel2.RX3i.A104,A104,3586588672,2025-02-13 15:45:06.268,5.512,0.0,84.2
5,ns=2;s=Channel2.RX3i.A105,A105,4011513307,ns=2;s=Channel2.RX3i.A106,A106,4012175140,2025-02-13 15:45:06.268,5.512,0.0,84.2
6,ns=2;s=Channel2.RX3i.A107,A107,3871403820,ns=2;s=Channel2.RX3i.A108,A108,3872253644,2025-02-13 15:45:06.268,5.512,0.0,84.2
7,ns=2;s=Channel2.RX3i.A109,A109,2891900633,ns=2;s=Channel2.RX3i.A11,A11,2895177448,2025-02-13 15:45:06.268,5.512,0.0,84.2
8,ns=2;s=Channel2.RX3i.A110,A110,4155092152,ns=2;s=Channel2.RX3i.A111,A111,3597793197,2025-02-13 15:45:06.268,5.512,0.0,84.2
9,ns=2;s=Channel2.RX3i.A112,A112,3457996426,ns=2;s=Channel2.RX3i.A113,A113,3600731706,2025-02-13 15:45:06.268,5.512,0.0,84.2
10,ns=2;s=Channel2.RX3i.A114,A114,3600996023,ns=2;s=Channel2.RX3i.A115,A115,3603682998,2025-02-13 15:45:06.268,5.512,0.0,84.2
11,ns=2;s=Channel2.RX3i.A116,A116,3604993759,ns=2;s=Channel2.RX3i.A117,A117,3606632184,2025-02-13 15:45:06.268,5.512,16.7,84.2
12,ns=2;s=Channel2.RX3i.A118,A118,3607942924,ns=2;s=Channel2.RX3i.A119,A119,3609253664,2025-02-13 15:45:06.268,5.512,0.0,84.2
13,ns=2;s=Channel2.RX3i.A12,A12,4158041722,ns=2;s=Channel2.RX3i.A120,A120,3612202829,2025-02-13 15:45:06.268,5.512,14.3,84.2
14,ns=2;s=Channel2.RX3i.A121,A121,3613841254,ns=2;s=Channel2.RX3i.A122,A122,3615151994,2025-02-13 15:45:06.268,5.512,16.7,84.2
15,ns=2;s=Channel2.RX3i.A123,A123,3616462734,ns=2;s=Channel2.RX3i.A124,A124,3618101159,2025-02-13 15:45:06.268,5.512,0.0,84.2
16,ns=2;s=Channel2.RX3i.A125,A125,3619411899,ns=2;s=Channel2.RX3i.A126,A126,3620722639,2025-02-13 15:45:06.268,5.512,11.1,84.2
17,ns=2;s=Channel2.RX3i.A127,A127,3890403304,ns=2;s=Channel2.RX3i.A128,A128,4160546798,2025-02-13 15:45:06.268,5.512,0.0,84.2
18,ns=2;s=Channel2.RX3i.A129,A129,3892180992,ns=2;s=Channel2.RX3i.A13,A13,3626956806,2025-02-13 15:45:06.268,5.512,14.3,84.2
19,ns=2;s=Channel2.RX3i.A130,A130,3893749784,ns=2;s=Channel2.RX3i.A131,A131,4161988644,2025-02-13 15:45:06.268,5.512,33.3,84.2
20,ns=2;s=Channel2.RX3i.A132,A132,3631151126,ns=2;s=Channel2.RX3i.A133,A133,3632584839,2025-02-13 15:45:06.268,5.512,0.0,84.2
21,ns=2;s=Channel2.RX3i.A134,A134,3634157720,ns=2;s=Channel2.RX3i.A135,A135,4030650549,2025-02-13 15:45:06.268,5.512,0.0,84.2
22,ns=2;s=Channel2.RX3i.A136,A136,4031180870,ns=2;s=Channel2.RX3i.A137,A137,3899912270,2025-02-13 15:45:06.268,5.512,0.0,84.2
23,ns=2;s=Channel2.RX3i.A138,A138,3900762239,ns=2;s=Channel2.RX3i.A139,A139,2986928268,2025-02-13 15:45:06.268,5.512,12.5,84.2
24,ns=2;s=Channel2.RX3i.A14,A14,3509901598,ns=2;s=Channel2.RX3i.A140,A140,4164596322,2025-02-13 15:45:06.268,5.512,0.0,84.2
25,ns=2;s=Channel2.RX3i.A141,A141,3645634623,ns=2;s=Channel2.RX3i.A142,A142,3515013471,2025-02-13 15:45:06.268,5.512,14.3,84.2
1,ns=2;s=Channel2.RX3i.A1,A1,3863082859,ns=2;s=Channel2.RX3i.A10,A10,3863799371,2025-02-13 15:45:06.272,5.516,4.5,84.2
2,ns=2;s=Channel2.RX3i.A100,A100,3864651356,ns=2;s=Channel2.RX3i.A1000,A1000,3865638777,2025-02-13 15:45:06.272,5.516,0.0,84.2
3,ns=2;s=Channel2.RX3i.A101,A101,4152485489,ns=2;s=Channel2.RX3i.A102,A102,3583965062,2025-02-13 15:45:06.272,5.516,0.0,84.2
4,ns=2;s=Channel2.RX3i.A103,A103,54706,ns=2;s=Channel2.RX3i.A104,A104,3586588672,2025-02-13 15:45:06.272,5.516,0.0,84.2
5,ns=2;s=Channel2.RX3i.A105,A105,4011513307,ns=2;s=Channel2.RX3i.A106,A106,4012175140,2025-02-13 15:45:06.272,5.516,0.0,84.2
6,ns=2;s=Channel2.RX3i.A107,A107,3871403820,ns=2;s=Channel2.RX3i.A108,A108,3872253644,2025-02-13 15:45:06.272,5.516,0.0,84.2
7,ns=2;s=Channel2.RX3i.A109,A109,2891900633,ns=2;s=Channel2.RX3i.A11,A11,2895177448,2025-02-13 15:45:06.272,5.516,0.0,84.2
8,ns=2;s=Channel2.RX3i.A110,A110,4155092152,ns=2;s=Channel2.RX3i.A111,A111,3597793197,2025-02-13 15:45:06.272,5.516,0.0,84.2
9,ns=2;s=Channel2.RX3i.A112,A112,3457996426,ns=2;s=Channel2.RX3i.A113,A113,3600731706,2025-02-13 15:45:06.272,5.516,0.0,84.2
10,ns=2;s=Channel2.RX3i.A114,A114,3600996023,ns=2;s=Channel2.RX3i.A115,A115,3603682998,2025-02-13 15:45:06.272,5.516,0.0,84.2
11,ns=2;s=Channel2.RX3i.A116,A116,3604993759,ns=2;s=Channel2.RX3i.A117,A117,3606632184,2025-02-13 15:45:06.272,5.516,12.5,84.2
12,ns=2;s=Channel2.RX3i.A118,A118,3607942924,ns=2;s=Channel2.RX3i.A119,A119,3609253664,2025-02-13 15:45:06.272,5.516,0.0,84.2
13,ns=2;s=Channel2.RX3i.A12,A12,4158041722,ns=2;s=Channel2.RX3i.A120,A120,3612202829,2025-02-13 15:45:06.272,5.516,12.5,84.2
14,ns=2;s=Channel2.RX3i.A121,A121,3613841254,ns=2;s=Channel2.RX3i.A122,A122,3615151994,2025-02-13 15:45:06.272,5.516,20.0,84.2
15,ns=2;s=Channel2.RX3i.A123,A123,3616462734,ns=2;s=Channel2.RX3i.A124,A124,3618101159,2025-02-13 15:45:06.272,5.516,0.0,84.2
16,ns=2;s=Channel2.RX3i.A125,A125,3619411899,ns=2;s=Channel2.RX3i.A126,A126,3620722639,2025-02-13 15:45:06.272,5.516,11.1,84.2
17,ns=2;s=Channel2.RX3i.A127,A127,3890403304,ns=2;s=Channel2.RX3i.A128,A128,4160546798,2025-02-13 15:45:06.272,5.516,0.0,84.2
18,ns=2;s=Channel2.RX3i.A129,A129,3892180992,ns=2;s=Channel2.RX3i.A13,A13,3626956806,2025-02-13 15:45:06.272,5.516,14.3,84.2
19,ns=2;s=Channel2.RX3i.A130,A130,3893749784,ns=2;s=Channel2.RX3i.A131,A131,4161988644,2025-02-13 15:45:06.272,5.516,33.3,84.2
20,ns=2;s=Channel2.RX3i.A132,A132,3631151126,ns=2;s=Channel2.RX3i.A133,A133,3632584839,2025-02-13 15:45:06.272,5.516,0.0,84.2
21,ns=2;s=Channel2.RX3i.A134,A134,3634157720,ns=2;s=Channel2.RX3i.A135,A135,4030650549,2025-02-13 15:45:06.272,5.516,0.0,84.2
22,ns=2;s=Channel2.RX3i.A136,A136,4031180870,ns=2;s=Channel2.RX3i.A137,A137,3899912270,2025-02-13 15:45:06.272,5.516,0.0,84.2
23,ns=2;s=Channel2.RX3i.A138,A138,3900762239,ns=2;s=Channel2.RX3i.A139,A139,2986928268,2025-02-13 15:45:06.272,5.516,12.5,84.2
24,ns=2;s=Channel2.RX3i.A14,A14,3509901598,ns=2;s=Channel2.RX3i.A140,A140,4164596322,2025-02-13 15:45:06.272,5.516,0.0,84.2
25,ns=2;s=Channel2.RX3i.A141,A141,3645634623,ns=2;s=Channel2.RX3i.A142,A142,3515013471,2025-02-13 15:45:06.272,5.516,12.5,84.2
1,ns=2;s=Channel2.RX3i.A1,A1,3914004590,ns=2;s=Channel2.RX3i.A10,A10,3914721620,2025-02-13 15:45:11.931,5.658,9.4,84.3
2,ns=2;s=Channel2.RX3i.A100,A100,3915573605,ns=2;s=Channel2.RX3i.A1000,A1000,3916560508,2025-02-13 15:45:11.931,5.658,0.0,84.3
3,ns=2;s=Channel2.RX3i.A101,A101,4169460090,ns=2;s=Channel2.RX3i.A102,A102,3668834441,2025-02-13 15:45:11.931,5.658,100.0,84.3
4,ns=2;s=Channel2.RX3i.A103,A103,56001,ns=2;s=Channel2.RX3i.A104,A104,3671457792,2025-02-13 15:45:11.931,5.658,14.3,84.3
5,ns=2;s=Channel2.RX3i.A105,A105,4045462250,ns=2;s=Channel2.RX3i.A106,A106,4046123306,2025-02-13 15:45:11.931,5.658,0.0,84.3
6,ns=2;s=Channel2.RX3i.A107,A107,3922325810,ns=2;s=Channel2.RX3i.A108,A108,3923175893,2025-02-13 15:45:11.931,5.658,0.0,84.3
7,ns=2;s=Channel2.RX3i.A109,A109,3062295013,ns=2;s=Channel2.RX3i.A11,A11,3064916465,2025-02-13 15:45:11.931,5.658,0.0,84.2
8,ns=2;s=Channel2.RX3i.A110,A110,4172068566,ns=2;s=Channel2.RX3i.A111,A111,3682662576,2025-02-13 15:45:11.931,5.658,0.0,84.2
9,ns=2;s=Channel2.RX3i.A112,A112,3559840665,ns=2;s=Channel2.RX3i.A113,A113,3685274694,2025-02-13 15:45:11.931,5.658,0.0,84.2
10,ns=2;s=Channel2.RX3i.A114,A114,3685538753,ns=2;s=Channel2.RX3i.A115,A115,3688225728,2025-02-13 15:45:11.931,5.658,0.0,84.2
11,ns=2;s=Channel2.RX3i.A116,A116,3689864174,ns=2;s=Channel2.RX3i.A117,A117,3691174914,2025-02-13 15:45:11.931,5.658,0.0,84.2
12,ns=2;s=Channel2.RX3i.A118,A118,3692485654,ns=2;s=Channel2.RX3i.A119,A119,3693796394,2025-02-13 15:45:11.931,5.658,0.0,84.2
13,ns=2;s=Channel2.RX3i.A12,A12,4174952590,ns=2;s=Channel2.RX3i.A120,A120,3696745559,2025-02-13 15:45:11.931,5.658,0.0,84.2
14,ns=2;s=Channel2.RX3i.A121,A121,3698383984,ns=2;s=Channel2.RX3i.A122,A122,3699694724,2025-02-13 15:45:11.931,5.658,0.0,84.2
15,ns=2;s=Channel2.RX3i.A123,A123,3701005464,ns=2;s=Channel2.RX3i.A124,A124,3702643889,2025-02-13 15:45:11.931,5.658,0.0,84.2
16,ns=2;s=Channel2.RX3i.A125,A125,3703954629,ns=2;s=Channel2.RX3i.A126,A126,3705265369,2025-02-13 15:45:11.931,5.658,0.0,84.2
17,ns=2;s=Channel2.RX3i.A127,A127,3940932845,ns=2;s=Channel2.RX3i.A128,A128,4177455860,2025-02-13 15:45:11.931,5.658,0.0,84.2
18,ns=2;s=Channel2.RX3i.A129,A129,3942906114,ns=2;s=Channel2.RX3i.A13,A13,3711170823,2025-02-13 15:45:11.931,5.658,0.0,84.2
19,ns=2;s=Channel2.RX3i.A130,A130,3944278811,ns=2;s=Channel2.RX3i.A131,A131,4178832167,2025-02-13 15:45:11.931,5.658,0.0,84.2
20,ns=2;s=Channel2.RX3i.A132,A132,3715365143,ns=2;s=Channel2.RX3i.A133,A133,3716472199,2025-02-13 15:45:11.931,5.658,0.0,84.2
21,ns=2;s=Channel2.RX3i.A134,A134,3718372765,ns=2;s=Channel2.RX3i.A135,A135,4064337338,2025-02-13 15:45:11.931,5.658,0.0,84.2
22,ns=2;s=Channel2.RX3i.A136,A136,4064866888,ns=2;s=Channel2.RX3i.A137,A137,3950441040,2025-02-13 15:45:11.931,5.658,0.0,84.2
23,ns=2;s=Channel2.RX3i.A138,A138,3951291266,ns=2;s=Channel2.RX3i.A139,A139,3156011922,2025-02-13 15:45:11.931,5.658,0.0,84.2
24,ns=2;s=Channel2.RX3i.A14,A14,3610959395,ns=2;s=Channel2.RX3i.A140,A140,4181441644,2025-02-13 15:45:11.931,5.658,14.3,84.2
25,ns=2;s=Channel2.RX3i.A141,A141,3729848640,ns=2;s=Channel2.RX3i.A142,A142,3616071268,2025-02-13 15:45:11.931,5.658,12.5,84.2
1,ns=2;s=Channel2.RX3i.A1,A1,3914004590,ns=2;s=Channel2.RX3i.A10,A10,3914721620,2025-02-13 15:45:11.930,5.662,9.4,84.3
2,ns=2;s=Channel2.RX3i.A100,A100,3915573605,ns=2;s=Channel2.RX3i.A1000,A1000,3916560508,2025-02-13 15:45:11.930,5.662,0.0,84.3
3,ns=2;s=Channel2.RX3i.A101,A101,4169460090,ns=2;s=Channel2.RX3i.A102,A102,3668834441,2025-02-13 15:45:11.930,5.662,66.7,84.3
4,ns=2;s=Channel2.RX3i.A103,A103,56001,ns=2;s=Channel2.RX3i.A104,A104,3671457792,2025-02-13 15:45:11.930,5.662,16.7,84.3
5,ns=2;s=Channel2.RX3i.A105,A105,4045462250,ns=2;s=Channel2.RX3i.A106,A106,4046123306,2025-02-13 15:45:11.930,5.662,0.0,84.3
6,ns=2;s=Channel2.RX3i.A107,A107,3922325810,ns=2;s=Channel2.RX3i.A108,A108,3923175893,2025-02-13 15:45:11.930,5.662,0.0,84.3
7,ns=2;s=Channel2.RX3i.A109,A109,3062295013,ns=2;s=Channel2.RX3i.A11,A11,3064916465,2025-02-13 15:45:11.930,5.662,0.0,84.2
8,ns=2;s=Channel2.RX3i.A110,A110,4172068566,ns=2;s=Channel2.RX3i.A111,A111,3682662576,2025-02-13 15:45:11.930,5.662,0.0,84.2
9,ns=2;s=Channel2.RX3i.A112,A112,3559840665,ns=2;s=Channel2.RX3i.A113,A113,3685274694,2025-02-13 15:45:11.930,5.662,0.0,84.2
10,ns=2;s=Channel2.RX3i.A114,A114,3685538753,ns=2;s=Channel2.RX3i.A115,A115,3688225728,2025-02-13 15:45:11.930,5.662,0.0,84.2
11,ns=2;s=Channel2.RX3i.A116,A116,3689864174,ns=2;s=Channel2.RX3i.A117,A117,3691174914,2025-02-13 15:45:11.930,5.662,0.0,84.2
12,ns=2;s=Channel2.RX3i.A118,A118,3692485654,ns=2;s=Channel2.RX3i.A119,A119,3693796394,2025-02-13 15:45:11.930,5.662,0.0,84.2
13,ns=2;s=Channel2.RX3i.A12,A12,4174952590,ns=2;s=Channel2.RX3i.A120,A120,3696745559,2025-02-13 15:45:11.930,5.662,0.0,84.2
14,ns=2;s=Channel2.RX3i.A121,A121,3698383984,ns=2;s=Channel2.RX3i.A122,A122,3699694724,2025-02-13 15:45:11.930,5.662,0.0,84.2
15,ns=2;s=Channel2.RX3i.A123,A123,3701005464,ns=2;s=Channel2.RX3i.A124,A124,3702643889,2025-02-13 15:45:11.930,5.662,0.0,84.2
16,ns=2;s=Channel2.RX3i.A125,A125,3703954629,ns=2;s=Channel2.RX3i.A126,A126,3705265369,2025-02-13 15:45:11.930,5.662,0.0,84.2
17,ns=2;s=Channel2.RX3i.A127,A127,3940932845,ns=2;s=Channel2.RX3i.A128,A128,4177455860,2025-02-13 15:45:11.930,5.662,0.0,84.2
18,ns=2;s=Channel2.RX3i.A129,A129,3942906114,ns=2;s=Channel2.RX3i.A13,A13,3711170823,2025-02-13 15:45:11.930,5.662,0.0,84.2
19,ns=2;s=Channel2.RX3i.A130,A130,3944278811,ns=2;s=Channel2.RX3i.A131,A131,4178832167,2025-02-13 15:45:11.930,5.662,0.0,84.2
20,ns=2;s=Channel2.RX3i.A132,A132,3715365143,ns=2;s=Channel2.RX3i.A133,A133,3716472199,2025-02-13 15:45:11.930,5.662,0.0,84.2
21,ns=2;s=Channel2.RX3i.A134,A134,3718372765,ns=2;s=Channel2.RX3i.A135,A135,4064337338,2025-02-13 15:45:11.930,5.662,0.0,84.2
22,ns=2;s=Channel2.RX3i.A136,A136,4064866888,ns=2;s=Channel2.RX3i.A137,A137,3950441040,2025-02-13 15:45:11.930,5.662,0.0,84.2
23,ns=2;s=Channel2.RX3i.A138,A138,3951291266,ns=2;s=Channel2.RX3i.A139,A139,3156011922,2025-02-13 15:45:11.930,5.662,0.0,84.2
24,ns=2;s=Channel2.RX3i.A14,A14,3610959395,ns=2;s=Channel2.RX3i.A140,A140,4181441644,2025-02-13 15:45:11.930,5.662,12.5,84.2
25,ns=2;s=Channel2.RX3i.A141,A141,3729848640,ns=2;s=Channel2.RX3i.A142,A142,3616071268,2025-02-13 15:45:11.930,5.662,0.0,84.2
1,ns=2;s=Channel2.RX3i.A1,A1,3973970335,ns=2;s=Channel2.RX3i.A10,A10,3974884586,2025-02-13 15:45:18.555,6.625,4.8,84.2
2,ns=2;s=Channel2.RX3i.A100,A100,3975736571,ns=2;s=Channel2.RX3i.A1000,A1000,3976722862,2025-02-13 15:45:18.555,6.625,20.0,84.1
3,ns=2;s=Channel2.RX3i.A101,A101,4189515024,ns=2;s=Channel2.RX3i.A102,A102,3768777146,2025-02-13 15:45:18.555,6.625,37.5,84.1
4,ns=2;s=Channel2.RX3i.A103,A103,57531,ns=2;s=Channel2.RX3i.A104,A104,3771727872,2025-02-13 15:45:18.555,6.625,0.0,84.1
5,ns=2;s=Channel2.RX3i.A105,A105,4085702889,ns=2;s=Channel2.RX3i.A106,A106,4086231950,2025-02-13 15:45:18.555,6.625,0.0,84.1
6,ns=2;s=Channel2.RX3i.A107,A107,3982685080,ns=2;s=Channel2.RX3i.A108,A108,3983535470,2025-02-13 15:45:18.555,6.625,0.0,84.1
7,ns=2;s=Channel2.RX3i.A109,A109,3263491454,ns=2;s=Channel2.RX3i.A11,A11,3266112906,2025-02-13 15:45:18.555,6.625,0.0,84.1
8,ns=2;s=Channel2.RX3i.A110,A110,4192191188,ns=2;s=Channel2.RX3i.A111,A111,3783588324,2025-02-13 15:45:18.555,6.625,0.0,84.1
9,ns=2;s=Channel2.RX3i.A112,A112,3680559512,ns=2;s=Channel2.RX3i.A113,A113,3785874296,2025-02-13 15:45:18.555,6.625,0.0,84.1
10,ns=2;s=Channel2.RX3i.A114,A114,3786138048,ns=2;s=Channel2.RX3i.A115,A115,3788825023,2025-02-13 15:45:18.555,6.625,16.7,84.1
11,ns=2;s=Channel2.RX3i.A116,A116,3790135784,ns=2;s=Channel2.RX3i.A117,A117,3791774209,2025-02-13 15:45:18.555,6.625,25.0,84.1
12,ns=2;s=Channel2.RX3i.A118,A118,3793084949,ns=2;s=Channel2.RX3i.A119,A119,3794723374,2025-02-13 15:45:18.555,6.625,0.0,84.1
13,ns=2;s=Channel2.RX3i.A12,A12,4195075212,ns=2;s=Channel2.RX3i.A120,A120,3797344854,2025-02-13 15:45:18.555,6.625,16.7,84.1
14,ns=2;s=Channel2.RX3i.A121,A121,3798983279,ns=2;s=Channel2.RX3i.A122,A122,3800294019,2025-02-13 15:45:18.555,6.625,33.3,84.1
15,ns=2;s=Channel2.RX3i.A123,A123,3801604759,ns=2;s=Channel2.RX3i.A124,A124,3803243184,2025-02-13 15:45:18.555,6.625,0.0,84.1
16,ns=2;s=Channel2.RX3i.A125,A125,3804881609,ns=2;s=Channel2.RX3i.A126,A126,3806192349,2025-02-13 15:45:18.555,6.625,33.3,84.1
17,ns=2;s=Channel2.RX3i.A127,A127,4001489649,ns=2;s=Channel2.RX3i.A128,A128,4197576333,2025-02-13 15:45:18.555,6.625,16.7,84.1
18,ns=2;s=Channel2.RX3i.A129,A129,4003461686,ns=2;s=Channel2.RX3i.A13,A13,3812096571,2025-02-13 15:45:18.555,6.625,14.3,84.1
19,ns=2;s=Channel2.RX3i.A130,A130,4005031610,ns=2;s=Channel2.RX3i.A131,A131,4199083718,2025-02-13 15:45:18.555,6.625,0.0,84.1
20,ns=2;s=Channel2.RX3i.A132,A132,3816946253,ns=2;s=Channel2.RX3i.A133,A133,3818382234,2025-02-13 15:45:18.555,6.625,25.0,84.1
21,ns=2;s=Channel2.RX3i.A134,A134,3820282800,ns=2;s=Channel2.RX3i.A135,A135,4104971208,2025-02-13 15:45:18.555,6.625,0.0,84.1
22,ns=2;s=Channel2.RX3i.A136,A136,4105499828,ns=2;s=Channel2.RX3i.A137,A137,4011586750,2025-02-13 15:45:18.555,6.625,0.0,84.1
23,ns=2;s=Channel2.RX3i.A138,A138,4012633898,ns=2;s=Channel2.RX3i.A139,A139,3360485178,2025-02-13 15:45:18.555,6.625,0.0,84.1
24,ns=2;s=Channel2.RX3i.A14,A14,3733644347,ns=2;s=Channel2.RX3i.A140,A140,4201957542,2025-02-13 15:45:18.555,6.625,0.0,84.1
25,ns=2;s=Channel2.RX3i.A141,A141,3832412793,ns=2;s=Channel2.RX3i.A142,A142,3739149441,2025-02-13 15:45:18.555,6.625,0.0,84.1
1,ns=2;s=Channel2.RX3i.A1,A1,3973970335,ns=2;s=Channel2.RX3i.A10,A10,3974884586,2025-02-13 15:45:18.543,6.612,4.8,84.1
2,ns=2;s=Channel2.RX3i.A100,A100,3975736571,ns=2;s=Channel2.RX3i.A1000,A1000,3976722862,2025-02-13 15:45:18.543,6.612,20.0,84.1
3,ns=2;s=Channel2.RX3i.A101,A101,4189515024,ns=2;s=Channel2.RX3i.A102,A102,3768777146,2025-02-13 15:45:18.543,6.612,37.5,84.1
4,ns=2;s=Channel2.RX3i.A103,A103,57531,ns=2;s=Channel2.RX3i.A104,A104,3771727872,2025-02-13 15:45:18.543,6.612,0.0,84.1
5,ns=2;s=Channel2.RX3i.A105,A105,4085702889,ns=2;s=Channel2.RX3i.A106,A106,4086231950,2025-02-13 15:45:18.543,6.612,0.0,84.1
6,ns=2;s=Channel2.RX3i.A107,A107,3982685080,ns=2;s=Channel2.RX3i.A108,A108,3983535470,2025-02-13 15:45:18.543,6.612,0.0,84.1
7,ns=2;s=Channel2.RX3i.A109,A109,3263491454,ns=2;s=Channel2.RX3i.A11,A11,3266112906,2025-02-13 15:45:18.543,6.612,0.0,84.1
8,ns=2;s=Channel2.RX3i.A110,A110,4192191188,ns=2;s=Channel2.RX3i.A111,A111,3783588324,2025-02-13 15:45:18.543,6.612,0.0,84.1
9,ns=2;s=Channel2.RX3i.A112,A112,3680559512,ns=2;s=Channel2.RX3i.A113,A113,3785874296,2025-02-13 15:45:18.543,6.612,0.0,84.1
10,ns=2;s=Channel2.RX3i.A114,A114,3786138048,ns=2;s=Channel2.RX3i.A115,A115,3788825023,2025-02-13 15:45:18.543,6.612,16.7,84.1
11,ns=2;s=Channel2.RX3i.A116,A116,3790135784,ns=2;s=Channel2.RX3i.A117,A117,3791774209,2025-02-13 15:45:18.543,6.612,25.0,84.1
12,ns=2;s=Channel2.RX3i.A118,A118,3793084949,ns=2;s=Channel2.RX3i.A119,A119,3794723374,2025-02-13 15:45:18.543,6.612,0.0,84.1
13,ns=2;s=Channel2.RX3i.A12,A12,4195075212,ns=2;s=Channel2.RX3i.A120,A120,3797344854,2025-02-13 15:45:18.543,6.612,16.7,84.1
14,ns=2;s=Channel2.RX3i.A121,A121,3798983279,ns=2;s=Channel2.RX3i.A122,A122,3800294019,2025-02-13 15:45:18.543,6.612,33.3,84.1
15,ns=2;s=Channel2.RX3i.A123,A123,3801604759,ns=2;s=Channel2.RX3i.A124,A124,3803243184,2025-02-13 15:45:18.543,6.612,0.0,84.1
16,ns=2;s=Channel2.RX3i.A125,A125,3804881609,ns=2;s=Channel2.RX3i.A126,A126,3806192349,2025-02-13 15:45:18.543,6.612,0.0,84.1
17,ns=2;s=Channel2.RX3i.A127,A127,4001489649,ns=2;s=Channel2.RX3i.A128,A128,4197576333,2025-02-13 15:45:18.543,6.612,28.6,84.1
18,ns=2;s=Channel2.RX3i.A129,A129,4003461686,ns=2;s=Channel2.RX3i.A13,A13,3812096571,2025-02-13 15:45:18.543,6.612,25.0,84.1
19,ns=2;s=Channel2.RX3i.A130,A130,4005031610,ns=2;s=Channel2.RX3i.A131,A131,4199083718,2025-02-13 15:45:18.543,6.612,0.0,84.1
20,ns=2;s=Channel2.RX3i.A132,A132,3816946253,ns=2;s=Channel2.RX3i.A133,A133,3818382234,2025-02-13 15:45:18.543,6.612,14.3,84.1
21,ns=2;s=Channel2.RX3i.A134,A134,3820282800,ns=2;s=Channel2.RX3i.A135,A135,4104971208,2025-02-13 15:45:18.543,6.612,0.0,84.1
22,ns=2;s=Channel2.RX3i.A136,A136,4105499828,ns=2;s=Channel2.RX3i.A137,A137,4011586750,2025-02-13 15:45:18.543,6.612,0.0,84.1
23,ns=2;s=Channel2.RX3i.A138,A138,4012633898,ns=2;s=Channel2.RX3i.A139,A139,3360485178,2025-02-13 15:45:18.543,6.612,0.0,84.1
24,ns=2;s=Channel2.RX3i.A14,A14,3733644347,ns=2;s=Channel2.RX3i.A140,A140,4201957542,2025-02-13 15:45:18.543,6.612,0.0,84.1
25,ns=2;s=Channel2.RX3i.A141,A141,3832412793,ns=2;s=Channel2.RX3i.A142,A142,3739149441,2025-02-13 15:45:18.543,6.612,0.0,84.1
1,ns=2;s=Channel2.RX3i.A1,A1,4030790336,ns=2;s=Channel2.RX3i.A10,A10,4031705165,2025-02-13 15:45:24.824,6.269,5.0,84.3
2,ns=2;s=Channel2.RX3i.A100,A100,4032360539,ns=2;s=Channel2.RX3i.A1000,A1000,4033542863,2025-02-13 15:45:24.824,6.269,0.0,84.3
3,ns=2;s=Channel2.RX3i.A101,A101,4208455795,ns=2;s=Channel2.RX3i.A102,A102,3863804636,2025-02-13 15:45:24.824,6.269,0.0,84.3
4,ns=2;s=Channel2.RX3i.A103,A103,58976,ns=2;s=Channel2.RX3i.A104,A104,3866427392,2025-02-13 15:45:24.824,6.269,0.0,84.3
5,ns=2;s=Channel2.RX3i.A105,A105,4123584142,ns=2;s=Channel2.RX3i.A106,A106,4124112336,2025-02-13 15:45:24.824,6.269,12.5,84.3
6,ns=2;s=Channel2.RX3i.A107,A107,4039505370,ns=2;s=Channel2.RX3i.A108,A108,4040552660,2025-02-13 15:45:24.824,6.269,100.0,84.3
7,ns=2;s=Channel2.RX3i.A109,A109,3452891361,ns=2;s=Channel2.RX3i.A11,A11,3456168176,2025-02-13 15:45:24.824,6.269,0.0,84.3
8,ns=2;s=Channel2.RX3i.A110,A110,4211199528,ns=2;s=Channel2.RX3i.A111,A111,3878615814,2025-02-13 15:45:24.824,6.269,33.3,84.3
9,ns=2;s=Channel2.RX3i.A112,A112,3794593602,ns=2;s=Channel2.RX3i.A113,A113,3880903236,2025-02-13 15:45:24.824,6.269,0.0,84.3
10,ns=2;s=Channel2.RX3i.A114,A114,3880839013,ns=2;s=Channel2.RX3i.A115,A115,3883853673,2025-02-13 15:45:24.824,6.269,0.0,84.3
11,ns=2;s=Channel2.RX3i.A116,A116,3885164434,ns=2;s=Channel2.RX3i.A117,A117,3886802859,2025-02-13 15:45:24.824,6.269,0.0,84.3
12,ns=2;s=Channel2.RX3i.A118,A118,3888441284,ns=2;s=Channel2.RX3i.A119,A119,3889752024,2025-02-13 15:45:24.824,6.269,0.0,84.3
13,ns=2;s=Channel2.RX3i.A12,A12,4214149098,ns=2;s=Channel2.RX3i.A120,A120,3892701189,2025-02-13 15:45:24.824,6.269,14.3,84.3
14,ns=2;s=Channel2.RX3i.A121,A121,3894011929,ns=2;s=Channel2.RX3i.A122,A122,3895650354,2025-02-13 15:45:24.824,6.269,20.0,84.3
15,ns=2;s=Channel2.RX3i.A123,A123,3896961094,ns=2;s=Channel2.RX3i.A124,A124,3898271834,2025-02-13 15:45:24.824,6.269,0.0,84.3
16,ns=2;s=Channel2.RX3i.A125,A125,3899582574,ns=2;s=Channel2.RX3i.A126,A126,3901220999,2025-02-13 15:45:24.824,6.269,0.0,84.3
17,ns=2;s=Channel2.RX3i.A127,A127,4058704032,ns=2;s=Channel2.RX3i.A128,A128,4216713721,2025-02-13 15:45:24.824,6.269,0.0,84.3
18,ns=2;s=Channel2.RX3i.A129,A129,4060674905,ns=2;s=Channel2.RX3i.A13,A13,3907779423,2025-02-13 15:45:24.824,6.269,0.0,84.3
19,ns=2;s=Channel2.RX3i.A130,A130,4062245411,ns=2;s=Channel2.RX3i.A131,A131,4218090028,2025-02-13 15:45:24.824,6.269,0.0,84.3
20,ns=2;s=Channel2.RX3i.A132,A132,3911646062,ns=2;s=Channel2.RX3i.A133,A133,3913083199,2025-02-13 15:45:24.824,6.269,50.0,84.3
21,ns=2;s=Channel2.RX3i.A134,A134,3914983765,ns=2;s=Channel2.RX3i.A135,A135,4142852461,2025-02-13 15:45:24.824,6.269,0.0,84.3
22,ns=2;s=Channel2.RX3i.A136,A136,4143380214,ns=2;s=Channel2.RX3i.A137,A137,4068407040,2025-02-13 15:45:24.824,6.269,12.5,84.3
23,ns=2;s=Channel2.RX3i.A138,A138,4069454477,ns=2;s=Channel2.RX3i.A139,A139,3549885085,2025-02-13 15:45:24.824,6.269,0.0,84.3
24,ns=2;s=Channel2.RX3i.A14,A14,3847285216,ns=2;s=Channel2.RX3i.A140,A140,4220834790,2025-02-13 15:45:24.824,6.269,12.5,84.3
25,ns=2;s=Channel2.RX3i.A141,A141,3926457240,ns=2;s=Channel2.RX3i.A142,A142,3852397089,2025-02-13 15:45:24.824,6.269,0.0,84.3
1,ns=2;s=Channel2.RX3i.A1,A1,4030790336,ns=2;s=Channel2.RX3i.A10,A10,4031705165,2025-02-13 15:45:24.827,6.284,5.0,84.3
2,ns=2;s=Channel2.RX3i.A100,A100,4032360539,ns=2;s=Channel2.RX3i.A1000,A1000,4033542863,2025-02-13 15:45:24.827,6.284,0.0,84.3
3,ns=2;s=Channel2.RX3i.A101,A101,4208455795,ns=2;s=Channel2.RX3i.A102,A102,3863804636,2025-02-13 15:45:24.827,6.284,0.0,84.3
4,ns=2;s=Channel2.RX3i.A103,A103,58976,ns=2;s=Channel2.RX3i.A104,A104,3866427392,2025-02-13 15:45:24.827,6.284,0.0,84.3
5,ns=2;s=Channel2.RX3i.A105,A105,4123584142,ns=2;s=Channel2.RX3i.A106,A106,4124112336,2025-02-13 15:45:24.827,6.284,12.5,84.3
6,ns=2;s=Channel2.RX3i.A107,A107,4039505370,ns=2;s=Channel2.RX3i.A108,A108,4040552660,2025-02-13 15:45:24.827,6.284,25.0,84.3
7,ns=2;s=Channel2.RX3i.A109,A109,3452891361,ns=2;s=Channel2.RX3i.A11,A11,3456168176,2025-02-13 15:45:24.827,6.284,0.0,84.3
8,ns=2;s=Channel2.RX3i.A110,A110,4211199528,ns=2;s=Channel2.RX3i.A111,A111,3878615814,2025-02-13 15:45:24.827,6.284,33.3,84.3
9,ns=2;s=Channel2.RX3i.A112,A112,3794593602,ns=2;s=Channel2.RX3i.A113,A113,3880903236,2025-02-13 15:45:24.827,6.284,0.0,84.3
10,ns=2;s=Channel2.RX3i.A114,A114,3880839013,ns=2;s=Channel2.RX3i.A115,A115,3883853673,2025-02-13 15:45:24.827,6.284,0.0,84.3
11,ns=2;s=Channel2.RX3i.A116,A116,3885164434,ns=2;s=Channel2.RX3i.A117,A117,3886802859,2025-02-13 15:45:24.827,6.284,0.0,84.3
12,ns=2;s=Channel2.RX3i.A118,A118,3888441284,ns=2;s=Channel2.RX3i.A119,A119,3889752024,2025-02-13 15:45:24.827,6.284,0.0,84.3
13,ns=2;s=Channel2.RX3i.A12,A12,4214149098,ns=2;s=Channel2.RX3i.A120,A120,3892701189,2025-02-13 15:45:24.827,6.284,14.3,84.3
14,ns=2;s=Channel2.RX3i.A121,A121,3894011929,ns=2;s=Channel2.RX3i.A122,A122,3895650354,2025-02-13 15:45:24.827,6.284,0.0,84.3
15,ns=2;s=Channel2.RX3i.A123,A123,3896961094,ns=2;s=Channel2.RX3i.A124,A124,3898271834,2025-02-13 15:45:24.827,6.284,12.5,84.3
16,ns=2;s=Channel2.RX3i.A125,A125,3899582574,ns=2;s=Channel2.RX3i.A126,A126,3901220999,2025-02-13 15:45:24.827,6.284,0.0,84.3
17,ns=2;s=Channel2.RX3i.A127,A127,4058704032,ns=2;s=Channel2.RX3i.A128,A128,4216713721,2025-02-13 15:45:24.827,6.284,0.0,84.3
18,ns=2;s=Channel2.RX3i.A129,A129,4060674905,ns=2;s=Channel2.RX3i.A13,A13,3907779423,2025-02-13 15:45:24.827,6.284,0.0,84.3
19,ns=2;s=Channel2.RX3i.A130,A130,4062245411,ns=2;s=Channel2.RX3i.A131,A131,4218090028,2025-02-13 15:45:24.827,6.284,0.0,84.3
20,ns=2;s=Channel2.RX3i.A132,A132,3911646062,ns=2;s=Channel2.RX3i.A133,A133,3913083199,2025-02-13 15:45:24.827,6.284,14.3,84.3
21,ns=2;s=Channel2.RX3i.A134,A134,3914983765,ns=2;s=Channel2.RX3i.A135,A135,4142852461,2025-02-13 15:45:24.827,6.284,0.0,84.3
22,ns=2;s=Channel2.RX3i.A136,A136,4143380214,ns=2;s=Channel2.RX3i.A137,A137,4068407040,2025-02-13 15:45:24.827,6.284,20.0,84.3
23,ns=2;s=Channel2.RX3i.A138,A138,4069454477,ns=2;s=Channel2.RX3i.A139,A139,3549885085,2025-02-13 15:45:24.827,6.284,0.0,84.3
24,ns=2;s=Channel2.RX3i.A14,A14,3847285216,ns=2;s=Channel2.RX3i.A140,A140,4220834790,2025-02-13 15:45:24.827,6.284,100.0,84.3
25,ns=2;s=Channel2.RX3i.A141,A141,3926457240,ns=2;s=Channel2.RX3i.A142,A142,3852397089,2025-02-13 15:45:24.827,6.284,0.0,84.3
1,ns=2;s=Channel2.RX3i.A1,A1,4081515458,ns=2;s=Channel2.RX3i.A10,A10,4082234192,2025-02-13 15:45:30.448,5.623,4.5,84.2
2,ns=2;s=Channel2.RX3i.A100,A100,4083086177,ns=2;s=Channel2.RX3i.A1000,A1000,4084267985,2025-02-13 15:45:30.448,5.623,10.0,84.2
3,ns=2;s=Channel2.RX3i.A101,A101,4225430396,ns=2;s=Channel2.RX3i.A102,A102,3948674015,2025-02-13 15:45:30.448,5.623,25.0,84.2
4,ns=2;s=Channel2.RX3i.A103,A103,60271,ns=2;s=Channel2.RX3i.A104,A104,3951296512,2025-02-13 15:45:30.448,5.623,16.7,84.2
5,ns=2;s=Channel2.RX3i.A105,A105,4157533085,ns=2;s=Channel2.RX3i.A106,A106,4158191576,2025-02-13 15:45:30.448,5.623,0.0,84.2
6,ns=2;s=Channel2.RX3i.A107,A107,4090427360,ns=2;s=Channel2.RX3i.A108,A108,4091474909,2025-02-13 15:45:30.448,5.623,0.0,84.2
7,ns=2;s=Channel2.RX3i.A109,A109,3622630378,ns=2;s=Channel2.RX3i.A11,A11,3625251830,2025-02-13 15:45:30.448,5.623,25.0,84.2
8,ns=2;s=Channel2.RX3i.A110,A110,4228175942,ns=2;s=Channel2.RX3i.A111,A111,3963157512,2025-02-13 15:45:30.448,5.623,0.0,84.2
9,ns=2;s=Channel2.RX3i.A112,A112,3896044620,ns=2;s=Channel2.RX3i.A113,A113,3965773910,2025-02-13 15:45:30.448,5.623,25.0,84.2
10,ns=2;s=Channel2.RX3i.A114,A114,3965709428,ns=2;s=Channel2.RX3i.A115,A115,3968396403,2025-02-13 15:45:30.448,5.623,0.0,84.2
11,ns=2;s=Channel2.RX3i.A116,A116,3969707164,ns=2;s=Channel2.RX3i.A117,A117,3971345589,2025-02-13 15:45:30.448,5.623,14.3,84.2
12,ns=2;s=Channel2.RX3i.A118,A118,3972656329,ns=2;s=Channel2.RX3i.A119,A119,3973967069,2025-02-13 15:45:30.448,5.623,0.0,84.2
13,ns=2;s=Channel2.RX3i.A12,A12,4230928874,ns=2;s=Channel2.RX3i.A120,A120,3976916234,2025-02-13 15:45:30.448,5.623,20.0,84.2
14,ns=2;s=Channel2.RX3i.A121,A121,3978226974,ns=2;s=Channel2.RX3i.A122,A122,3979865399,2025-02-13 15:45:30.448,5.623,0.0,84.2
15,ns=2;s=Channel2.RX3i.A123,A123,3981176139,ns=2;s=Channel2.RX3i.A124,A124,3982814564,2025-02-13 15:45:30.448,5.623,16.7,84.2
16,ns=2;s=Channel2.RX3i.A125,A125,3984125304,ns=2;s=Channel2.RX3i.A126,A126,3985436044,2025-02-13 15:45:30.448,5.623,75.0,84.2
17,ns=2;s=Channel2.RX3i.A127,A127,4109036960,ns=2;s=Channel2.RX3i.A128,A128,4233491705,2025-02-13 15:45:30.448,5.623,0.0,84.2
18,ns=2;s=Channel2.RX3i.A129,A129,4111203418,ns=2;s=Channel2.RX3i.A13,A13,3991665759,2025-02-13 15:45:30.448,5.623,0.0,84.2
19,ns=2;s=Channel2.RX3i.A130,A130,4112774438,ns=2;s=Channel2.RX3i.A131,A131,4234933551,2025-02-13 15:45:30.448,5.623,0.0,84.2
20,ns=2;s=Channel2.RX3i.A132,A132,3995860079,ns=2;s=Channel2.RX3i.A133,A133,3997298244,2025-02-13 15:45:30.448,5.623,33.3,84.2
21,ns=2;s=Channel2.RX3i.A134,A134,3998871125,ns=2;s=Channel2.RX3i.A135,A135,4176408173,2025-02-13 15:45:30.448,5.623,0.0,84.2
22,ns=2;s=Channel2.RX3i.A136,A136,4176935158,ns=2;s=Channel2.RX3i.A137,A137,4118739200,2025-02-13 15:45:30.448,5.623,0.0,84.2
23,ns=2;s=Channel2.RX3i.A138,A138,4119590282,ns=2;s=Channel2.RX3i.A139,A139,3716347287,2025-02-13 15:45:30.448,5.623,0.0,84.2
24,ns=2;s=Channel2.RX3i.A14,A14,3947163350,ns=2;s=Channel2.RX3i.A140,A140,4237549020,2025-02-13 15:45:30.448,5.623,14.3,84.2
25,ns=2;s=Channel2.RX3i.A141,A141,4010015895,ns=2;s=Channel2.RX3i.A142,A142,3952668444,2025-02-13 15:45:30.448,5.623,50.0,84.2
1,ns=2;s=Channel2.RX3i.A1,A1,4081515458,ns=2;s=Channel2.RX3i.A10,A10,4082234192,2025-02-13 15:45:30.449,5.623,4.5,84.2
2,ns=2;s=Channel2.RX3i.A100,A100,4083086177,ns=2;s=Channel2.RX3i.A1000,A1000,4084267985,2025-02-13 15:45:30.449,5.623,10.0,84.2
3,ns=2;s=Channel2.RX3i.A101,A101,4225430396,ns=2;s=Channel2.RX3i.A102,A102,3948674015,2025-02-13 15:45:30.449,5.623,0.0,84.2
4,ns=2;s=Channel2.RX3i.A103,A103,60271,ns=2;s=Channel2.RX3i.A104,A104,3951296512,2025-02-13 15:45:30.449,5.623,22.2,84.2
5,ns=2;s=Channel2.RX3i.A105,A105,4157533085,ns=2;s=Channel2.RX3i.A106,A106,4158191576,2025-02-13 15:45:30.449,5.623,0.0,84.2
6,ns=2;s=Channel2.RX3i.A107,A107,4090427360,ns=2;s=Channel2.RX3i.A108,A108,4091474909,2025-02-13 15:45:30.449,5.623,0.0,84.2
7,ns=2;s=Channel2.RX3i.A109,A109,3622630378,ns=2;s=Channel2.RX3i.A11,A11,3625251830,2025-02-13 15:45:30.449,5.623,12.5,84.2
8,ns=2;s=Channel2.RX3i.A110,A110,4228175942,ns=2;s=Channel2.RX3i.A111,A111,3963157512,2025-02-13 15:45:30.449,5.623,0.0,84.2
9,ns=2;s=Channel2.RX3i.A112,A112,3896044620,ns=2;s=Channel2.RX3i.A113,A113,3965773910,2025-02-13 15:45:30.449,5.623,22.2,84.2
10,ns=2;s=Channel2.RX3i.A114,A114,3965709428,ns=2;s=Channel2.RX3i.A115,A115,3968396403,2025-02-13 15:45:30.449,5.623,100.0,84.2
11,ns=2;s=Channel2.RX3i.A116,A116,3969707164,ns=2;s=Channel2.RX3i.A117,A117,3971345589,2025-02-13 15:45:30.449,5.623,0.0,84.2
12,ns=2;s=Channel2.RX3i.A118,A118,3972656329,ns=2;s=Channel2.RX3i.A119,A119,3973967069,2025-02-13 15:45:30.449,5.623,12.5,84.2
13,ns=2;s=Channel2.RX3i.A12,A12,4230928874,ns=2;s=Channel2.RX3i.A120,A120,3976916234,2025-02-13 15:45:30.449,5.623,0.0,84.2
14,ns=2;s=Channel2.RX3i.A121,A121,3978226974,ns=2;s=Channel2.RX3i.A122,A122,3979865399,2025-02-13 15:45:30.449,5.623,16.7,84.2
15,ns=2;s=Channel2.RX3i.A123,A123,3981176139,ns=2;s=Channel2.RX3i.A124,A124,3982814564,2025-02-13 15:45:30.449,5.623,30.0,84.2
16,ns=2;s=Channel2.RX3i.A125,A125,3984125304,ns=2;s=Channel2.RX3i.A126,A126,3985436044,2025-02-13 15:45:30.449,5.623,0.0,84.2
17,ns=2;s=Channel2.RX3i.A127,A127,4109036960,ns=2;s=Channel2.RX3i.A128,A128,4233491705,2025-02-13 15:45:30.449,5.623,0.0,84.2
18,ns=2;s=Channel2.RX3i.A129,A129,4111203418,ns=2;s=Channel2.RX3i.A13,A13,3991665759,2025-02-13 15:45:30.449,5.623,0.0,84.2
19,ns=2;s=Channel2.RX3i.A130,A130,4112774438,ns=2;s=Channel2.RX3i.A131,A131,4234933551,2025-02-13 15:45:30.449,5.623,14.3,84.2
20,ns=2;s=Channel2.RX3i.A132,A132,3995860079,ns=2;s=Channel2.RX3i.A133,A133,3997298244,2025-02-13 15:45:30.449,5.623,0.0,84.2
21,ns=2;s=Channel2.RX3i.A134,A134,3998871125,ns=2;s=Channel2.RX3i.A135,A135,4176408173,2025-02-13 15:45:30.449,5.623,0.0,84.2
22,ns=2;s=Channel2.RX3i.A136,A136,4176935158,ns=2;s=Channel2.RX3i.A137,A137,4118739200,2025-02-13 15:45:30.449,5.623,25.0,84.2
23,ns=2;s=Channel2.RX3i.A138,A138,4119590282,ns=2;s=Channel2.RX3i.A139,A139,3716347287,2025-02-13 15:45:30.449,5.623,20.0,84.2
24,ns=2;s=Channel2.RX3i.A14,A14,3947163350,ns=2;s=Channel2.RX3i.A140,A140,4237549020,2025-02-13 15:45:30.449,5.623,25.0,84.2
25,ns=2;s=Channel2.RX3i.A141,A141,4010015895,ns=2;s=Channel2.RX3i.A142,A142,3952668444,2025-02-13 15:45:30.449,5.623,16.7,84.2
1,ns=2;s=Channel2.RX3i.A1,A1,4131650753,ns=2;s=Channel2.RX3i.A10,A10,4132369997,2025-02-13 15:45:36.006,5.557,5.1,84.2
2,ns=2;s=Channel2.RX3i.A100,A100,4133025371,ns=2;s=Channel2.RX3i.A1000,A1000,4134010062,2025-02-13 15:45:36.006,5.557,0.0,84.2
3,ns=2;s=Channel2.RX3i.A101,A101,4242011763,ns=2;s=Channel2.RX3i.A102,A102,4031249627,2025-02-13 15:45:36.006,5.557,0.0,84.2
4,ns=2;s=Channel2.RX3i.A103,A103,61531,ns=2;s=Channel2.RX3i.A104,A104,4033871872,2025-02-13 15:45:36.006,5.557,50.0,84.2
5,ns=2;s=Channel2.RX3i.A105,A105,4190564489,ns=2;s=Channel2.RX3i.A106,A106,4191091150,2025-02-13 15:45:36.006,5.557,16.7,84.2
6,ns=2;s=Channel2.RX3i.A107,A107,4139776470,ns=2;s=Channel2.RX3i.A108,A108,4140824270,2025-02-13 15:45:36.006,5.557,20.0,84.2
7,ns=2;s=Channel2.RX3i.A109,A109,3787126491,ns=2;s=Channel2.RX3i.A11,A11,3789747943,2025-02-13 15:45:36.006,5.557,33.3,84.2
8,ns=2;s=Channel2.RX3i.A110,A110,4244562442,ns=2;s=Channel2.RX3i.A111,A111,4045405443,2025-02-13 15:45:36.006,5.557,14.3,84.2
9,ns=2;s=Channel2.RX3i.A112,A112,3994743091,ns=2;s=Channel2.RX3i.A113,A113,4048023096,2025-02-13 15:45:36.006,5.557,0.0,84.2
10,ns=2;s=Channel2.RX3i.A114,A114,4047958363,ns=2;s=Channel2.RX3i.A115,A115,4050645338,2025-02-13 15:45:36.006,5.557,0.0,84.2
11,ns=2;s=Channel2.RX3i.A116,A116,4052283784,ns=2;s=Channel2.RX3i.A117,A117,4053594524,2025-02-13 15:45:36.006,5.557,0.0,84.2
12,ns=2;s=Channel2.RX3i.A118,A118,4055232949,ns=2;s=Channel2.RX3i.A119,A119,4056543689,2025-02-13 15:45:36.006,5.557,16.7,84.2
13,ns=2;s=Channel2.RX3i.A12,A12,4247446466,ns=2;s=Channel2.RX3i.A120,A120,4059492854,2025-02-13 15:45:36.006,5.557,33.3,84.2
14,ns=2;s=Channel2.RX3i.A121,A121,4060803594,ns=2;s=Channel2.RX3i.A122,A122,4062114334,2025-02-13 15:45:36.006,5.557,0.0,84.2
15,ns=2;s=Channel2.RX3i.A123,A123,4063752759,ns=2;s=Channel2.RX3i.A124,A124,4065063499,2025-02-13 15:45:36.006,5.557,0.0,84.2
16,ns=2;s=Channel2.RX3i.A125,A125,4066374239,ns=2;s=Channel2.RX3i.A126,A126,4068012664,2025-02-13 15:45:36.006,5.557,0.0,84.2
17,ns=2;s=Channel2.RX3i.A127,A127,4158780049,ns=2;s=Channel2.RX3i.A128,A128,4250007533,2025-02-13 15:45:36.006,5.557,0.0,84.2
18,ns=2;s=Channel2.RX3i.A129,A129,4160552277,ns=2;s=Channel2.RX3i.A13,A13,4073913690,2025-02-13 15:45:36.006,5.557,0.0,84.2
19,ns=2;s=Channel2.RX3i.A130,A130,4162123799,ns=2;s=Channel2.RX3i.A131,A131,4251383840,2025-02-13 15:45:36.006,5.557,0.0,84.2
20,ns=2;s=Channel2.RX3i.A132,A132,4078108010,ns=2;s=Channel2.RX3i.A133,A133,4079547179,2025-02-13 15:45:36.006,5.557,66.7,84.2
21,ns=2;s=Channel2.RX3i.A134,A134,4081447745,ns=2;s=Channel2.RX3i.A135,A135,4209439577,2025-02-13 15:45:36.006,5.557,0.0,84.2
22,ns=2;s=Channel2.RX3i.A136,A136,4209965806,ns=2;s=Channel2.RX3i.A137,A137,4168284920,2025-02-13 15:45:36.006,5.557,0.0,84.2
23,ns=2;s=Channel2.RX3i.A138,A138,4169136254,ns=2;s=Channel2.RX3i.A139,A139,3881498763,2025-02-13 15:45:36.006,5.557,0.0,84.2
24,ns=2;s=Channel2.RX3i.A14,A14,4046255042,ns=2;s=Channel2.RX3i.A140,A140,4254066612,2025-02-13 15:45:36.006,5.557,0.0,84.2
25,ns=2;s=Channel2.RX3i.A141,A141,4092591507,ns=2;s=Channel2.RX3i.A142,A142,4051366915,2025-02-13 15:45:36.006,5.557,0.0,84.2
1,ns=2;s=Channel2.RX3i.A1,A1,4131650753,ns=2;s=Channel2.RX3i.A10,A10,4132369997,2025-02-13 15:45:35.993,5.545,5.2,84.2
2,ns=2;s=Channel2.RX3i.A100,A100,4133025371,ns=2;s=Channel2.RX3i.A1000,A1000,4134010062,2025-02-13 15:45:35.993,5.545,0.0,84.2
3,ns=2;s=Channel2.RX3i.A101,A101,4242011763,ns=2;s=Channel2.RX3i.A102,A102,4031249627,2025-02-13 15:45:35.993,5.545,0.0,84.2
4,ns=2;s=Channel2.RX3i.A103,A103,61531,ns=2;s=Channel2.RX3i.A104,A104,4033871872,2025-02-13 15:45:35.993,5.545,25.0,84.2
5,ns=2;s=Channel2.RX3i.A105,A105,4190564489,ns=2;s=Channel2.RX3i.A106,A106,4191091150,2025-02-13 15:45:35.993,5.545,0.0,84.2
6,ns=2;s=Channel2.RX3i.A107,A107,4139776470,ns=2;s=Channel2.RX3i.A108,A108,4140824270,2025-02-13 15:45:35.993,5.545,28.6,84.2
7,ns=2;s=Channel2.RX3i.A109,A109,3787126491,ns=2;s=Channel2.RX3i.A11,A11,3789747943,2025-02-13 15:45:35.993,5.545,0.0,84.2
8,ns=2;s=Channel2.RX3i.A110,A110,4244562442,ns=2;s=Channel2.RX3i.A111,A111,4045405443,2025-02-13 15:45:35.993,5.545,12.5,84.2
9,ns=2;s=Channel2.RX3i.A112,A112,3994743091,ns=2;s=Channel2.RX3i.A113,A113,4048023096,2025-02-13 15:45:35.993,5.545,0.0,84.2
10,ns=2;s=Channel2.RX3i.A114,A114,4047958363,ns=2;s=Channel2.RX3i.A115,A115,4050645338,2025-02-13 15:45:35.993,5.545,0.0,84.2
11,ns=2;s=Channel2.RX3i.A116,A116,4052283784,ns=2;s=Channel2.RX3i.A117,A117,4053594524,2025-02-13 15:45:35.993,5.545,25.0,84.2
12,ns=2;s=Channel2.RX3i.A118,A118,4055232949,ns=2;s=Channel2.RX3i.A119,A119,4056543689,2025-02-13 15:45:35.993,5.545,0.0,84.2
13,ns=2;s=Channel2.RX3i.A12,A12,4247446466,ns=2;s=Channel2.RX3i.A120,A120,4059492854,2025-02-13 15:45:35.993,5.545,12.5,84.2
14,ns=2;s=Channel2.RX3i.A121,A121,4060803594,ns=2;s=Channel2.RX3i.A122,A122,4062114334,2025-02-13 15:45:35.993,5.545,0.0,84.2
15,ns=2;s=Channel2.RX3i.A123,A123,4063752759,ns=2;s=Channel2.RX3i.A124,A124,4065063499,2025-02-13 15:45:35.993,5.545,0.0,84.2
16,ns=2;s=Channel2.RX3i.A125,A125,4066374239,ns=2;s=Channel2.RX3i.A126,A126,4068012664,2025-02-13 15:45:35.993,5.545,0.0,84.2
17,ns=2;s=Channel2.RX3i.A127,A127,4158780049,ns=2;s=Channel2.RX3i.A128,A128,4250007533,2025-02-13 15:45:35.993,5.545,0.0,84.2
18,ns=2;s=Channel2.RX3i.A129,A129,4160552277,ns=2;s=Channel2.RX3i.A13,A13,4073913690,2025-02-13 15:45:35.993,5.545,0.0,84.2
19,ns=2;s=Channel2.RX3i.A130,A130,4162123799,ns=2;s=Channel2.RX3i.A131,A131,4251383840,2025-02-13 15:45:35.993,5.545,25.0,84.2
20,ns=2;s=Channel2.RX3i.A132,A132,4078108010,ns=2;s=Channel2.RX3i.A133,A133,4079547179,2025-02-13 15:45:35.993,5.545,0.0,84.2
21,ns=2;s=Channel2.RX3i.A134,A134,4081447745,ns=2;s=Channel2.RX3i.A135,A135,4209439577,2025-02-13 15:45:35.993,5.545,0.0,84.2
22,ns=2;s=Channel2.RX3i.A136,A136,4209965806,ns=2;s=Channel2.RX3i.A137,A137,4168284920,2025-02-13 15:45:35.993,5.545,0.0,84.2
23,ns=2;s=Channel2.RX3i.A138,A138,4169136254,ns=2;s=Channel2.RX3i.A139,A139,3881498763,2025-02-13 15:45:35.993,5.545,0.0,84.2
24,ns=2;s=Channel2.RX3i.A14,A14,4046255042,ns=2;s=Channel2.RX3i.A140,A140,4254066612,2025-02-13 15:45:35.993,5.545,0.0,84.2
25,ns=2;s=Channel2.RX3i.A141,A141,4092591507,ns=2;s=Channel2.RX3i.A142,A142,4051366915,2025-02-13 15:45:35.993,5.545,25.0,84.2
1,ns=2;s=Channel2.RX3i.A1,A1,4180999612,ns=2;s=Channel2.RX3i.A10,A10,4181915969,2025-02-13 15:45:41.466,5.46,5.0,84.3
2,ns=2;s=Channel2.RX3i.A100,A100,4182571343,ns=2;s=Channel2.RX3i.A1000,A1000,4183555530,2025-02-13 15:45:41.466,5.46,7.1,84.3
3,ns=2;s=Channel2.RX3i.A101,A101,4258527591,ns=2;s=Channel2.RX3i.A102,A102,4114152920,2025-02-13 15:45:41.466,5.46,100.0,84.3
4,ns=2;s=Channel2.RX3i.A103,A103,62796,ns=2;s=Channel2.RX3i.A104,A104,4116774912,2025-02-13 15:45:41.466,5.46,14.3,84.3
5,ns=2;s=Channel2.RX3i.A105,A105,4223726970,ns=2;s=Channel2.RX3i.A106,A106,4224252872,2025-02-13 15:45:41.466,5.46,0.0,84.3
6,ns=2;s=Channel2.RX3i.A107,A107,4189518800,ns=2;s=Channel2.RX3i.A108,A108,4190566853,2025-02-13 15:45:41.466,5.46,14.3,84.3
7,ns=2;s=Channel2.RX3i.A109,A109,3952933330,ns=2;s=Channel2.RX3i.A11,A11,3955554782,2025-02-13 15:45:41.466,5.46,16.7,84.3
8,ns=2;s=Channel2.RX3i.A110,A110,4261145580,ns=2;s=Channel2.RX3i.A111,A111,4128308736,2025-02-13 15:45:41.466,5.46,0.0,84.3
9,ns=2;s=Channel2.RX3i.A112,A112,4094228004,ns=2;s=Channel2.RX3i.A113,A113,4130599968,2025-02-13 15:45:41.466,5.46,16.7,84.3
10,ns=2;s=Channel2.RX3i.A114,A114,4130862668,ns=2;s=Channel2.RX3i.A115,A115,4133549643,2025-02-13 15:45:41.466,5.46,0.0,84.3
11,ns=2;s=Channel2.RX3i.A116,A116,4134860404,ns=2;s=Channel2.RX3i.A117,A117,4136171144,2025-02-13 15:45:41.466,5.46,12.5,84.3
12,ns=2;s=Channel2.RX3i.A118,A118,4137809569,ns=2;s=Channel2.RX3i.A119,A119,4139120309,2025-02-13 15:45:41.466,5.46,0.0,84.3
13,ns=2;s=Channel2.RX3i.A12,A12,4263964058,ns=2;s=Channel2.RX3i.A120,A120,4141741789,2025-02-13 15:45:41.466,5.46,12.5,84.3
14,ns=2;s=Channel2.RX3i.A121,A121,4143052529,ns=2;s=Channel2.RX3i.A122,A122,4144690954,2025-02-13 15:45:41.466,5.46,0.0,84.3
15,ns=2;s=Channel2.RX3i.A123,A123,4146001694,ns=2;s=Channel2.RX3i.A124,A124,4147312434,2025-02-13 15:45:41.466,5.46,0.0,84.3
16,ns=2;s=Channel2.RX3i.A125,A125,4148623174,ns=2;s=Channel2.RX3i.A126,A126,4150261599,2025-02-13 15:45:41.466,5.46,0.0,84.3
17,ns=2;s=Channel2.RX3i.A127,A127,4207933299,ns=2;s=Channel2.RX3i.A128,A128,4266392283,2025-02-13 15:45:41.466,5.46,14.3,84.3
18,ns=2;s=Channel2.RX3i.A129,A129,4209704527,ns=2;s=Channel2.RX3i.A13,A13,4156161621,2025-02-13 15:45:41.466,5.46,0.0,84.3
19,ns=2;s=Channel2.RX3i.A130,A130,4211276549,ns=2;s=Channel2.RX3i.A131,A131,4267768590,2025-02-13 15:45:41.466,5.46,0.0,84.3
20,ns=2;s=Channel2.RX3i.A132,A132,4160355941,ns=2;s=Channel2.RX3i.A133,A133,4161468429,2025-02-13 15:45:41.466,5.46,50.0,84.3
21,ns=2;s=Channel2.RX3i.A134,A134,4163041310,ns=2;s=Channel2.RX3i.A135,A135,4242077750,2025-02-13 15:45:41.466,5.46,16.7,84.3
22,ns=2;s=Channel2.RX3i.A136,A136,4242734306,ns=2;s=Channel2.RX3i.A137,A137,4217240810,2025-02-13 15:45:41.466,5.46,0.0,84.3
23,ns=2;s=Channel2.RX3i.A138,A138,4218092393,ns=2;s=Channel2.RX3i.A139,A139,4045339513,2025-02-13 15:45:41.466,5.46,0.0,84.3
24,ns=2;s=Channel2.RX3i.A14,A14,4144560292,ns=2;s=Channel2.RX3i.A140,A140,4270453112,2025-02-13 15:45:41.466,5.46,66.7,84.3
25,ns=2;s=Channel2.RX3i.A141,A141,4174839438,ns=2;s=Channel2.RX3i.A142,A142,4150065386,2025-02-13 15:45:41.466,5.46,20.0,84.3
1,ns=2;s=Channel2.RX3i.A1,A1,4180999612,ns=2;s=Channel2.RX3i.A10,A10,4181915969,2025-02-13 15:45:41.467,5.474,4.9,84.3
2,ns=2;s=Channel2.RX3i.A100,A100,4182571343,ns=2;s=Channel2.RX3i.A1000,A1000,4183555530,2025-02-13 15:45:41.467,5.474,11.1,84.3
3,ns=2;s=Channel2.RX3i.A101,A101,4258527591,ns=2;s=Channel2.RX3i.A102,A102,4114152920,2025-02-13 15:45:41.467,5.474,16.7,84.3
4,ns=2;s=Channel2.RX3i.A103,A103,62796,ns=2;s=Channel2.RX3i.A104,A104,4116774912,2025-02-13 15:45:41.467,5.474,12.5,84.3
5,ns=2;s=Channel2.RX3i.A105,A105,4223726970,ns=2;s=Channel2.RX3i.A106,A106,4224252872,2025-02-13 15:45:41.467,5.474,16.7,84.3
6,ns=2;s=Channel2.RX3i.A107,A107,4189518800,ns=2;s=Channel2.RX3i.A108,A108,4190566853,2025-02-13 15:45:41.467,5.474,0.0,84.3
7,ns=2;s=Channel2.RX3i.A109,A109,3952933330,ns=2;s=Channel2.RX3i.A11,A11,3955554782,2025-02-13 15:45:41.467,5.474,0.0,84.3
8,ns=2;s=Channel2.RX3i.A110,A110,4261145580,ns=2;s=Channel2.RX3i.A111,A111,4128308736,2025-02-13 15:45:41.467,5.474,12.5,84.3
9,ns=2;s=Channel2.RX3i.A112,A112,4094228004,ns=2;s=Channel2.RX3i.A113,A113,4130599968,2025-02-13 15:45:41.467,5.474,0.0,84.3
10,ns=2;s=Channel2.RX3i.A114,A114,4130862668,ns=2;s=Channel2.RX3i.A115,A115,4133549643,2025-02-13 15:45:41.467,5.474,14.3,84.3
11,ns=2;s=Channel2.RX3i.A116,A116,4134860404,ns=2;s=Channel2.RX3i.A117,A117,4136171144,2025-02-13 15:45:41.467,5.474,50.0,84.3
12,ns=2;s=Channel2.RX3i.A118,A118,4137809569,ns=2;s=Channel2.RX3i.A119,A119,4139120309,2025-02-13 15:45:41.467,5.474,0.0,84.3
13,ns=2;s=Channel2.RX3i.A12,A12,4263964058,ns=2;s=Channel2.RX3i.A120,A120,4141741789,2025-02-13 15:45:41.467,5.474,50.0,84.3
14,ns=2;s=Channel2.RX3i.A121,A121,4143052529,ns=2;s=Channel2.RX3i.A122,A122,4144690954,2025-02-13 15:45:41.467,5.474,0.0,84.3
15,ns=2;s=Channel2.RX3i.A123,A123,4146001694,ns=2;s=Channel2.RX3i.A124,A124,4147312434,2025-02-13 15:45:41.467,5.474,0.0,84.3
16,ns=2;s=Channel2.RX3i.A125,A125,4148623174,ns=2;s=Channel2.RX3i.A126,A126,4150261599,2025-02-13 15:45:41.467,5.474,0.0,84.3
17,ns=2;s=Channel2.RX3i.A127,A127,4207933299,ns=2;s=Channel2.RX3i.A128,A128,4266392283,2025-02-13 15:45:41.467,5.474,14.3,84.3
18,ns=2;s=Channel2.RX3i.A129,A129,4209704527,ns=2;s=Channel2.RX3i.A13,A13,4156161621,2025-02-13 15:45:41.467,5.474,0.0,84.3
19,ns=2;s=Channel2.RX3i.A130,A130,4211276549,ns=2;s=Channel2.RX3i.A131,A131,4267768590,2025-02-13 15:45:41.467,5.474,0.0,84.3
20,ns=2;s=Channel2.RX3i.A132,A132,4160355941,ns=2;s=Channel2.RX3i.A133,A133,4161468429,2025-02-13 15:45:41.467,5.474,25.0,84.3
21,ns=2;s=Channel2.RX3i.A134,A134,4163041310,ns=2;s=Channel2.RX3i.A135,A135,4242077750,2025-02-13 15:45:41.467,5.474,0.0,84.3
22,ns=2;s=Channel2.RX3i.A136,A136,4242734306,ns=2;s=Channel2.RX3i.A137,A137,4217240810,2025-02-13 15:45:41.467,5.474,0.0,84.3
23,ns=2;s=Channel2.RX3i.A138,A138,4218092393,ns=2;s=Channel2.RX3i.A139,A139,4045339513,2025-02-13 15:45:41.467,5.474,33.3,84.3
24,ns=2;s=Channel2.RX3i.A14,A14,4144560292,ns=2;s=Channel2.RX3i.A140,A140,4270453112,2025-02-13 15:45:41.467,5.474,0.0,84.3
25,ns=2;s=Channel2.RX3i.A141,A141,4174839438,ns=2;s=Channel2.RX3i.A142,A142,4150065386,2025-02-13 15:45:41.467,5.474,12.5,84.3
1,ns=2;s=Channel2.RX3i.A1,A1,4234477260,ns=2;s=Channel2.RX3i.A10,A10,4235197550,2025-02-13 15:45:47.371,5.905,4.9,84.0
2,ns=2;s=Channel2.RX3i.A100,A100,4236049535,ns=2;s=Channel2.RX3i.A1000,A1000,4237033178,2025-02-13 15:45:47.371,5.905,9.1,84.0
3,ns=2;s=Channel2.RX3i.A101,A101,4276288660,ns=2;s=Channel2.RX3i.A102,A102,4202626790,2025-02-13 15:45:47.371,5.905,0.0,84.0
4,ns=2;s=Channel2.RX3i.A103,A103,64151,ns=2;s=Channel2.RX3i.A104,A104,4205576192,2025-02-13 15:45:47.371,5.905,33.3,84.0
5,ns=2;s=Channel2.RX3i.A105,A105,4259248837,ns=2;s=Channel2.RX3i.A106,A106,4259773926,2025-02-13 15:45:47.371,5.905,0.0,84.0
6,ns=2;s=Channel2.RX3i.A107,A107,4242800110,ns=2;s=Channel2.RX3i.A108,A108,4243651823,2025-02-13 15:45:47.371,5.905,14.3,84.0
7,ns=2;s=Channel2.RX3i.A109,A109,4130536703,ns=2;s=Channel2.RX3i.A11,A11,4133158155,2025-02-13 15:45:47.371,5.905,0.0,84.0
8,ns=2;s=Channel2.RX3i.A110,A110,4278908546,ns=2;s=Channel2.RX3i.A111,A111,4217110287,2025-02-13 15:45:47.371,5.905,12.5,84.0
9,ns=2;s=Channel2.RX3i.A112,A112,4200790895,ns=2;s=Channel2.RX3i.A113,A113,4219402874,2025-02-13 15:45:47.371,5.905,0.0,84.0
10,ns=2;s=Channel2.RX3i.A114,A114,4219337618,ns=2;s=Channel2.RX3i.A115,A115,4222352278,2025-02-13 15:45:47.371,5.905,25.0,84.0
11,ns=2;s=Channel2.RX3i.A116,A116,4271832734,ns=2;s=Channel2.RX3i.A117,A117,4278058749,2025-02-13 15:45:47.371,5.905,0.0,84.0
12,ns=2;s=Channel2.RX3i.A118,A118,4283629394,ns=2;s=Channel2.RX3i.A119,A119,4286906244,2025-02-13 15:45:47.371,5.905,25.0,84.0
13,ns=2;s=Channel2.RX3i.A12,A12,30,ns=2;s=Channel2.RX3i.A120,A120,6619237,2025-02-13 15:45:47.371,5.905,0.0,84.0
14,ns=2;s=Channel2.RX3i.A121,A121,9896087,ns=2;s=Channel2.RX3i.A122,A122,15794417,2025-02-13 15:45:47.371,5.905,50.0,84.0
15,ns=2;s=Channel2.RX3i.A123,A123,22020432,ns=2;s=Channel2.RX3i.A124,A124,27918762,2025-02-13 15:45:47.371,5.905,0.0,84.0
16,ns=2;s=Channel2.RX3i.A125,A125,34144777,ns=2;s=Channel2.RX3i.A126,A126,37093942,2025-02-13 15:45:47.371,5.905,50.0,84.0
17,ns=2;s=Channel2.RX3i.A127,A127,24969877,ns=2;s=Channel2.RX3i.A128,A128,9634227,2025-02-13 15:45:47.371,5.905,0.0,84.0
18,ns=2;s=Channel2.RX3i.A129,A129,32440486,ns=2;s=Channel2.RX3i.A13,A13,61997242,2025-02-13 15:45:47.371,5.905,20.0,84.0
19,ns=2;s=Channel2.RX3i.A130,A130,39715425,ns=2;s=Channel2.RX3i.A131,A131,14811796,2025-02-13 15:45:47.371,5.905,0.0,84.0
20,ns=2;s=Channel2.RX3i.A132,A132,78971121,ns=2;s=Channel2.RX3i.A133,A133,85001492,2025-02-13 15:45:47.371,5.905,16.7,84.0
21,ns=2;s=Channel2.RX3i.A134,A134,90834278,ns=2;s=Channel2.RX3i.A135,A135,36963740,2025-02-13 15:45:47.371,5.905,0.0,84.0
22,ns=2;s=Channel2.RX3i.A136,A136,39322200,ns=2;s=Channel2.RX3i.A137,A137,60818028,2025-02-13 15:45:47.371,5.905,0.0,84.0
23,ns=2;s=Channel2.RX3i.A138,A138,64422870,ns=2;s=Channel2.RX3i.A139,A139,224789493,2025-02-13 15:45:47.371,5.905,0.0,84.0
24,ns=2;s=Channel2.RX3i.A14,A14,136185569,ns=2;s=Channel2.RX3i.A140,A140,24120958,2025-02-13 15:45:47.371,5.905,0.0,84.0
25,ns=2;s=Channel2.RX3i.A141,A141,127861123,ns=2;s=Channel2.RX3i.A142,A142,158599166,2025-02-13 15:45:47.371,5.905,25.0,84.0
1,ns=2;s=Channel2.RX3i.A1,A1,4234477260,ns=2;s=Channel2.RX3i.A10,A10,4235197550,2025-02-13 15:45:47.371,5.905,4.9,84.0
2,ns=2;s=Channel2.RX3i.A100,A100,4236049535,ns=2;s=Channel2.RX3i.A1000,A1000,4237033178,2025-02-13 15:45:47.371,5.905,12.5,84.0
3,ns=2;s=Channel2.RX3i.A101,A101,4276288660,ns=2;s=Channel2.RX3i.A102,A102,4202626790,2025-02-13 15:45:47.371,5.905,0.0,84.0
4,ns=2;s=Channel2.RX3i.A103,A103,64151,ns=2;s=Channel2.RX3i.A104,A104,4205576192,2025-02-13 15:45:47.371,5.905,12.5,84.0
5,ns=2;s=Channel2.RX3i.A105,A105,4259248837,ns=2;s=Channel2.RX3i.A106,A106,4259773926,2025-02-13 15:45:47.371,5.905,0.0,84.0
6,ns=2;s=Channel2.RX3i.A107,A107,4242800110,ns=2;s=Channel2.RX3i.A108,A108,4243651823,2025-02-13 15:45:47.371,5.905,12.5,84.0
7,ns=2;s=Channel2.RX3i.A109,A109,4130536703,ns=2;s=Channel2.RX3i.A11,A11,4133158155,2025-02-13 15:45:47.371,5.905,25.0,84.0
8,ns=2;s=Channel2.RX3i.A110,A110,4278908546,ns=2;s=Channel2.RX3i.A111,A111,4217110287,2025-02-13 15:45:47.371,5.905,0.0,84.0
9,ns=2;s=Channel2.RX3i.A112,A112,4200790895,ns=2;s=Channel2.RX3i.A113,A113,4219402874,2025-02-13 15:45:47.371,5.905,0.0,84.0
10,ns=2;s=Channel2.RX3i.A114,A114,4219337618,ns=2;s=Channel2.RX3i.A115,A115,4222352278,2025-02-13 15:45:47.371,5.905,25.0,84.0
11,ns=2;s=Channel2.RX3i.A116,A116,4271832734,ns=2;s=Channel2.RX3i.A117,A117,4278058749,2025-02-13 15:45:47.371,5.905,28.6,84.0
12,ns=2;s=Channel2.RX3i.A118,A118,4283629394,ns=2;s=Channel2.RX3i.A119,A119,4286906244,2025-02-13 15:45:47.371,5.905,0.0,84.0
13,ns=2;s=Channel2.RX3i.A12,A12,30,ns=2;s=Channel2.RX3i.A120,A120,6619237,2025-02-13 15:45:47.371,5.905,37.5,84.0
14,ns=2;s=Channel2.RX3i.A121,A121,9896087,ns=2;s=Channel2.RX3i.A122,A122,15794417,2025-02-13 15:45:47.371,5.905,0.0,84.0
15,ns=2;s=Channel2.RX3i.A123,A123,22020432,ns=2;s=Channel2.RX3i.A124,A124,27918762,2025-02-13 15:45:47.371,5.905,33.3,84.0
16,ns=2;s=Channel2.RX3i.A125,A125,34144777,ns=2;s=Channel2.RX3i.A126,A126,37093942,2025-02-13 15:45:47.371,5.905,0.0,84.0
17,ns=2;s=Channel2.RX3i.A127,A127,24969877,ns=2;s=Channel2.RX3i.A128,A128,9634227,2025-02-13 15:45:47.371,5.905,12.5,84.0
18,ns=2;s=Channel2.RX3i.A129,A129,32440486,ns=2;s=Channel2.RX3i.A13,A13,61997242,2025-02-13 15:45:47.371,5.905,0.0,84.0
19,ns=2;s=Channel2.RX3i.A130,A130,39715425,ns=2;s=Channel2.RX3i.A131,A131,14811796,2025-02-13 15:45:47.371,5.905,14.3,84.0
20,ns=2;s=Channel2.RX3i.A132,A132,78971121,ns=2;s=Channel2.RX3i.A133,A133,85001492,2025-02-13 15:45:47.371,5.905,0.0,84.0
21,ns=2;s=Channel2.RX3i.A134,A134,90834278,ns=2;s=Channel2.RX3i.A135,A135,36963740,2025-02-13 15:45:47.371,5.905,0.0,84.0
22,ns=2;s=Channel2.RX3i.A136,A136,39322200,ns=2;s=Channel2.RX3i.A137,A137,60818028,2025-02-13 15:45:47.371,5.905,50.0,84.0
23,ns=2;s=Channel2.RX3i.A138,A138,64422870,ns=2;s=Channel2.RX3i.A139,A139,224789493,2025-02-13 15:45:47.371,5.905,16.7,84.0
24,ns=2;s=Channel2.RX3i.A14,A14,136185569,ns=2;s=Channel2.RX3i.A140,A140,24120958,2025-02-13 15:45:47.371,5.905,0.0,84.0
25,ns=2;s=Channel2.RX3i.A141,A141,127861123,ns=2;s=Channel2.RX3i.A142,A142,158599166,2025-02-13 15:45:47.371,5.905,0.0,84.0
1,ns=2;s=Channel2.RX3i.A1,A1,93782493,ns=2;s=Channel2.RX3i.A10,A10,97256907,2025-02-13 15:46:04.368,16.997,6.3,84.7
2,ns=2;s=Channel2.RX3i.A100,A100,100861446,ns=2;s=Channel2.RX3i.A1000,A1000,104595989,2025-02-13 15:46:04.368,16.997,12.5,84.8
3,ns=2;s=Channel2.RX3i.A101,A101,36308588,ns=2;s=Channel2.RX3i.A102,A102,184812084,2025-02-13 15:46:04.368,16.997,0.0,84.8
4,ns=2;s=Channel2.RX3i.A103,A103,2870,ns=2;s=Channel2.RX3i.A104,A104,191102976,2025-02-13 15:46:04.368,16.997,14.3,84.8
5,ns=2;s=Channel2.RX3i.A105,A105,78121918,ns=2;s=Channel2.RX3i.A106,A106,79430844,2025-02-13 15:46:04.368,16.997,0.0,84.8
6,ns=2;s=Channel2.RX3i.A107,A107,122750178,ns=2;s=Channel2.RX3i.A108,A108,124585836,2025-02-13 15:46:04.368,16.997,0.0,84.8
7,ns=2;s=Channel2.RX3i.A109,A109,425330571,ns=2;s=Channel2.RX3i.A11,A11,431884201,2025-02-13 15:46:04.368,16.997,0.0,84.8
8,ns=2;s=Channel2.RX3i.A110,A110,43653666,ns=2;s=Channel2.RX3i.A111,A111,225182380,2025-02-13 15:46:04.368,16.997,0.0,84.8
9,ns=2;s=Channel2.RX3i.A112,A112,271846814,ns=2;s=Channel2.RX3i.A113,A113,231084138,2025-02-13 15:46:04.368,16.997,12.5,84.8
10,ns=2;s=Channel2.RX3i.A114,A114,234294796,ns=2;s=Channel2.RX3i.A115,A115,238947881,2025-02-13 15:46:04.368,16.997,0.0,84.8
11,ns=2;s=Channel2.RX3i.A116,A116,244846232,ns=2;s=Channel2.RX3i.A117,A117,248123082,2025-02-13 15:46:04.368,16.997,0.0,84.8
12,ns=2;s=Channel2.RX3i.A118,A118,251072247,ns=2;s=Channel2.RX3i.A119,A119,256642892,2025-02-13 15:46:04.368,16.997,0.0,84.8
13,ns=2;s=Channel2.RX3i.A12,A12,52371284,ns=2;s=Channel2.RX3i.A120,A120,265490387,2025-02-13 15:46:04.368,16.997,0.0,84.8
14,ns=2;s=Channel2.RX3i.A121,A121,271716402,ns=2;s=Channel2.RX3i.A122,A122,274665567,2025-02-13 15:46:04.368,16.997,0.0,84.8
15,ns=2;s=Channel2.RX3i.A123,A123,280563897,ns=2;s=Channel2.RX3i.A124,A124,286789912,2025-02-13 15:46:04.368,16.997,50.0,84.8
16,ns=2;s=Channel2.RX3i.A125,A125,292688242,ns=2;s=Channel2.RX3i.A126,A126,295637407,2025-02-13 15:46:04.368,16.997,0.0,84.8
17,ns=2;s=Channel2.RX3i.A127,A127,180097534,ns=2;s=Channel2.RX3i.A128,A128,61278959,2025-02-13 15:46:04.368,16.997,0.0,84.8
18,ns=2;s=Channel2.RX3i.A129,A129,187368378,ns=2;s=Channel2.RX3i.A13,A13,320209870,2025-02-13 15:46:04.368,16.997,0.0,84.8
19,ns=2;s=Channel2.RX3i.A130,A130,194448282,ns=2;s=Channel2.RX3i.A131,A131,67046379,2025-02-13 15:46:04.368,16.997,0.0,84.8
20,ns=2;s=Channel2.RX3i.A132,A132,341115921,ns=2;s=Channel2.RX3i.A133,A133,343872642,2025-02-13 15:46:04.368,16.997,0.0,84.8
21,ns=2;s=Channel2.RX3i.A134,A134,350360798,ns=2;s=Channel2.RX3i.A135,A135,141825340,2025-02-13 15:46:04.368,16.997,100.0,84.8
22,ns=2;s=Channel2.RX3i.A136,A136,144312474,ns=2;s=Channel2.RX3i.A137,A137,223807718,2025-02-13 15:46:04.368,16.997,0.0,84.8
23,ns=2;s=Channel2.RX3i.A138,A138,234687996,ns=2;s=Channel2.RX3i.A139,A139,810684015,2025-02-13 15:46:04.368,16.997,0.0,84.8
24,ns=2;s=Channel2.RX3i.A14,A14,491657353,ns=2;s=Channel2.RX3i.A140,A140,83308996,2025-02-13 15:46:04.368,16.997,0.0,84.9
25,ns=2;s=Channel2.RX3i.A141,A141,422446342,ns=2;s=Channel2.RX3i.A142,A142,511318403,2025-02-13 15:46:04.368,16.997,0.0,84.9
1,ns=2;s=Channel2.RX3i.A1,A1,93782493,ns=2;s=Channel2.RX3i.A10,A10,97256907,2025-02-13 15:46:04.367,16.995,6.3,84.9
2,ns=2;s=Channel2.RX3i.A100,A100,100861446,ns=2;s=Channel2.RX3i.A1000,A1000,104595989,2025-02-13 15:46:04.367,16.995,0.0,84.9
3,ns=2;s=Channel2.RX3i.A101,A101,36308588,ns=2;s=Channel2.RX3i.A102,A102,184812084,2025-02-13 15:46:04.367,16.995,25.0,84.9
4,ns=2;s=Channel2.RX3i.A103,A103,2870,ns=2;s=Channel2.RX3i.A104,A104,191102976,2025-02-13 15:46:04.367,16.995,0.0,84.9
5,ns=2;s=Channel2.RX3i.A105,A105,78121918,ns=2;s=Channel2.RX3i.A106,A106,79430844,2025-02-13 15:46:04.367,16.995,33.3,84.9
6,ns=2;s=Channel2.RX3i.A107,A107,122750178,ns=2;s=Channel2.RX3i.A108,A108,124585836,2025-02-13 15:46:04.367,16.995,20.0,84.9
7,ns=2;s=Channel2.RX3i.A109,A109,425330571,ns=2;s=Channel2.RX3i.A11,A11,431884201,2025-02-13 15:46:04.367,16.995,0.0,84.9
8,ns=2;s=Channel2.RX3i.A110,A110,43653666,ns=2;s=Channel2.RX3i.A111,A111,225182380,2025-02-13 15:46:04.367,16.995,0.0,84.9
9,ns=2;s=Channel2.RX3i.A112,A112,271846814,ns=2;s=Channel2.RX3i.A113,A113,231084138,2025-02-13 15:46:04.367,16.995,100.0,84.9
10,ns=2;s=Channel2.RX3i.A114,A114,234294796,ns=2;s=Channel2.RX3i.A115,A115,238947881,2025-02-13 15:46:04.367,16.995,0.0,84.9
11,ns=2;s=Channel2.RX3i.A116,A116,244846232,ns=2;s=Channel2.RX3i.A117,A117,248123082,2025-02-13 15:46:04.367,16.995,0.0,84.9
12,ns=2;s=Channel2.RX3i.A118,A118,251072247,ns=2;s=Channel2.RX3i.A119,A119,256642892,2025-02-13 15:46:04.367,16.995,0.0,84.9
13,ns=2;s=Channel2.RX3i.A12,A12,52371284,ns=2;s=Channel2.RX3i.A120,A120,265490387,2025-02-13 15:46:04.367,16.995,12.5,84.9
14,ns=2;s=Channel2.RX3i.A121,A121,271716402,ns=2;s=Channel2.RX3i.A122,A122,274665567,2025-02-13 15:46:04.367,16.995,0.0,84.9
15,ns=2;s=Channel2.RX3i.A123,A123,280563897,ns=2;s=Channel2.RX3i.A124,A124,286789912,2025-02-13 15:46:04.367,16.995,0.0,84.9
16,ns=2;s=Channel2.RX3i.A125,A125,292688242,ns=2;s=Channel2.RX3i.A126,A126,295637407,2025-02-13 15:46:04.367,16.995,0.0,84.9
17,ns=2;s=Channel2.RX3i.A127,A127,180097534,ns=2;s=Channel2.RX3i.A128,A128,61278959,2025-02-13 15:46:04.367,16.995,0.0,84.9
18,ns=2;s=Channel2.RX3i.A129,A129,187368378,ns=2;s=Channel2.RX3i.A13,A13,320209870,2025-02-13 15:46:04.367,16.995,14.3,84.9
19,ns=2;s=Channel2.RX3i.A130,A130,194448282,ns=2;s=Channel2.RX3i.A131,A131,67046379,2025-02-13 15:46:04.367,16.995,25.0,84.9
20,ns=2;s=Channel2.RX3i.A132,A132,341115921,ns=2;s=Channel2.RX3i.A133,A133,343872642,2025-02-13 15:46:04.367,16.995,0.0,84.9
21,ns=2;s=Channel2.RX3i.A134,A134,350360798,ns=2;s=Channel2.RX3i.A135,A135,141825340,2025-02-13 15:46:04.367,16.995,0.0,84.9
22,ns=2;s=Channel2.RX3i.A136,A136,144312474,ns=2;s=Channel2.RX3i.A137,A137,223807718,2025-02-13 15:46:04.367,16.995,12.5,84.9
23,ns=2;s=Channel2.RX3i.A138,A138,249433821,ns=2;s=Channel2.RX3i.A139,A139,844762891,2025-02-13 15:46:04.367,16.995,0.0,84.9
24,ns=2;s=Channel2.RX3i.A14,A14,514857392,ns=2;s=Channel2.RX3i.A140,A140,86586296,2025-02-13 15:46:04.367,16.995,25.0,84.9
25,ns=2;s=Channel2.RX3i.A141,A141,440141116,ns=2;s=Channel2.RX3i.A142,A142,532945558,2025-02-13 15:46:04.367,16.995,0.0,84.9
1,ns=2;s=Channel2.RX3i.A1,A1,264832323,ns=2;s=Channel2.RX3i.A10,A10,268308477,2025-02-13 15:46:23.273,18.905,4.9,84.8
2,ns=2;s=Channel2.RX3i.A100,A100,269946906,ns=2;s=Channel2.RX3i.A1000,A1000,273876338,2025-02-13 15:46:23.273,18.905,0.0,84.8
3,ns=2;s=Channel2.RX3i.A101,A101,92737667,ns=2;s=Channel2.RX3i.A102,A102,469566873,2025-02-13 15:46:23.273,18.905,0.0,84.8
4,ns=2;s=Channel2.RX3i.A103,A103,7260,ns=2;s=Channel2.RX3i.A104,A104,481427456,2025-02-13 15:46:23.273,18.905,0.0,84.8
5,ns=2;s=Channel2.RX3i.A105,A105,194387217,ns=2;s=Channel2.RX3i.A106,A106,196611000,2025-02-13 15:46:23.273,18.905,0.0,84.8
6,ns=2;s=Channel2.RX3i.A107,A107,296750028,ns=2;s=Channel2.RX3i.A108,A108,300356070,2025-02-13 15:46:23.273,18.905,0.0,84.8
7,ns=2;s=Channel2.RX3i.A109,A109,1017123360,ns=2;s=Channel2.RX3i.A11,A11,1028919894,2025-02-13 15:46:23.273,18.905,0.0,84.8
8,ns=2;s=Channel2.RX3i.A110,A110,103955986,ns=2;s=Channel2.RX3i.A111,A111,526976581,2025-02-13 15:46:23.273,18.905,14.3,84.8
9,ns=2;s=Channel2.RX3i.A112,A112,637149123,ns=2;s=Channel2.RX3i.A113,A113,538781292,2025-02-13 15:46:23.273,18.905,0.0,84.8
10,ns=2;s=Channel2.RX3i.A114,A114,540352586,ns=2;s=Channel2.RX3i.A115,A115,545005671,2025-02-13 15:46:23.273,18.905,33.3,84.8
11,ns=2;s=Channel2.RX3i.A116,A116,550904022,ns=2;s=Channel2.RX3i.A117,A117,557457722,2025-02-13 15:46:23.273,18.905,0.0,84.8
12,ns=2;s=Channel2.RX3i.A118,A118,563683737,ns=2;s=Channel2.RX3i.A119,A119,566305217,2025-02-13 15:46:23.273,18.905,25.0,84.8
13,ns=2;s=Channel2.RX3i.A12,A12,114377800,ns=2;s=Channel2.RX3i.A120,A120,578101877,2025-02-13 15:46:23.273,18.905,0.0,84.8
14,ns=2;s=Channel2.RX3i.A121,A121,584000207,ns=2;s=Channel2.RX3i.A122,A122,593175387,2025-02-13 15:46:23.273,18.905,33.3,84.8
15,ns=2;s=Channel2.RX3i.A123,A123,596452237,ns=2;s=Channel2.RX3i.A124,A124,602022882,2025-02-13 15:46:23.273,18.905,0.0,84.8
16,ns=2;s=Channel2.RX3i.A125,A125,605299732,ns=2;s=Channel2.RX3i.A126,A126,611198062,2025-02-13 15:46:23.273,18.905,0.0,84.8
17,ns=2;s=Channel2.RX3i.A127,A127,369239240,ns=2;s=Channel2.RX3i.A128,A128,124393016,2025-02-13 15:46:23.273,18.905,0.0,84.8
18,ns=2;s=Channel2.RX3i.A129,A129,376506236,ns=2;s=Channel2.RX3i.A13,A13,635438992,2025-02-13 15:46:23.273,18.905,0.0,84.8
19,ns=2;s=Channel2.RX3i.A130,A130,383784675,ns=2;s=Channel2.RX3i.A131,A131,128915195,2025-02-13 15:46:23.273,18.905,0.0,84.8
20,ns=2;s=Channel2.RX3i.A132,A132,650446785,ns=2;s=Channel2.RX3i.A133,A133,656484132,2025-02-13 15:46:23.273,18.905,0.0,84.8
21,ns=2;s=Channel2.RX3i.A134,A134,662972288,ns=2;s=Channel2.RX3i.A135,A135,266872798,2025-02-13 15:46:23.273,18.905,50.0,84.8
22,ns=2;s=Channel2.RX3i.A136,A136,269357070,ns=2;s=Channel2.RX3i.A137,A137,405671968,2025-02-13 15:46:23.273,18.905,0.0,84.8
23,ns=2;s=Channel2.RX3i.A138,A138,409475175,ns=2;s=Channel2.RX3i.A139,A139,1380194462,2025-02-13 15:46:23.273,18.905,0.0,84.8
24,ns=2;s=Channel2.RX3i.A14,A14,833366402,ns=2;s=Channel2.RX3i.A140,A140,140334016,2025-02-13 15:46:23.273,18.905,12.5,84.8
25,ns=2;s=Channel2.RX3i.A141,A141,705890407,ns=2;s=Channel2.RX3i.A142,A142,852241010,2025-02-13 15:46:23.273,18.905,0.0,84.8
1,ns=2;s=Channel2.RX3i.A1,A1,275449209,ns=2;s=Channel2.RX3i.A10,A10,278925471,2025-02-13 15:46:24.443,20.076,4.8,84.9
2,ns=2;s=Channel2.RX3i.A100,A100,282530010,ns=2;s=Channel2.RX3i.A1000,A1000,286262705,2025-02-13 15:46:24.443,20.076,0.0,84.9
3,ns=2;s=Channel2.RX3i.A101,A101,96276773,ns=2;s=Channel2.RX3i.A102,A102,487589328,2025-02-13 15:46:24.443,20.076,0.0,84.9
4,ns=2;s=Channel2.RX3i.A103,A103,7525,ns=2;s=Channel2.RX3i.A104,A104,496500736,2025-02-13 15:46:24.443,20.076,0.0,84.9
5,ns=2;s=Channel2.RX3i.A105,A105,200285682,ns=2;s=Channel2.RX3i.A106,A106,202771478,2025-02-13 15:46:24.443,20.076,0.0,84.9
6,ns=2;s=Channel2.RX3i.A107,A107,309529678,ns=2;s=Channel2.RX3i.A108,A108,313135785,2025-02-13 15:46:24.443,20.076,0.0,84.9
7,ns=2;s=Channel2.RX3i.A109,A109,1053823688,ns=2;s=Channel2.RX3i.A11,A11,1072173852,2025-02-13 15:46:24.443,20.076,33.3,84.9
8,ns=2;s=Channel2.RX3i.A110,A110,107626562,ns=2;s=Channel2.RX3i.A111,A111,542049907,2025-02-13 15:46:24.443,20.076,0.0,84.9
9,ns=2;s=Channel2.RX3i.A112,A112,652091521,ns=2;s=Channel2.RX3i.A113,A113,550905674,2025-02-13 15:46:24.443,20.076,16.7,84.9
10,ns=2;s=Channel2.RX3i.A114,A114,556081466,ns=2;s=Channel2.RX3i.A115,A115,563683716,2025-02-13 15:46:24.443,20.076,0.0,84.9
11,ns=2;s=Channel2.RX3i.A116,A116,566305217,ns=2;s=Channel2.RX3i.A117,A117,575480397,2025-02-13 15:46:24.443,20.076,0.0,84.9
12,ns=2;s=Channel2.RX3i.A118,A118,578101877,ns=2;s=Channel2.RX3i.A119,A119,584000207,2025-02-13 15:46:24.443,20.076,0.0,84.9
13,ns=2;s=Channel2.RX3i.A12,A12,117851738,ns=2;s=Channel2.RX3i.A120,A120,593175387,2025-02-13 15:46:24.443,20.076,0.0,84.9
14,ns=2;s=Channel2.RX3i.A121,A121,596452237,ns=2;s=Channel2.RX3i.A122,A122,602022882,2025-02-13 15:46:24.443,20.076,33.3,84.9
15,ns=2;s=Channel2.RX3i.A123,A123,605299732,ns=2;s=Channel2.RX3i.A124,A124,611198062,2025-02-13 15:46:24.443,20.076,0.0,84.9
16,ns=2;s=Channel2.RX3i.A125,A125,617096392,ns=2;s=Channel2.RX3i.A126,A126,622994722,2025-02-13 15:46:24.443,20.076,20.0,84.9
17,ns=2;s=Channel2.RX3i.A127,A127,378283438,ns=2;s=Channel2.RX3i.A128,A128,127407810,2025-02-13 15:46:24.443,20.076,0.0,84.9
18,ns=2;s=Channel2.RX3i.A129,A129,385746859,ns=2;s=Channel2.RX3i.A13,A13,653461447,2025-02-13 15:46:24.443,20.076,16.7,84.9
19,ns=2;s=Channel2.RX3i.A130,A130,392828781,ns=2;s=Channel2.RX3i.A131,A131,132585379,2025-02-13 15:46:24.443,20.076,0.0,84.9
20,ns=2;s=Channel2.RX3i.A132,A132,668796921,ns=2;s=Channel2.RX3i.A133,A133,674834492,2025-02-13 15:46:24.443,20.076,0.0,84.9
21,ns=2;s=Channel2.RX3i.A134,A134,678045798,ns=2;s=Channel2.RX3i.A135,A135,273033417,2025-02-13 15:46:24.443,20.076,0.0,84.9
22,ns=2;s=Channel2.RX3i.A136,A136,275386474,ns=2;s=Channel2.RX3i.A137,A137,418648228,2025-02-13 15:46:24.443,20.076,0.0,84.9
23,ns=2;s=Channel2.RX3i.A138,A138,422451501,ns=2;s=Channel2.RX3i.A139,A139,1424103783,2025-02-13 15:46:24.443,20.076,0.0,84.9
24,ns=2;s=Channel2.RX3i.A14,A14,859318988,ns=2;s=Channel2.RX3i.A140,A140,144594506,2025-02-13 15:46:24.443,20.076,0.0,84.9
25,ns=2;s=Channel2.RX3i.A141,A141,730138801,ns=2;s=Channel2.RX3i.A142,A142,881339364,2025-02-13 15:46:24.443,20.076,0.0,84.9
1,ns=2;s=Channel2.RX3i.A1,A1,435292326,ns=2;s=Channel2.RX3i.A10,A10,438770214,2025-02-13 15:46:42.177,18.904,6.3,87.5
2,ns=2;s=Channel2.RX3i.A100,A100,442374753,ns=2;s=Channel2.RX3i.A1000,A1000,446302431,2025-02-13 15:46:42.177,18.904,0.0,87.4
3,ns=2;s=Channel2.RX3i.A101,A101,150215370,ns=2;s=Channel2.RX3i.A102,A102,757270791,2025-02-13 15:46:42.177,18.904,0.0,87.4
4,ns=2;s=Channel2.RX3i.A103,A103,11645,ns=2;s=Channel2.RX3i.A104,A104,769130496,2025-02-13 15:46:42.177,18.904,0.0,87.4
5,ns=2;s=Channel2.RX3i.A105,A105,309341746,ns=2;s=Channel2.RX3i.A106,A106,311825046,2025-02-13 15:46:42.177,18.904,33.3,87.4
6,ns=2;s=Channel2.RX3i.A107,A107,470946488,ns=2;s=Channel2.RX3i.A108,A108,474750027,2025-02-13 15:46:42.177,18.904,0.0,87.4
7,ns=2;s=Channel2.RX3i.A109,A109,1597774978,ns=2;s=Channel2.RX3i.A11,A11,1603673245,2025-02-13 15:46:42.177,18.904,0.0,87.4
8,ns=2;s=Channel2.RX3i.A110,A110,161439828,ns=2;s=Channel2.RX3i.A111,A111,814025137,2025-02-13 15:46:42.177,18.904,12.5,87.4
9,ns=2;s=Channel2.RX3i.A112,A112,981610719,ns=2;s=Channel2.RX3i.A113,A113,828783402,2025-02-13 15:46:42.177,18.904,0.0,87.4
10,ns=2;s=Channel2.RX3i.A114,A114,830353811,ns=2;s=Channel2.RX3i.A115,A115,838283746,2025-02-13 15:46:42.177,18.904,25.0,87.4
11,ns=2;s=Channel2.RX3i.A116,A116,844509782,ns=2;s=Channel2.RX3i.A117,A117,850408112,2025-02-13 15:46:42.177,18.904,16.7,87.4
12,ns=2;s=Channel2.RX3i.A118,A118,856306442,ns=2;s=Channel2.RX3i.A119,A119,862204772,2025-02-13 15:46:42.177,18.904,0.0,87.4
13,ns=2;s=Channel2.RX3i.A12,A12,173565838,ns=2;s=Channel2.RX3i.A120,A120,874656802,2025-02-13 15:46:42.177,18.904,12.5,87.4
14,ns=2;s=Channel2.RX3i.A121,A121,880882817,ns=2;s=Channel2.RX3i.A122,A122,883831982,2025-02-13 15:46:42.177,18.904,0.0,87.4
15,ns=2;s=Channel2.RX3i.A123,A123,890057997,ns=2;s=Channel2.RX3i.A124,A124,892679477,2025-02-13 15:46:42.177,18.904,12.5,87.4
16,ns=2;s=Channel2.RX3i.A125,A125,895956327,ns=2;s=Channel2.RX3i.A126,A126,899233177,2025-02-13 15:46:42.177,18.904,0.0,87.4
17,ns=2;s=Channel2.RX3i.A127,A127,542258680,ns=2;s=Channel2.RX3i.A128,A128,182067336,2025-02-13 15:46:42.177,18.904,0.0,87.4
18,ns=2;s=Channel2.RX3i.A129,A129,549522156,ns=2;s=Channel2.RX3i.A13,A13,923798272,2025-02-13 15:46:42.177,18.904,33.3,87.4
19,ns=2;s=Channel2.RX3i.A130,A130,556605744,ns=2;s=Channel2.RX3i.A131,A131,186523976,2025-02-13 15:46:42.177,18.904,14.3,87.4
20,ns=2;s=Channel2.RX3i.A132,A132,938806065,ns=2;s=Channel2.RX3i.A133,A133,944519247,2025-02-13 15:46:42.177,18.904,0.0,87.4
21,ns=2;s=Channel2.RX3i.A134,A134,948058238,ns=2;s=Channel2.RX3i.A135,A135,379730095,2025-02-13 15:46:42.177,18.904,16.7,87.4
22,ns=2;s=Channel2.RX3i.A136,A136,382211784,ns=2;s=Channel2.RX3i.A137,A137,575149788,2025-02-13 15:46:42.177,18.904,0.0,87.4
23,ns=2;s=Channel2.RX3i.A138,A138,578953857,ns=2;s=Channel2.RX3i.A139,A139,1939219101,2025-02-13 15:46:42.177,18.904,12.5,87.4
24,ns=2;s=Channel2.RX3i.A14,A14,1168783915,ns=2;s=Channel2.RX3i.A140,A140,195654840,2025-02-13 15:46:42.177,18.904,0.0,87.4
25,ns=2;s=Channel2.RX3i.A141,A141,982125490,ns=2;s=Channel2.RX3i.A142,A142,1179794103,2025-02-13 15:46:42.177,18.904,0.0,87.4
1,ns=2;s=Channel2.RX3i.A1,A1,451414264,ns=2;s=Channel2.RX3i.A10,A10,455088927,2025-02-13 15:46:43.727,19.284,6.4,87.5
2,ns=2;s=Channel2.RX3i.A100,A100,458496855,ns=2;s=Channel2.RX3i.A1000,A1000,462424369,2025-02-13 15:46:43.727,19.284,0.0,87.5
3,ns=2;s=Channel2.RX3i.A101,A101,154999717,ns=2;s=Channel2.RX3i.A102,A102,781191504,2025-02-13 15:46:43.727,19.284,20.0,87.5
4,ns=2;s=Channel2.RX3i.A103,A103,12005,ns=2;s=Channel2.RX3i.A104,A104,793051136,2025-02-13 15:46:43.727,19.284,0.0,87.5
5,ns=2;s=Channel2.RX3i.A105,A105,318910367,ns=2;s=Channel2.RX3i.A106,A106,321393448,2025-02-13 15:46:43.727,19.284,0.0,87.5
6,ns=2;s=Channel2.RX3i.A107,A107,485495628,ns=2;s=Channel2.RX3i.A108,A108,487333131,2025-02-13 15:46:43.727,19.284,0.0,87.5
7,ns=2;s=Channel2.RX3i.A109,A109,1639718210,ns=2;s=Channel2.RX3i.A11,A11,1651514744,2025-02-13 15:46:43.727,19.284,0.0,87.5
8,ns=2;s=Channel2.RX3i.A110,A110,166224686,ns=2;s=Channel2.RX3i.A111,A111,838601212,2025-02-13 15:46:43.727,19.284,0.0,87.5
9,ns=2;s=Channel2.RX3i.A112,A112,1011495515,ns=2;s=Channel2.RX3i.A113,A113,850410678,2025-02-13 15:46:43.727,19.284,0.0,87.5
10,ns=2;s=Channel2.RX3i.A114,A114,854930186,ns=2;s=Channel2.RX3i.A115,A115,862204751,2025-02-13 15:46:43.727,19.284,0.0,87.5
11,ns=2;s=Channel2.RX3i.A116,A116,871707637,ns=2;s=Channel2.RX3i.A117,A117,874656802,2025-02-13 15:46:43.727,19.284,0.0,87.5
12,ns=2;s=Channel2.RX3i.A118,A118,880882817,ns=2;s=Channel2.RX3i.A119,A119,883831982,2025-02-13 15:46:43.727,19.284,0.0,87.5
13,ns=2;s=Channel2.RX3i.A12,A12,177236414,ns=2;s=Channel2.RX3i.A120,A120,890057997,2025-02-13 15:46:43.727,19.284,14.3,87.5
14,ns=2;s=Channel2.RX3i.A121,A121,892679477,ns=2;s=Channel2.RX3i.A122,A122,895956327,2025-02-13 15:46:43.727,19.284,16.7,87.5
15,ns=2;s=Channel2.RX3i.A123,A123,899233177,ns=2;s=Channel2.RX3i.A124,A124,905459192,2025-02-13 15:46:43.727,19.284,0.0,87.5
16,ns=2;s=Channel2.RX3i.A125,A125,911357522,ns=2;s=Channel2.RX3i.A126,A126,914306687,2025-02-13 15:46:43.727,19.284,14.3,87.5
17,ns=2;s=Channel2.RX3i.A127,A127,551302878,ns=2;s=Channel2.RX3i.A128,A128,185082130,2025-02-13 15:46:43.727,19.284,0.0,87.5
18,ns=2;s=Channel2.RX3i.A129,A129,558566170,ns=2;s=Channel2.RX3i.A13,A13,941820727,2025-02-13 15:46:43.727,19.284,0.0,87.5
19,ns=2;s=Channel2.RX3i.A130,A130,565649850,ns=2;s=Channel2.RX3i.A131,A131,189604309,2025-02-13 15:46:43.727,19.284,0.0,87.5
20,ns=2;s=Channel2.RX3i.A132,A132,950930262,ns=2;s=Channel2.RX3i.A133,A133,956971277,2025-02-13 15:46:43.727,19.284,14.3,87.5
21,ns=2;s=Channel2.RX3i.A134,A134,960510268,ns=2;s=Channel2.RX3i.A135,A135,386021791,2025-02-13 15:46:43.727,19.284,0.0,87.5
22,ns=2;s=Channel2.RX3i.A136,A136,387192596,ns=2;s=Channel2.RX3i.A137,A137,586356558,2025-02-13 15:46:43.727,19.284,0.0,87.5
23,ns=2;s=Channel2.RX3i.A138,A138,588194574,ns=2;s=Channel2.RX3i.A139,A139,1970021162,2025-02-13 15:46:43.727,19.284,0.0,87.5
24,ns=2;s=Channel2.RX3i.A14,A14,1183726313,ns=2;s=Channel2.RX3i.A140,A140,198080042,2025-02-13 15:46:43.727,19.284,0.0,87.5
25,ns=2;s=Channel2.RX3i.A141,A141,994577368,ns=2;s=Channel2.RX3i.A142,A142,1194736501,2025-02-13 15:46:43.727,19.284,0.0,87.5
1,ns=2;s=Channel2.RX3i.A1,A1,599264232,ns=2;s=Channel2.RX3i.A10,A10,601170900,2025-02-13 15:47:00.278,18.101,8.0,85.8
2,ns=2;s=Channel2.RX3i.A100,A100,602809329,ns=2;s=Channel2.RX3i.A1000,A1000,604769285,2025-02-13 15:47:00.278,18.101,0.0,85.8
3,ns=2;s=Channel2.RX3i.A101,A101,203039804,ns=2;s=Channel2.RX3i.A102,A102,1021381677,2025-02-13 15:47:00.278,18.101,0.0,85.8
4,ns=2;s=Channel2.RX3i.A103,A103,15670,ns=2;s=Channel2.RX3i.A104,A104,1033240576,2025-02-13 15:47:00.278,18.101,12.5,85.8
5,ns=2;s=Channel2.RX3i.A105,A105,413941192,ns=2;s=Channel2.RX3i.A106,A106,416422098,2025-02-13 15:47:00.278,18.101,0.0,85.8
6,ns=2;s=Channel2.RX3i.A107,A107,626268388,ns=2;s=Channel2.RX3i.A108,A108,629679495,2025-02-13 15:47:00.278,18.101,0.0,85.8
7,ns=2;s=Channel2.RX3i.A109,A109,2108958118,ns=2;s=Channel2.RX3i.A11,A11,2114856385,2025-02-13 15:47:00.278,18.101,33.3,85.8
8,ns=2;s=Channel2.RX3i.A110,A110,212565708,ns=2;s=Channel2.RX3i.A111,A111,1069616317,2025-02-13 15:47:00.278,18.101,0.0,85.8
9,ns=2;s=Channel2.RX3i.A112,A112,1288323099,ns=2;s=Channel2.RX3i.A113,A113,1078480134,2025-02-13 15:47:00.278,18.101,12.5,85.8
10,ns=2;s=Channel2.RX3i.A114,A114,1078411356,ns=2;s=Channel2.RX3i.A115,A115,1081098331,2025-02-13 15:47:00.278,18.101,0.0,85.8
11,ns=2;s=Channel2.RX3i.A116,A116,1082736777,ns=2;s=Channel2.RX3i.A117,A117,1084047517,2025-02-13 15:47:00.278,18.101,0.0,85.8
12,ns=2;s=Channel2.RX3i.A118,A118,1085358257,ns=2;s=Channel2.RX3i.A119,A119,1086668997,2025-02-13 15:47:00.278,18.101,0.0,85.8
13,ns=2;s=Channel2.RX3i.A12,A12,217808895,ns=2;s=Channel2.RX3i.A120,A120,1091256587,2025-02-13 15:47:00.278,18.101,12.5,85.8
14,ns=2;s=Channel2.RX3i.A121,A121,1092567327,ns=2;s=Channel2.RX3i.A122,A122,1094205752,2025-02-13 15:47:00.278,18.101,12.5,85.8
15,ns=2;s=Channel2.RX3i.A123,A123,1095516492,ns=2;s=Channel2.RX3i.A124,A124,1096827232,2025-02-13 15:47:00.278,18.101,0.0,85.8
16,ns=2;s=Channel2.RX3i.A125,A125,1098465657,ns=2;s=Channel2.RX3i.A126,A126,1099776397,2025-02-13 15:47:00.278,18.101,12.5,85.8
17,ns=2;s=Channel2.RX3i.A127,A127,659636641,ns=2;s=Channel2.RX3i.A128,A128,220276573,2025-02-13 15:47:00.278,18.101,0.0,85.8
18,ns=2;s=Channel2.RX3i.A129,A129,661589286,ns=2;s=Channel2.RX3i.A13,A13,1105661227,2025-02-13 15:47:00.278,18.101,0.0,85.8
19,ns=2;s=Channel2.RX3i.A130,A130,663168906,ns=2;s=Channel2.RX3i.A131,A131,221718419,2025-02-13 15:47:00.278,18.101,0.0,85.8
20,ns=2;s=Channel2.RX3i.A132,A132,1109855547,ns=2;s=Channel2.RX3i.A133,A133,1110983227,2025-02-13 15:47:00.278,18.101,12.5,85.8
21,ns=2;s=Channel2.RX3i.A134,A134,1112883793,ns=2;s=Channel2.RX3i.A135,A135,445006441,2025-02-13 15:47:00.278,18.101,0.0,85.8
22,ns=2;s=Channel2.RX3i.A136,A136,445520526,ns=2;s=Channel2.RX3i.A137,A137,669129368,2025-02-13 15:47:00.278,18.101,12.5,85.8
23,ns=2;s=Channel2.RX3i.A138,A138,670181361,ns=2;s=Channel2.RX3i.A139,A139,2147428353,2025-02-13 15:47:00.278,18.101,0.0,85.8
24,ns=2;s=Channel2.RX3i.A14,A14,1344160481,ns=2;s=Channel2.RX3i.A140,A140,224493567,2025-02-13 15:47:00.278,18.101,0.0,85.8
25,ns=2;s=Channel2.RX3i.A141,A141,1124666725,ns=2;s=Channel2.RX3i.A142,A142,1348879133,2025-02-13 15:47:00.278,18.101,0.0,85.8
1,ns=2;s=Channel2.RX3i.A1,A1,606342156,ns=2;s=Channel2.RX3i.A10,A10,610018395,2025-02-13 15:47:01.079,17.352,8.2,85.8
2,ns=2;s=Channel2.RX3i.A100,A100,611656824,ns=2;s=Channel2.RX3i.A1000,A1000,613813299,2025-02-13 15:47:01.079,17.352,0.0,85.8
3,ns=2;s=Channel2.RX3i.A101,A101,205399208,ns=2;s=Channel2.RX3i.A102,A102,1033178193,2025-02-13 15:47:01.079,17.352,0.0,85.8
4,ns=2;s=Channel2.RX3i.A103,A103,15815,ns=2;s=Channel2.RX3i.A104,A104,1042743296,2025-02-13 15:47:01.079,17.352,12.5,85.8
5,ns=2;s=Channel2.RX3i.A105,A105,417611348,ns=2;s=Channel2.RX3i.A106,A106,419830022,2025-02-13 15:47:01.079,17.352,0.0,85.8
6,ns=2;s=Channel2.RX3i.A107,A107,631576858,ns=2;s=Channel2.RX3i.A108,A108,635381214,2025-02-13 15:47:01.079,17.352,0.0,85.8
7,ns=2;s=Channel2.RX3i.A109,A109,2127308282,ns=2;s=Channel2.RX3i.A11,A11,2133206549,2025-02-13 15:47:01.079,17.352,22.2,85.8
8,ns=2;s=Channel2.RX3i.A110,A110,213745536,ns=2;s=Channel2.RX3i.A111,A111,1075514575,2025-02-13 15:47:01.079,17.352,0.0,85.8
9,ns=2;s=Channel2.RX3i.A112,A112,1292255309,ns=2;s=Channel2.RX3i.A113,A113,1079790878,2025-02-13 15:47:01.079,17.352,33.3,85.8
10,ns=2;s=Channel2.RX3i.A114,A114,1079722096,ns=2;s=Channel2.RX3i.A115,A115,1082736756,2025-02-13 15:47:01.079,17.352,0.0,85.8
11,ns=2;s=Channel2.RX3i.A116,A116,1084047517,ns=2;s=Channel2.RX3i.A117,A117,1085358257,2025-02-13 15:47:01.079,17.352,0.0,85.8
12,ns=2;s=Channel2.RX3i.A118,A118,1086668997,ns=2;s=Channel2.RX3i.A119,A119,1088307422,2025-02-13 15:47:01.079,17.352,0.0,85.8
13,ns=2;s=Channel2.RX3i.A12,A12,217808895,ns=2;s=Channel2.RX3i.A120,A120,1091256587,2025-02-13 15:47:01.079,17.352,12.5,85.8
14,ns=2;s=Channel2.RX3i.A121,A121,1092567327,ns=2;s=Channel2.RX3i.A122,A122,1094205752,2025-02-13 15:47:01.079,17.352,0.0,85.8
15,ns=2;s=Channel2.RX3i.A123,A123,1095516492,ns=2;s=Channel2.RX3i.A124,A124,1096827232,2025-02-13 15:47:01.079,17.352,12.5,85.8
16,ns=2;s=Channel2.RX3i.A125,A125,1098465657,ns=2;s=Channel2.RX3i.A126,A126,1099776397,2025-02-13 15:47:01.079,17.352,16.7,85.8
17,ns=2;s=Channel2.RX3i.A127,A127,659636641,ns=2;s=Channel2.RX3i.A128,A128,220276573,2025-02-13 15:47:01.079,17.352,0.0,85.8
18,ns=2;s=Channel2.RX3i.A129,A129,661589286,ns=2;s=Channel2.RX3i.A13,A13,1105661227,2025-02-13 15:47:01.079,17.352,0.0,85.8
19,ns=2;s=Channel2.RX3i.A130,A130,663168906,ns=2;s=Channel2.RX3i.A131,A131,221718419,2025-02-13 15:47:01.079,17.352,0.0,85.8
20,ns=2;s=Channel2.RX3i.A132,A132,1109855547,ns=2;s=Channel2.RX3i.A133,A133,1110983227,2025-02-13 15:47:01.079,17.352,12.5,85.8
21,ns=2;s=Channel2.RX3i.A134,A134,1112883793,ns=2;s=Channel2.RX3i.A135,A135,445006441,2025-02-13 15:47:01.079,17.352,0.0,85.8
22,ns=2;s=Channel2.RX3i.A136,A136,445520526,ns=2;s=Channel2.RX3i.A137,A137,669129368,2025-02-13 15:47:01.079,17.352,12.5,85.8
23,ns=2;s=Channel2.RX3i.A138,A138,670181361,ns=2;s=Channel2.RX3i.A139,A139,2147428353,2025-02-13 15:47:01.079,17.352,0.0,85.8
24,ns=2;s=Channel2.RX3i.A14,A14,1344160481,ns=2;s=Channel2.RX3i.A140,A140,224493567,2025-02-13 15:47:01.079,17.352,0.0,85.8
25,ns=2;s=Channel2.RX3i.A141,A141,1124666725,ns=2;s=Channel2.RX3i.A142,A142,1348879133,2025-02-13 15:47:01.079,17.352,0.0,85.8
